soil_moisture_percent,temperature_c,humidity_percent,rainfall_mm,nitrogen_kg_ha,phosphorus_kg_ha,potassium_kg_ha,wind_speed_m_s,crop_type,crop_yield_ton_per_hectare,ldr_value
65.8,33.5,64.4,970.3,42.1,46.6,75.3,4.67,Groundnut,1.35,494
65.1,32.5,50.7,778.8,126.5,40.1,39.3,4.23,Maize,3.69,670
40.5,38.5,56.9,230.6,60.6,25.6,38.3,5.14,Bajra,1.42,602
78.8,23.9,68.4,1557.2,160.2,52.0,86.9,3.25,Rice,5.6,252
65.0,31.8,82.0,1212.2,147.5,49.8,56.9,1.1,Maize,4.08,263
67.1,26.3,81.8,1392.3,130.4,38.6,52.3,3.97,Maize,4.48,161
56.7,22.6,50.1,426.3,153.1,43.2,58.1,3.15,Wheat,5.37,679
55.6,21.2,45.3,712.3,133.8,46.7,40.5,4.8,Wheat,4.3,879
59.2,24.8,61.0,477.8,97.8,44.1,43.1,3.3,Wheat,3.97,507
69.3,27.7,75.2,1354.9,182.7,79.5,50.3,3.52,Rice,5.12,268
83.3,32.3,82.8,1466.9,156.6,35.2,87.7,1.73,Rice,5.88,376
48.9,22.9,66.3,912.5,111.9,49.2,43.5,3.82,Wheat,3.58,542
48.5,17.4,47.5,603.0,26.5,49.0,34.6,5.53,Chickpea,1.52,685
62.9,21.4,72.0,788.2,126.0,66.5,64.0,3.76,Maize,4.82,314
60.3,25.4,68.3,873.7,125.6,38.9,53.3,3.65,Maize,5.83,471
52.2,24.5,74.9,553.7,138.0,45.5,54.5,2.71,Maize,3.81,573
45.9,29.0,55.4,535.7,74.2,43.0,65.0,2.21,Cotton,3.01,410
49.4,27.5,87.6,955.9,41.5,55.9,77.0,3.85,Groundnut,1.93,253
46.9,17.8,41.7,247.8,28.1,55.6,27.7,5.22,Chickpea,1.7,451
65.7,17.3,74.7,787.9,116.5,49.5,45.7,4.85,Wheat,5.04,237
91.8,22.0,84.6,1603.9,133.0,47.9,75.0,0.5,Rice,4.71,0
52.1,23.1,74.9,1270.6,128.1,55.8,42.3,4.12,Maize,5.0,340
65.3,30.6,75.5,1424.3,154.4,54.5,39.8,0.5,Rice,5.59,158
82.7,28.4,75.2,1468.9,199.1,54.3,193.2,3.09,Sugarcane,10.04,393
76.6,25.6,86.2,2070.2,180.5,62.4,111.3,3.74,Rice,4.25,246
72.2,30.7,72.6,1667.8,197.3,52.3,70.0,4.86,Rice,5.48,318
51.1,14.0,65.2,390.3,136.2,48.9,66.7,5.05,Wheat,3.43,172
58.4,28.3,58.5,1190.9,148.4,41.2,50.7,3.47,Maize,4.98,429
37.5,25.9,56.1,807.6,103.7,44.5,67.7,4.32,Cotton,2.63,572
37.2,18.0,53.9,200.4,20.0,38.5,31.4,0.5,Chickpea,1.64,687
73.3,28.5,80.1,1258.4,172.7,36.7,54.3,4.98,Rice,5.75,104
79.4,34.0,82.1,1699.7,160.1,79.6,108.4,4.87,Rice,4.48,206
55.3,18.2,65.5,443.2,119.3,58.5,53.5,4.29,Wheat,4.71,401
72.4,31.1,77.8,2003.8,250.0,108.1,158.7,2.98,Sugarcane,11.58,151
74.9,24.4,80.1,1537.2,39.4,53.9,51.6,3.45,Soybean,1.22,475
83.9,30.1,83.4,1791.3,237.0,90.0,224.3,4.48,Sugarcane,9.8,138
75.6,27.8,78.9,802.3,183.1,41.9,94.4,3.31,Rice,4.37,399
75.2,31.2,88.8,1435.2,158.7,72.3,101.0,3.78,Rice,6.03,403
38.7,35.2,46.0,699.2,50.5,27.1,39.0,4.59,Jowar,1.52,577
55.9,21.4,74.9,475.5,131.8,53.5,40.5,4.07,Maize,4.26,458
61.3,25.7,63.8,1269.1,43.6,60.2,45.1,3.15,Soybean,2.28,478
60.2,22.6,71.4,850.9,160.3,42.8,39.9,5.83,Wheat,4.75,465
55.0,29.5,51.0,692.6,38.9,41.7,74.1,2.04,Groundnut,2.11,442
58.1,24.0,71.7,731.5,144.1,46.3,44.3,2.15,Wheat,3.94,479
55.2,22.3,53.0,229.7,27.4,45.1,35.5,4.09,Chickpea,1.45,883
47.4,32.3,55.3,741.3,66.2,32.5,20.0,4.9,Jowar,1.73,354
74.3,30.1,89.1,1652.6,200.8,53.3,68.8,1.67,Rice,5.6,376
45.5,24.7,64.8,571.6,29.3,44.0,48.2,3.13,Groundnut,2.0,560
69.2,29.3,77.2,1237.2,115.3,66.8,78.9,4.1,Rice,5.04,265
52.2,22.0,60.7,400.1,140.3,42.4,36.6,4.23,Wheat,4.13,905
38.0,38.3,29.3,422.5,57.6,23.6,32.7,6.26,Bajra,1.61,919
82.1,26.6,88.3,1531.1,189.8,33.5,86.4,2.8,Rice,5.63,73
69.7,27.1,81.2,1639.7,189.3,67.8,116.9,2.59,Rice,5.57,304
41.5,34.7,52.9,479.0,58.4,26.1,46.7,4.19,Jowar,1.71,733
58.8,24.7,66.3,495.7,41.0,67.2,54.4,4.34,Groundnut,1.79,510
68.4,32.2,70.2,1084.0,222.6,52.1,120.2,2.95,Rice,4.74,541
54.1,26.5,70.7,803.1,23.5,34.8,83.0,2.62,Groundnut,1.78,456
55.0,27.2,58.8,988.8,44.5,49.4,59.6,8.97,Soybean,2.37,639
40.1,25.7,52.3,493.9,62.3,32.3,42.5,1.94,Jowar,2.3,869
36.5,27.6,40.3,347.1,85.5,30.8,52.5,1.35,Jowar,2.3,639
56.3,23.8,58.0,390.3,149.5,45.1,39.5,3.83,Wheat,4.56,648
91.0,21.3,81.1,1248.0,159.9,38.0,92.5,5.07,Rice,3.95,264
50.6,16.2,63.6,303.8,33.9,48.7,38.5,1.24,Chickpea,1.8,605
41.3,27.4,46.5,249.4,28.9,41.9,66.3,1.28,Groundnut,1.75,531
66.7,25.4,70.9,826.1,120.8,52.4,53.3,4.02,Maize,6.15,372
81.0,29.5,83.6,1778.4,160.4,51.4,71.8,4.92,Rice,5.34,233
41.5,28.8,60.2,859.7,158.0,37.7,79.1,0.87,Cotton,2.66,680
52.2,17.6,55.0,271.6,61.9,39.8,59.6,1.52,Wheat,3.85,831
57.2,33.7,49.2,89.6,128.4,31.2,67.4,1.17,Cotton,1.84,509
64.3,25.4,61.2,700.5,37.4,45.7,63.3,1.42,Soybean,2.62,430
49.1,30.5,77.8,593.8,37.9,57.2,48.2,4.44,Groundnut,2.03,538
43.1,28.7,50.6,1206.4,120.7,34.1,93.9,2.11,Cotton,2.47,263
58.4,27.1,67.9,609.9,35.6,62.8,61.0,2.22,Soybean,2.2,441
62.4,26.8,70.7,545.7,36.8,50.5,58.9,2.08,Soybean,1.81,484
35.3,26.1,60.9,510.2,74.3,24.5,48.0,4.08,Bajra,1.75,775
66.0,19.4,62.5,1217.0,181.2,41.8,65.3,1.41,Maize,4.23,584
70.1,19.1,38.7,606.7,116.4,43.1,42.3,5.19,Wheat,3.8,677
54.8,15.6,94.5,964.2,122.9,49.6,40.3,0.5,Wheat,2.73,221
78.9,27.6,72.9,1285.2,200.4,58.0,89.3,4.58,Rice,6.35,351
71.0,29.5,79.8,1244.9,157.0,58.8,68.8,2.81,Rice,4.73,581
31.1,26.3,62.8,780.1,69.3,29.3,41.9,2.85,Jowar,1.75,465
72.8,30.4,80.9,993.6,142.7,67.6,65.3,2.65,Rice,5.01,319
72.7,25.7,54.9,594.8,158.3,63.2,49.3,4.01,Wheat,3.36,670
73.0,28.4,68.0,1208.8,186.8,64.9,84.2,1.87,Rice,6.09,417
64.8,15.0,68.0,811.1,133.1,41.4,51.5,3.37,Wheat,3.44,456
60.3,24.6,68.4,912.1,46.5,48.7,40.3,3.83,Soybean,2.24,298
74.5,23.5,94.6,1392.1,176.8,49.4,66.5,4.58,Rice,4.69,234
64.5,21.4,69.3,702.9,134.9,49.3,67.0,3.27,Wheat,4.62,421
46.2,30.1,50.4,482.4,52.7,37.2,42.1,3.47,Bajra,2.06,842
44.6,14.0,53.1,241.0,26.1,46.1,34.2,1.65,Chickpea,1.56,772
64.3,30.0,51.4,209.3,42.1,48.9,59.4,2.8,Groundnut,1.49,682
47.2,23.0,64.1,928.5,142.8,47.4,35.7,2.63,Maize,4.91,605
44.0,30.1,65.6,519.6,43.9,35.5,42.3,1.35,Bajra,1.86,490
48.8,28.8,51.3,992.2,92.9,39.1,47.4,5.69,Cotton,2.72,756
59.5,13.9,53.8,314.7,131.2,34.4,59.3,1.12,Wheat,3.89,656
51.5,28.5,73.7,504.6,40.5,58.3,57.8,4.21,Groundnut,2.28,571
76.5,25.7,66.1,839.5,154.4,55.5,48.4,1.04,Maize,5.42,297
37.1,29.5,48.7,680.8,75.8,33.3,62.3,1.79,Jowar,2.28,704
60.9,27.3,80.7,1425.2,177.8,33.0,85.6,4.84,Rice,4.76,57
56.8,19.1,66.7,638.1,120.1,44.0,47.8,0.5,Wheat,4.38,203
54.6,27.1,63.4,1062.8,44.9,63.6,66.4,4.5,Soybean,2.34,443
71.7,26.5,80.5,1484.4,207.8,55.0,75.2,5.02,Rice,6.01,174
79.7,27.3,82.7,1923.2,134.5,62.3,78.0,1.59,Rice,5.13,280
53.0,29.1,57.2,738.0,84.0,35.5,33.9,2.82,Jowar,1.73,928
59.3,29.1,67.0,857.4,36.7,62.2,53.0,0.5,Soybean,2.56,359
73.2,30.2,75.8,2325.1,153.7,47.7,78.4,2.24,Rice,5.07,160
40.8,29.9,37.3,724.9,48.1,26.7,26.0,1.78,Bajra,1.61,756
43.6,17.7,62.1,272.6,31.2,34.0,40.6,4.18,Chickpea,1.8,677
60.8,32.1,57.2,1183.8,163.5,33.2,59.6,3.12,Cotton,2.59,496
56.3,17.2,48.3,444.4,126.6,72.7,48.1,2.96,Wheat,3.57,649
85.4,25.6,76.4,1546.4,211.4,66.9,81.5,6.34,Rice,5.57,443
54.5,12.9,73.3,596.9,137.6,62.7,35.7,4.64,Wheat,3.96,553
52.9,30.7,50.6,572.9,44.9,26.0,45.4,4.52,Bajra,1.6,489
51.4,15.6,50.7,540.5,102.6,39.3,45.0,2.84,Wheat,4.2,640
72.9,26.3,95.3,2437.8,197.2,53.6,102.7,0.5,Rice,4.51,157
32.5,24.5,56.9,304.0,53.6,37.6,35.0,0.57,Jowar,2.04,472
51.6,23.6,66.2,407.6,155.4,43.5,37.3,7.09,Wheat,4.69,592
57.3,30.0,67.7,1112.6,31.9,68.9,56.1,3.29,Soybean,2.12,317
63.9,18.0,46.6,404.3,92.0,35.9,53.2,2.34,Wheat,4.22,848
52.4,14.6,53.4,353.3,24.6,54.0,29.3,2.76,Chickpea,1.6,685
38.1,35.9,60.4,497.1,45.5,11.1,43.0,3.83,Bajra,2.24,599
57.8,12.1,73.0,481.5,115.5,49.1,38.5,2.04,Wheat,3.72,398
37.9,24.8,30.2,286.8,73.1,45.9,54.0,4.24,Jowar,1.82,789
25.3,35.0,36.3,333.0,57.4,25.7,43.0,5.43,Bajra,1.7,460
31.8,28.2,50.3,659.8,132.1,33.2,68.2,1.08,Cotton,2.47,466
43.1,20.5,44.0,593.5,68.8,33.7,46.7,2.75,Jowar,1.56,750
55.0,17.5,62.3,752.4,122.1,49.8,43.3,1.3,Wheat,4.11,208
77.9,31.1,72.8,1431.8,250.0,113.4,213.6,4.4,Sugarcane,8.51,504
62.0,25.7,73.5,1072.2,93.7,44.5,60.3,2.71,Cotton,2.17,140
73.3,26.0,67.1,2225.5,150.5,47.1,108.2,5.01,Rice,4.29,439
66.1,29.8,71.2,1340.0,187.1,46.4,107.4,0.72,Rice,5.73,265
80.8,30.5,62.2,1825.0,176.7,91.3,262.7,5.44,Sugarcane,10.79,525
68.5,28.3,67.2,1205.5,242.0,91.2,236.6,3.52,Sugarcane,10.97,463
85.3,30.7,78.8,1455.8,188.9,67.1,86.9,0.5,Rice,5.51,90
48.6,27.7,59.6,1089.1,49.9,51.3,45.5,3.75,Soybean,2.58,710
60.8,23.7,60.5,456.0,120.6,52.1,35.4,0.5,Wheat,4.02,813
64.9,19.1,37.3,467.4,147.7,51.4,41.6,1.44,Wheat,5.47,740
82.0,30.9,81.4,1934.8,153.3,56.0,81.7,0.5,Rice,5.23,219
64.5,23.6,81.5,1276.0,122.7,50.2,119.0,1.28,Rice,5.01,305
81.3,31.4,76.8,1767.9,151.4,40.2,87.3,5.09,Rice,5.37,156
64.1,14.7,69.2,733.7,125.0,30.0,64.0,1.36,Wheat,3.43,657
49.8,31.2,53.1,376.7,71.0,47.8,38.3,3.28,Jowar,1.84,570
62.5,22.6,80.9,489.8,194.7,58.0,71.8,3.7,Wheat,3.52,419
49.7,24.5,51.0,224.9,28.5,51.7,36.2,4.01,Chickpea,1.46,564
64.0,20.0,72.8,358.9,120.3,61.4,50.8,4.76,Wheat,3.95,409
86.0,28.6,89.6,2500.0,175.5,45.8,80.0,1.14,Rice,4.27,0
23.2,32.2,36.3,315.6,63.8,30.2,32.5,2.38,Jowar,1.97,966
74.1,25.5,82.7,1341.5,197.8,61.6,98.7,5.45,Rice,5.89,290
55.3,22.3,43.6,403.4,30.9,51.3,35.4,4.27,Chickpea,1.76,867
64.5,28.0,66.3,706.0,110.8,44.6,52.7,5.05,Maize,5.03,515
44.3,33.6,48.2,391.6,62.6,26.2,45.7,3.45,Bajra,2.1,580
77.4,22.0,74.9,1174.8,135.0,49.3,49.9,4.73,Maize,3.55,338
83.8,28.9,79.6,2500.0,113.4,60.4,100.3,6.1,Rice,4.21,133
33.6,31.3,54.7,367.5,60.2,23.7,33.9,4.41,Bajra,2.0,645
85.0,25.6,77.0,2203.4,195.0,51.4,101.0,2.67,Rice,5.15,203
43.9,36.4,54.2,348.0,130.2,49.2,75.5,3.36,Cotton,2.13,603
57.4,26.4,70.3,719.2,48.7,52.3,63.6,2.49,Soybean,2.54,266
45.9,27.8,52.7,423.2,124.5,32.2,69.7,1.93,Cotton,2.91,527
73.4,30.2,86.8,1702.3,250.0,52.4,151.3,2.04,Sugarcane,12.0,508
48.2,20.2,72.7,859.4,46.3,67.7,62.6,6.33,Groundnut,1.81,340
46.9,32.0,57.8,724.8,108.1,36.8,61.6,1.44,Cotton,2.93,413
45.9,25.0,51.1,554.6,39.9,76.2,55.9,3.84,Groundnut,2.12,700
69.8,29.3,69.1,1834.6,143.9,45.0,77.8,5.18,Rice,5.17,571
85.6,21.7,88.6,2272.5,143.4,45.1,90.2,1.11,Rice,3.01,0
43.2,27.7,56.1,267.3,64.1,34.0,37.5,4.09,Jowar,1.82,613
31.1,33.9,25.3,359.8,68.3,29.7,37.6,3.63,Bajra,1.95,728
87.4,29.0,87.6,2271.5,197.0,42.0,116.9,2.53,Rice,4.06,0
82.3,26.8,83.0,1777.8,166.5,44.5,101.5,1.11,Rice,5.31,381
43.4,24.3,55.5,259.7,69.0,30.2,37.1,5.44,Jowar,1.42,647
76.0,23.1,76.6,2229.0,126.8,76.7,105.2,2.12,Rice,5.52,272
70.8,30.1,70.3,809.3,163.8,30.3,61.8,3.14,Maize,4.36,352
46.8,20.6,40.5,482.8,34.0,41.7,37.0,6.89,Chickpea,1.75,799
43.8,29.0,48.5,924.7,84.6,36.1,77.6,2.59,Cotton,3.11,539
91.5,30.6,85.5,2500.0,204.9,68.7,203.3,0.9,Sugarcane,8.17,168
51.3,28.6,55.6,452.6,137.3,43.8,58.3,0.64,Maize,5.03,455
25.2,34.6,56.3,458.8,66.1,27.2,43.7,6.02,Bajra,1.66,433
83.1,26.5,81.7,841.7,169.5,62.3,82.6,4.55,Rice,5.73,585
55.5,26.8,69.2,507.6,24.2,52.5,49.0,3.0,Soybean,2.06,437
73.1,28.7,75.6,1630.0,195.9,47.0,163.5,2.32,Rice,5.66,376
68.8,28.0,59.4,1243.5,127.2,40.3,60.2,1.25,Maize,4.09,493
52.3,18.7,68.5,874.6,134.5,34.5,42.2,3.75,Wheat,4.0,406
32.2,32.2,55.1,557.9,61.3,27.1,47.2,2.63,Bajra,1.87,539
35.9,31.2,52.5,163.9,61.3,22.9,49.6,2.56,Bajra,1.93,781
72.9,22.6,73.0,1194.1,154.2,78.0,102.5,3.53,Rice,4.64,353
70.9,25.2,66.3,1845.2,216.0,33.7,188.4,2.73,Sugarcane,9.17,348
53.5,33.8,48.7,691.1,136.8,26.7,62.8,1.52,Cotton,2.58,653
62.0,24.7,47.1,367.0,102.9,46.5,55.8,4.74,Wheat,3.85,880
45.9,30.0,60.6,385.9,62.4,30.9,51.5,3.09,Jowar,2.33,703
52.7,21.6,71.9,258.8,47.3,73.3,67.5,1.35,Soybean,1.63,585
62.0,24.3,67.3,798.4,42.1,62.0,49.7,6.04,Soybean,2.25,406
51.7,18.3,62.2,755.1,120.0,44.9,49.2,3.0,Wheat,4.28,325
77.2,36.1,73.0,1853.6,171.0,88.6,205.5,3.98,Sugarcane,7.99,470
58.3,28.6,76.5,654.3,39.0,58.0,56.4,3.57,Soybean,2.01,590
75.7,30.1,82.2,1218.2,245.5,92.0,252.4,3.78,Sugarcane,10.18,309
54.8,16.8,45.3,970.9,161.9,48.5,40.7,0.93,Wheat,4.38,725
68.5,31.1,65.0,525.7,30.8,58.0,69.9,4.66,Soybean,2.0,667
73.7,16.2,58.9,524.8,98.0,35.3,54.2,4.06,Wheat,4.05,722
72.9,24.6,71.7,1413.6,250.0,89.2,228.4,4.85,Sugarcane,9.77,526
62.4,29.7,66.4,748.2,37.2,55.2,64.1,4.73,Groundnut,2.21,436
63.1,27.4,70.2,842.6,81.1,34.0,64.8,2.5,Cotton,2.22,700
77.5,28.7,71.0,1777.6,154.7,49.1,72.5,3.69,Rice,6.14,152
64.3,22.2,70.6,1142.9,35.7,49.8,64.2,4.3,Soybean,2.1,558
62.6,19.1,52.2,383.8,157.7,58.5,30.9,4.95,Wheat,4.05,737
84.4,28.5,81.3,2256.3,232.0,60.4,68.7,2.14,Rice,5.27,367
59.1,14.6,57.9,635.3,118.0,47.3,54.0,6.3,Wheat,3.58,878
68.5,18.3,62.2,673.8,157.6,45.1,37.7,0.92,Wheat,4.31,779
59.0,21.8,64.0,282.2,171.1,53.3,56.9,1.66,Wheat,4.16,407
91.2,29.3,89.7,1716.3,146.0,49.7,102.0,0.5,Rice,4.72,0
72.9,24.2,69.5,860.2,42.6,62.9,41.8,3.98,Soybean,2.02,595
65.5,20.7,58.0,555.3,98.6,50.5,54.4,2.42,Wheat,4.82,439
68.7,22.8,64.1,601.1,111.8,50.2,42.2,2.76,Wheat,3.91,542
48.3,34.8,49.4,750.7,97.6,44.5,86.9,3.26,Cotton,2.62,767
58.5,22.5,52.6,527.0,125.7,47.6,67.3,2.46,Maize,4.94,385
69.8,25.6,73.5,1446.4,187.3,57.9,76.6,6.52,Rice,4.86,39
82.6,31.0,76.5,2333.7,250.0,87.3,180.6,1.04,Sugarcane,9.74,292
55.6,12.5,72.4,744.1,97.4,50.7,40.9,6.46,Wheat,3.87,467
55.2,16.6,54.9,631.2,158.2,69.6,58.7,2.81,Wheat,5.19,572
85.6,28.9,77.2,1376.2,164.0,55.4,118.6,4.06,Rice,6.07,354
62.9,18.3,64.9,611.9,131.5,57.7,50.5,5.23,Wheat,3.86,403
44.3,19.9,59.9,763.7,42.1,64.5,75.0,2.51,Groundnut,1.83,321
59.6,15.3,51.2,193.1,160.6,27.7,44.0,2.2,Wheat,3.61,663
72.6,24.6,62.5,1013.2,143.9,49.9,49.5,4.66,Maize,4.86,353
81.9,33.9,79.8,1874.3,181.8,49.6,90.1,2.85,Rice,3.8,22
40.3,29.0,43.6,484.8,37.4,59.4,66.3,0.5,Groundnut,2.14,787
62.5,18.9,74.9,623.8,61.2,51.1,44.6,3.54,Wheat,4.91,447
63.1,23.9,67.2,469.8,123.1,62.0,48.3,3.2,Wheat,4.25,599
48.9,18.1,43.5,417.4,35.8,49.9,40.6,4.13,Chickpea,1.67,563
62.6,25.5,68.7,957.8,44.8,43.3,65.0,3.46,Soybean,2.36,360
25.6,29.2,55.8,444.4,59.1,25.6,39.1,3.62,Jowar,2.0,472
82.4,21.0,61.1,1638.8,154.6,46.4,49.0,5.19,Maize,3.5,298
82.5,25.7,73.9,1473.5,172.9,62.9,193.0,1.34,Sugarcane,9.9,390
52.4,28.6,76.0,743.8,47.2,59.1,49.9,2.64,Soybean,2.41,311
54.3,16.1,45.3,516.0,152.3,24.4,60.3,1.38,Wheat,4.45,749
56.1,30.8,59.0,803.8,51.1,58.9,71.4,3.58,Groundnut,1.84,610
78.4,22.1,79.9,534.0,197.4,39.3,73.7,3.18,Maize,3.96,743
84.0,28.3,80.6,1562.7,189.5,46.7,92.3,2.56,Rice,5.96,88
45.2,30.3,59.7,843.5,39.9,41.7,74.4,5.16,Groundnut,2.02,685
66.4,29.9,83.1,1541.8,162.7,55.3,66.2,4.54,Rice,5.99,276
84.8,27.7,91.4,1518.0,207.2,42.6,86.3,2.71,Rice,5.62,240
73.9,29.4,75.2,1233.2,153.7,64.0,75.7,6.23,Rice,5.42,154
90.0,32.2,81.5,611.3,199.5,52.8,76.5,4.75,Rice,3.67,336
53.2,23.5,72.5,516.5,99.0,51.6,48.9,0.51,Wheat,3.89,604
49.3,35.1,48.5,573.1,60.3,32.6,38.7,3.79,Jowar,1.46,652
38.7,18.3,46.7,257.7,31.4,55.5,22.9,4.15,Chickpea,1.9,725
57.4,26.6,65.0,492.1,74.1,45.3,47.9,2.96,Wheat,4.1,505
47.8,16.6,48.4,291.5,20.0,40.8,23.9,3.31,Chickpea,1.62,876
37.9,35.5,37.4,416.5,78.9,37.4,38.2,2.98,Bajra,1.8,752
56.8,23.7,63.1,731.0,115.7,65.4,39.2,0.5,Wheat,4.41,194
59.9,25.1,65.6,982.0,29.6,62.7,54.3,0.92,Groundnut,1.78,376
34.1,19.8,41.7,304.5,28.5,26.0,30.1,2.85,Chickpea,1.55,434
62.3,35.6,51.1,538.2,130.3,43.0,65.4,3.92,Cotton,1.88,146
77.8,29.1,77.2,1743.2,199.2,92.1,176.9,0.5,Sugarcane,12.0,225
79.2,23.9,78.7,1984.6,150.1,64.0,113.6,3.19,Rice,4.91,479
73.3,30.6,78.9,1451.0,223.0,61.8,161.7,3.97,Sugarcane,9.75,335
44.3,24.8,68.9,498.7,32.9,51.7,69.3,2.37,Groundnut,1.72,337
52.1,25.0,59.2,624.3,131.9,38.5,54.2,4.18,Wheat,3.13,433
85.7,25.6,69.7,1552.9,102.3,55.8,82.3,0.5,Rice,4.8,556
73.7,33.9,78.5,1579.3,204.7,59.1,72.1,3.62,Rice,6.09,341
91.6,26.3,84.2,2002.8,173.3,49.7,68.5,0.5,Rice,4.26,246
42.0,16.6,52.5,196.3,35.1,51.2,29.0,0.96,Chickpea,1.55,671
62.8,27.2,74.9,1552.3,39.0,42.3,43.4,2.97,Soybean,1.96,350
51.4,27.8,62.6,812.0,149.4,47.9,42.4,2.3,Maize,5.47,653
63.8,30.6,67.4,938.9,182.6,49.9,53.6,0.75,Maize,4.77,560
50.3,29.2,60.9,350.2,40.5,46.3,55.1,3.96,Groundnut,1.87,633
46.5,21.8,39.0,429.7,25.5,36.9,38.6,2.97,Chickpea,1.98,582
41.5,26.2,43.6,615.3,56.4,27.1,30.6,2.08,Jowar,1.81,773
64.1,20.3,58.7,491.2,130.0,52.7,41.0,2.37,Wheat,4.4,493
89.0,30.3,85.0,1949.0,173.7,44.4,66.1,3.54,Rice,5.03,409
56.0,15.3,65.2,313.6,103.0,46.4,55.6,4.3,Wheat,4.35,374
63.8,31.1,40.3,655.8,39.2,58.5,64.9,3.1,Soybean,1.91,690
45.6,31.1,39.6,425.9,60.9,38.0,42.0,5.38,Bajra,2.22,739
38.0,14.9,41.7,43.5,34.7,43.8,35.5,1.8,Chickpea,1.41,560
43.2,21.3,64.3,248.2,26.1,49.3,31.4,3.66,Chickpea,2.04,853
64.5,25.5,66.8,871.2,111.8,58.6,46.9,3.75,Maize,5.34,714
69.9,28.0,88.9,1424.7,90.0,45.2,88.9,2.09,Rice,5.98,194
66.5,25.8,67.6,1316.2,37.3,70.9,56.6,4.65,Soybean,2.01,545
59.6,23.9,57.6,865.5,149.8,54.1,39.0,0.5,Wheat,3.62,619
34.0,35.7,53.5,548.5,52.5,31.7,36.3,4.8,Bajra,1.73,226
59.8,18.4,64.0,720.6,119.0,53.5,33.8,2.75,Wheat,4.78,568
61.1,26.6,60.0,767.0,119.4,51.5,60.3,3.21,Maize,6.27,545
76.0,25.8,75.3,1318.9,183.9,54.5,73.9,0.5,Rice,5.94,381
51.8,16.7,59.0,749.3,30.4,50.0,33.2,4.4,Chickpea,1.42,397
45.0,35.3,62.1,1040.7,115.0,32.3,83.6,2.33,Cotton,2.69,461
35.7,31.5,48.6,573.0,88.3,36.2,38.4,6.64,Jowar,2.11,636
48.8,21.0,54.6,259.8,33.8,49.9,24.8,2.8,Chickpea,1.81,842
39.9,32.4,53.0,462.0,101.8,44.4,66.4,5.28,Cotton,2.68,697
71.7,25.9,82.3,1230.4,128.0,48.3,48.0,0.5,Rice,5.8,328
42.6,27.6,51.4,217.0,70.5,29.8,29.3,5.24,Jowar,1.97,922
83.9,24.1,71.3,1453.4,141.5,59.6,85.4,4.7,Rice,5.41,295
47.8,19.4,60.2,318.7,166.2,44.4,34.2,2.07,Wheat,4.85,549
59.0,26.0,63.3,1311.5,37.2,61.1,69.1,2.03,Soybean,2.01,178
47.8,23.4,68.0,553.5,108.9,59.1,45.1,2.28,Wheat,4.72,762
61.8,22.3,53.1,616.1,162.8,48.6,40.7,0.5,Wheat,4.94,775
72.1,32.8,73.4,882.3,225.0,35.4,112.9,3.84,Rice,4.54,578
73.9,29.8,71.7,2044.2,165.6,113.0,195.6,5.83,Sugarcane,9.47,415
52.3,23.5,47.2,221.6,114.0,54.7,41.1,5.51,Wheat,4.16,730
66.3,25.1,68.1,913.6,61.4,51.5,44.2,5.14,Soybean,2.47,506
61.4,31.4,64.3,876.3,163.0,52.3,37.0,3.73,Maize,5.79,468
73.1,31.5,84.9,2130.9,165.3,47.9,83.6,4.31,Rice,4.27,192
28.0,32.9,42.8,336.4,57.8,32.7,30.1,5.14,Bajra,2.11,738
23.4,30.5,44.3,257.7,68.5,28.1,36.4,4.99,Bajra,1.98,962
36.2,33.7,63.4,225.5,70.3,35.1,21.2,4.77,Jowar,1.58,682
61.5,32.9,76.5,888.4,36.5,74.9,61.6,2.16,Groundnut,1.95,402
40.3,28.3,52.6,320.9,55.8,26.7,40.7,6.89,Bajra,1.74,575
41.9,30.0,62.8,406.9,67.9,28.4,32.5,3.71,Jowar,2.33,480
79.0,23.7,80.1,1420.9,141.1,70.4,86.2,3.04,Rice,5.05,571
46.1,30.6,52.6,567.1,57.7,27.7,54.0,4.83,Bajra,1.72,714
83.8,28.6,83.0,1931.0,136.4,60.2,84.3,3.94,Rice,5.9,263
42.0,28.8,50.4,561.3,48.0,39.7,36.0,5.54,Jowar,1.97,599
46.1,22.1,54.4,656.7,158.7,43.9,59.5,4.08,Wheat,4.41,439
72.9,27.2,76.8,1216.9,195.0,67.6,84.6,3.78,Rice,5.27,359
92.0,25.3,83.6,1775.1,153.8,77.1,56.5,6.09,Rice,4.63,399
66.9,21.8,60.4,517.5,93.0,41.7,52.8,4.05,Wheat,4.5,522
66.7,22.3,72.3,441.4,93.4,59.3,48.5,2.02,Maize,4.11,464
78.0,22.9,84.7,1262.0,157.1,72.5,97.8,0.5,Rice,6.38,275
55.7,28.7,60.2,960.7,46.6,73.4,48.8,2.91,Soybean,2.38,545
51.8,27.6,54.6,538.9,138.9,36.1,45.0,5.8,Cotton,2.26,377
56.4,26.1,54.1,809.2,40.3,54.7,78.0,4.23,Groundnut,2.42,558
48.8,21.2,33.6,241.8,67.8,28.7,39.9,1.62,Bajra,1.28,661
57.1,31.5,45.2,893.5,103.8,28.7,98.9,4.11,Cotton,2.98,788
89.5,24.5,81.4,1284.4,194.3,41.8,97.8,3.63,Rice,5.34,210
38.6,32.1,54.7,232.0,52.7,31.8,32.2,5.81,Bajra,1.53,749
80.2,25.7,82.9,1905.9,154.0,75.2,108.8,4.36,Rice,5.01,491
80.6,25.3,80.7,1937.5,94.9,58.6,82.4,4.86,Rice,4.02,217
42.1,34.8,43.2,551.4,43.8,26.3,44.1,2.84,Bajra,1.9,610
48.2,31.6,52.1,829.1,97.6,46.4,53.3,2.49,Cotton,2.75,637
49.8,20.7,52.7,459.5,115.2,48.9,54.5,2.9,Wheat,4.83,647
76.5,24.8,87.5,1502.7,131.4,48.1,90.6,2.83,Rice,6.05,113
70.3,25.3,69.1,1746.1,216.4,67.3,101.3,3.61,Rice,5.85,434
81.1,24.3,89.8,1979.9,146.6,74.3,48.8,0.95,Rice,5.53,523
77.4,24.2,83.7,1506.5,182.8,30.9,124.0,0.82,Rice,5.3,250
59.5,19.1,62.2,397.9,139.4,53.2,52.9,1.76,Wheat,3.83,552
41.2,13.6,68.0,403.1,32.0,36.1,40.8,0.93,Chickpea,1.57,376
89.6,35.2,74.8,1910.0,145.4,53.1,108.3,3.61,Rice,2.98,355
42.0,25.3,55.8,894.1,43.3,63.5,66.5,3.98,Groundnut,2.01,378
65.8,25.8,76.0,857.3,172.7,49.2,88.1,1.77,Rice,5.25,247
45.3,21.2,74.2,166.8,128.5,41.5,45.0,1.15,Wheat,3.94,718
28.6,31.8,52.0,300.9,61.3,21.0,42.7,3.88,Jowar,1.81,531
39.1,30.3,40.8,523.6,122.9,42.6,57.8,4.08,Cotton,2.81,890
85.8,23.7,69.1,1009.3,156.5,64.0,83.0,3.43,Rice,4.59,689
58.3,29.4,54.1,833.0,46.7,67.6,61.3,2.14,Soybean,2.39,632
41.7,26.8,53.2,448.7,108.3,23.1,48.6,6.09,Cotton,2.69,731
39.0,25.5,60.5,656.9,35.8,42.9,57.9,4.19,Groundnut,1.68,867
62.8,26.9,81.1,953.9,115.4,61.1,92.0,5.48,Rice,4.74,339
43.1,26.6,77.0,273.3,211.8,46.2,54.1,7.28,Maize,3.39,392
59.8,28.6,76.4,1408.1,29.2,62.6,62.6,1.19,Groundnut,1.84,140
34.6,29.5,40.7,540.6,62.5,38.3,31.9,5.64,Bajra,1.74,728
80.1,32.7,75.8,1586.4,154.0,54.8,86.3,3.99,Rice,4.53,563
66.4,27.4,63.6,768.6,176.8,54.6,60.5,3.88,Maize,6.28,675
44.8,22.6,60.1,511.6,132.7,42.1,52.2,2.09,Wheat,4.54,440
67.5,29.3,82.0,1193.3,193.5,47.3,86.9,4.88,Rice,5.6,203
47.6,31.0,50.0,690.0,40.0,40.2,75.6,1.67,Groundnut,2.0,562
76.5,22.8,98.0,1953.6,193.7,52.3,81.9,3.41,Rice,5.38,219
59.2,24.6,63.7,1165.9,150.9,29.2,40.6,4.72,Maize,4.74,443
35.4,20.8,52.9,205.9,27.6,31.5,38.4,3.87,Chickpea,1.58,709
41.6,23.7,60.4,250.1,26.4,55.1,40.8,2.83,Chickpea,1.65,662
50.3,28.6,54.1,1163.5,115.1,37.3,70.5,0.91,Cotton,2.45,504
67.9,29.2,78.9,1164.8,157.4,48.8,86.1,3.45,Cotton,2.31,354
76.8,25.8,72.7,1078.0,104.6,50.8,39.1,0.91,Maize,5.04,448
52.3,26.5,57.9,835.6,150.3,47.7,44.3,4.73,Wheat,3.34,549
37.3,18.1,54.2,325.6,26.7,39.5,31.3,5.19,Chickpea,1.79,731
38.7,24.4,69.5,307.6,58.6,30.3,42.7,3.86,Bajra,1.81,829
30.9,33.5,48.5,217.0,64.5,34.5,42.1,4.17,Jowar,1.78,796
60.9,24.0,67.4,698.6,41.4,52.2,51.7,5.38,Soybean,2.09,514
41.8,23.7,47.1,292.0,20.0,52.9,32.2,3.67,Chickpea,1.52,445
62.4,23.5,61.6,672.4,153.1,38.8,55.4,3.48,Wheat,4.71,614
39.7,30.7,56.9,448.7,100.0,23.5,55.0,4.28,Cotton,3.02,316
24.2,29.1,47.8,393.3,48.4,25.8,43.5,2.3,Bajra,1.94,472
55.4,14.8,61.8,551.4,154.8,65.7,36.2,0.97,Wheat,4.17,700
70.7,29.1,84.6,1574.3,187.0,57.8,155.6,2.53,Sugarcane,10.9,387
61.3,27.3,61.0,1091.4,141.5,44.6,50.1,4.9,Maize,5.45,482
64.1,28.6,55.3,638.7,131.5,45.1,53.1,5.06,Maize,5.66,342
49.8,18.0,70.1,427.5,146.0,47.2,46.5,3.38,Wheat,4.55,461
68.5,26.1,61.9,596.7,148.8,40.5,64.4,1.77,Maize,5.69,456
59.5,14.0,55.9,274.2,124.4,39.9,54.7,3.24,Wheat,3.41,745
40.3,27.7,62.4,771.0,43.5,53.2,70.2,5.01,Groundnut,2.61,885
36.2,26.0,46.5,740.2,31.3,52.5,53.9,3.12,Groundnut,1.86,693
82.3,32.7,76.2,2308.8,234.9,78.6,175.6,0.82,Sugarcane,9.28,135
43.5,15.2,68.1,807.4,122.4,46.6,30.8,4.14,Wheat,3.75,304
61.9,24.1,69.2,658.1,121.6,41.3,46.6,3.05,Wheat,3.97,488
46.3,32.2,71.9,558.4,28.2,28.4,34.7,7.32,Bajra,1.6,461
65.4,13.4,43.8,485.8,133.3,56.3,40.8,5.0,Wheat,3.72,528
79.4,23.7,85.9,2500.0,138.4,49.9,78.5,1.54,Rice,4.22,206
57.2,17.4,65.9,633.7,133.4,58.2,28.8,5.06,Wheat,4.23,347
70.1,29.7,79.8,950.8,173.3,76.4,60.0,1.59,Rice,5.46,551
35.7,27.6,69.5,964.3,39.5,28.1,37.7,1.04,Jowar,1.67,620
28.9,14.1,42.9,697.1,20.0,32.9,27.1,2.22,Chickpea,1.2,858
24.4,26.2,52.8,323.2,62.4,32.2,31.5,0.5,Bajra,1.39,589
56.6,20.3,59.5,682.6,105.4,41.9,60.8,2.86,Wheat,4.64,649
46.2,27.2,80.3,836.3,42.7,43.3,79.8,4.4,Groundnut,1.99,369
41.6,29.4,64.1,74.4,53.9,33.7,57.7,4.49,Jowar,1.7,549
53.2,28.8,58.9,428.2,31.5,80.0,83.5,2.22,Groundnut,1.81,553
54.4,19.2,49.6,406.0,114.2,47.4,60.8,2.89,Wheat,5.28,475
47.7,27.1,68.5,636.0,58.1,72.0,64.9,3.99,Soybean,2.07,281
80.0,26.1,84.4,1539.3,154.6,45.7,95.2,2.49,Rice,5.05,405
89.5,26.6,75.7,1892.9,139.8,59.5,126.5,1.56,Rice,5.79,271
69.0,30.9,73.9,1141.7,250.0,83.7,188.6,1.75,Sugarcane,8.01,433
48.1,27.6,65.1,642.9,32.6,45.1,58.1,0.95,Groundnut,2.23,686
47.8,26.6,66.9,798.9,57.6,43.4,20.9,6.44,Jowar,1.72,228
66.7,23.0,69.6,732.7,135.3,43.9,42.7,8.8,Maize,5.4,362
35.5,25.2,39.8,309.2,53.3,27.5,38.1,1.36,Jowar,1.76,778
36.9,33.3,46.9,248.3,72.4,30.3,31.6,1.89,Bajra,1.82,773
40.7,17.5,41.6,6.5,31.5,39.7,41.5,0.55,Chickpea,1.39,711
59.2,24.6,79.4,912.3,164.7,44.8,57.1,2.6,Maize,5.45,546
80.3,27.8,64.6,814.0,129.6,63.1,78.0,4.9,Rice,4.42,545
28.0,35.0,49.2,701.0,66.1,38.0,39.7,3.52,Bajra,1.47,456
47.3,17.5,51.7,101.9,33.2,51.2,39.2,3.85,Chickpea,1.45,551
67.5,25.1,69.3,1208.1,159.9,34.9,56.3,2.1,Maize,4.58,551
40.5,27.2,36.7,490.9,55.5,21.9,31.6,4.23,Jowar,2.14,824
45.0,23.9,65.7,527.4,141.1,69.9,35.9,0.89,Wheat,3.8,246
52.2,28.1,64.6,865.0,37.9,44.2,80.9,6.76,Groundnut,2.0,715
71.6,27.4,80.3,1725.0,144.8,39.3,83.1,4.33,Rice,6.23,382
86.6,21.4,76.9,1623.6,228.1,49.5,86.3,3.73,Rice,4.14,530
59.4,18.6,63.2,377.7,125.3,46.1,51.6,3.93,Wheat,4.41,519
80.7,21.0,75.1,1492.8,182.1,35.8,107.8,0.5,Rice,4.2,304
48.3,21.3,59.2,507.4,30.1,44.9,42.0,3.41,Chickpea,1.6,419
41.9,31.2,56.7,932.2,122.1,32.2,53.1,4.29,Cotton,2.69,952
48.6,23.0,58.5,414.6,147.0,38.2,91.7,2.96,Maize,3.62,583
78.5,31.5,87.4,1787.6,142.9,52.1,55.8,0.9,Rice,4.6,486
83.3,27.0,76.6,1278.1,118.1,36.6,72.9,1.93,Rice,4.7,263
26.0,27.8,44.4,13.1,65.0,27.9,53.0,4.65,Bajra,1.59,778
77.5,26.5,56.6,648.4,112.9,55.7,43.0,2.2,Maize,4.32,336
31.3,31.5,54.4,520.7,59.2,33.5,42.6,1.7,Bajra,1.88,568
67.5,27.4,61.8,790.7,174.4,74.1,48.4,1.84,Maize,5.3,690
37.6,31.0,43.2,432.6,67.2,38.0,59.0,0.5,Jowar,1.98,523
57.9,28.1,59.4,841.8,108.1,53.9,50.0,0.78,Maize,4.02,716
54.6,30.1,65.1,771.0,42.9,43.4,53.3,0.89,Soybean,1.91,566
65.9,27.0,73.7,441.8,146.5,56.0,47.7,2.18,Maize,4.84,327
45.7,33.0,65.9,296.2,38.0,62.6,54.5,0.66,Groundnut,1.5,490
55.4,25.4,53.7,783.0,46.2,61.4,58.6,1.25,Groundnut,1.87,530
71.0,32.7,83.5,2295.0,225.6,73.0,178.4,4.08,Sugarcane,7.48,209
28.9,28.4,56.6,469.9,59.8,30.9,45.9,1.25,Jowar,1.99,534
75.1,27.7,71.4,1201.0,175.9,89.5,161.2,2.8,Sugarcane,9.74,283
43.3,29.3,57.7,282.1,65.4,37.6,41.9,2.27,Jowar,2.17,585
47.0,28.4,46.3,812.6,78.3,33.0,67.6,1.51,Cotton,2.91,493
76.7,29.5,85.1,1731.5,197.6,58.0,75.0,1.69,Rice,6.28,59
64.9,23.4,61.0,766.6,45.3,66.0,42.5,5.27,Soybean,2.33,539
66.9,27.8,56.6,908.9,123.2,48.2,74.7,0.78,Maize,5.61,700
76.2,30.4,74.0,1136.9,38.6,58.0,54.5,2.55,Soybean,1.81,162
38.0,30.7,68.9,641.9,69.7,41.1,47.2,3.56,Bajra,1.83,501
58.6,21.8,64.1,894.7,41.6,63.4,35.7,5.1,Soybean,1.98,405
70.3,26.7,48.4,598.4,149.5,47.5,65.9,1.48,Maize,5.1,511
39.7,20.8,57.4,323.6,34.5,38.0,34.8,0.5,Chickpea,1.57,762
46.6,16.3,69.0,444.9,29.2,44.8,30.1,5.83,Chickpea,1.68,445
38.2,28.6,62.0,251.6,131.0,41.5,61.8,6.28,Cotton,2.45,836
50.6,23.0,50.7,879.1,128.5,42.8,33.9,6.17,Maize,5.27,491
51.2,28.7,64.4,613.1,134.3,49.8,65.5,4.4,Maize,4.99,600
38.7,34.0,53.4,138.2,42.3,41.1,39.6,3.34,Bajra,1.43,645
71.6,31.0,64.3,806.9,143.2,53.0,59.0,5.4,Maize,4.8,399
41.4,27.3,47.0,1009.8,155.1,40.7,63.9,3.22,Cotton,2.77,715
56.7,28.4,66.8,1031.8,123.0,50.5,51.6,1.42,Cotton,2.82,444
45.1,22.6,58.2,454.9,34.8,40.0,45.3,1.17,Chickpea,1.64,701
60.0,19.3,65.8,633.3,117.4,70.4,52.0,2.89,Wheat,4.96,519
78.7,27.7,68.9,1315.1,235.5,71.9,89.0,2.49,Rice,6.09,248
55.7,13.9,61.7,591.1,99.0,75.9,44.1,6.39,Wheat,4.48,548
42.1,27.8,54.5,584.9,125.3,43.1,90.3,1.93,Cotton,2.82,627
35.1,20.8,49.2,513.9,28.3,39.0,28.8,2.1,Chickpea,1.51,815
83.3,25.4,66.4,1496.7,51.6,59.0,56.2,1.3,Soybean,1.63,272
55.5,22.2,50.9,498.9,41.8,46.5,59.7,2.25,Groundnut,1.5,650
38.0,17.2,50.3,614.6,149.2,40.8,41.3,2.81,Wheat,3.83,380
83.6,29.5,96.1,1246.0,127.0,57.2,82.1,4.03,Rice,5.64,342
46.9,24.1,70.1,353.7,59.9,15.7,34.1,2.16,Jowar,1.77,361
61.8,17.9,63.4,536.4,158.8,49.9,49.7,1.63,Wheat,5.1,277
55.5,25.7,49.7,577.8,117.3,44.1,80.0,3.71,Cotton,2.38,646
47.0,20.6,56.3,432.7,26.1,57.7,39.1,4.43,Chickpea,1.95,796
40.1,20.3,62.5,239.1,38.3,55.2,34.0,3.5,Chickpea,1.76,365
79.6,26.0,82.4,1704.5,167.5,33.1,95.6,3.1,Rice,6.82,109
50.9,22.0,63.7,351.7,128.6,72.7,45.9,2.75,Wheat,3.77,463
88.2,25.3,72.8,2309.5,205.1,100.6,181.9,1.23,Sugarcane,8.26,101
39.6,30.2,63.5,512.9,104.0,39.6,57.9,0.61,Cotton,2.36,618
59.7,27.9,60.7,1066.8,35.3,53.0,73.6,4.87,Groundnut,1.74,386
47.8,33.2,59.3,748.7,30.6,86.6,71.4,3.19,Soybean,1.96,450
55.2,33.1,51.3,407.8,43.5,56.7,58.6,3.51,Groundnut,1.84,754
33.2,21.2,49.8,264.0,67.4,27.3,53.7,4.83,Jowar,1.63,574
79.4,30.4,89.5,2312.6,174.7,45.4,101.0,0.5,Rice,4.44,253
46.2,29.4,69.1,376.6,73.6,27.6,48.0,6.42,Jowar,2.18,382
36.2,29.0,55.7,931.9,118.1,48.3,58.5,3.05,Cotton,2.93,379
59.2,31.8,70.5,1213.0,51.6,58.2,55.7,2.39,Soybean,1.9,132
43.7,15.5,45.6,505.6,31.5,57.6,36.0,0.5,Chickpea,1.6,981
70.7,18.7,56.4,849.3,138.2,20.8,44.8,3.73,Wheat,3.1,522
80.8,29.7,81.0,1336.3,145.6,66.3,92.3,5.27,Rice,5.6,364
61.9,19.3,55.0,1058.6,177.1,41.7,57.2,3.02,Maize,4.4,552
69.2,21.5,63.0,1072.6,144.3,65.7,51.7,4.06,Maize,4.81,517
88.8,30.8,81.7,1546.2,166.7,69.8,111.7,2.15,Rice,5.63,306
62.9,25.7,81.4,629.7,44.7,62.8,43.7,4.76,Soybean,2.44,702
88.2,31.8,70.6,1771.2,226.7,76.1,242.3,1.38,Sugarcane,9.16,188
58.5,16.9,53.0,432.4,149.6,66.9,44.5,4.56,Wheat,4.93,407
41.4,30.2,55.4,393.3,61.3,33.5,40.9,6.34,Bajra,1.93,479
59.4,18.9,72.1,871.4,116.8,49.5,47.7,2.88,Wheat,4.28,240
64.5,30.5,77.8,916.7,47.0,58.2,59.7,4.3,Soybean,1.9,514
70.0,30.8,85.1,1671.6,146.8,28.3,96.9,3.08,Rice,5.03,392
46.5,28.7,57.8,553.8,32.1,43.8,68.4,1.91,Groundnut,1.94,449
72.9,20.1,69.4,787.6,162.2,45.0,48.8,4.2,Wheat,3.94,263
49.7,30.5,55.0,964.8,105.4,44.7,53.3,3.61,Cotton,2.84,513
76.4,27.1,87.1,1534.7,124.6,34.1,109.9,2.13,Rice,5.61,482
66.2,15.6,73.6,293.3,122.2,36.8,48.2,5.31,Wheat,3.43,71
59.8,25.9,73.3,1198.7,39.1,54.4,72.1,3.89,Soybean,2.35,479
87.0,33.5,75.6,1910.0,250.0,104.6,171.0,1.16,Sugarcane,8.86,133
52.1,20.4,66.0,473.8,86.6,74.4,41.5,3.33,Wheat,5.26,706
65.8,27.4,77.2,1542.4,185.3,47.7,85.2,3.37,Rice,5.73,162
55.3,22.6,61.2,912.1,139.9,59.8,28.9,4.01,Wheat,3.9,482
43.3,32.6,51.9,957.3,147.9,42.7,67.0,3.26,Cotton,2.59,359
76.9,27.5,74.6,1726.7,164.7,52.0,89.3,5.65,Rice,6.26,175
56.1,27.9,59.2,358.1,131.2,67.2,34.7,2.11,Wheat,3.77,826
73.2,24.9,85.0,1491.1,213.4,51.7,79.4,3.91,Rice,5.74,411
59.8,28.1,73.8,1426.8,51.4,50.1,41.1,2.63,Soybean,2.31,304
41.9,33.1,63.8,613.9,76.7,36.7,44.7,4.74,Jowar,2.07,409
57.5,25.9,65.0,856.2,35.9,58.3,57.1,2.43,Soybean,2.38,210
75.4,27.2,88.3,1736.3,199.2,51.9,72.5,3.17,Rice,6.01,179
72.4,28.1,86.8,1414.7,146.0,54.6,90.1,3.54,Rice,5.49,275
63.7,25.8,67.7,838.1,28.5,66.8,72.8,1.57,Groundnut,1.9,472
83.1,27.3,78.4,2012.1,162.6,54.5,74.3,3.0,Rice,4.66,257
91.6,28.6,88.9,1626.1,241.4,77.2,188.6,3.94,Sugarcane,10.58,73
61.7,26.7,65.1,1307.0,38.5,45.6,65.7,5.17,Soybean,2.03,436
31.5,30.3,64.5,817.7,85.6,38.8,103.7,3.72,Cotton,2.54,507
54.8,29.8,74.4,335.7,41.3,65.2,46.3,1.84,Soybean,1.99,697
61.6,14.5,66.6,547.3,100.7,29.9,50.3,5.85,Wheat,3.42,820
60.8,14.7,72.4,535.8,102.9,62.8,57.3,3.58,Wheat,4.43,466
71.9,29.9,95.8,1729.6,139.5,61.6,70.8,1.15,Rice,5.4,82
61.9,19.3,56.2,749.5,53.6,59.5,45.6,3.8,Soybean,1.86,576
75.9,24.9,72.3,1713.1,186.9,56.1,91.7,2.46,Rice,4.91,250
65.9,26.6,62.6,560.3,176.4,56.3,68.3,2.2,Maize,6.39,445
86.4,29.1,84.0,1668.0,192.2,78.1,173.0,3.42,Sugarcane,10.32,263
73.2,25.0,80.3,930.2,154.8,59.1,99.9,3.77,Rice,4.68,216
75.6,31.0,74.8,1445.6,163.5,54.4,89.6,3.18,Rice,5.26,451
31.3,31.8,31.9,160.1,65.6,32.6,45.5,3.26,Bajra,1.81,793
49.2,29.9,38.5,905.4,58.1,32.9,48.4,6.08,Jowar,1.5,735
53.3,27.2,56.5,680.4,30.8,39.0,59.7,3.08,Groundnut,2.11,564
69.2,16.5,73.0,147.6,154.7,58.3,62.7,5.38,Wheat,4.02,419
51.2,15.2,44.6,564.6,33.5,33.2,30.6,1.64,Chickpea,1.81,546
32.1,26.9,41.0,140.0,71.6,34.3,31.6,5.56,Bajra,1.81,724
59.4,24.6,58.3,258.2,131.1,32.4,35.8,4.13,Wheat,3.25,545
35.9,31.6,51.0,304.6,79.6,23.9,38.6,1.54,Jowar,1.92,714
33.4,31.8,41.8,332.8,62.7,38.6,36.3,4.41,Bajra,1.89,735
69.2,18.9,62.7,831.5,158.3,68.2,76.3,5.11,Wheat,3.94,314
54.7,21.9,61.5,622.2,186.7,52.3,40.5,4.12,Wheat,5.55,571
43.5,25.8,41.7,398.6,128.1,29.0,66.5,0.5,Cotton,2.06,522
67.8,21.1,79.0,1348.7,129.5,60.6,115.1,2.72,Rice,5.01,243
77.5,26.9,74.7,2500.0,218.6,100.1,205.3,1.51,Sugarcane,7.84,201
43.6,27.4,54.0,822.6,133.6,38.6,58.0,3.53,Cotton,3.2,272
39.2,31.5,46.5,504.9,82.7,29.1,55.0,2.39,Bajra,2.01,701
51.5,32.3,64.8,1230.2,34.1,72.6,55.3,2.21,Groundnut,1.55,481
72.7,24.1,68.1,1859.6,206.1,89.5,178.6,1.66,Sugarcane,9.05,332
78.4,28.6,82.6,1535.9,199.3,51.8,48.1,5.16,Rice,5.49,228
74.6,28.4,78.5,1146.3,158.3,66.7,87.8,1.74,Rice,5.66,307
78.0,25.7,74.1,897.8,250.0,85.2,185.8,0.61,Sugarcane,10.21,277
66.4,20.3,51.0,359.5,150.1,59.7,43.3,0.69,Wheat,4.91,630
42.1,30.6,58.5,464.5,30.7,32.0,45.6,1.4,Bajra,2.29,518
49.5,26.6,54.6,544.8,45.0,66.0,55.4,4.29,Groundnut,2.0,638
64.4,33.4,77.1,1104.2,132.7,58.6,53.8,3.22,Rice,4.18,194
55.4,24.1,54.8,846.5,60.0,28.3,38.6,1.19,Jowar,1.4,621
57.0,28.7,64.5,1167.1,50.4,63.7,48.7,4.79,Soybean,2.31,490
57.7,28.5,67.6,1043.4,124.4,55.0,67.7,2.9,Maize,5.15,438
52.8,20.1,56.6,792.0,129.5,50.9,38.0,2.29,Wheat,4.63,510
84.9,28.9,81.0,1820.4,213.7,120.0,180.8,5.73,Sugarcane,10.8,361
60.8,27.0,85.0,803.8,144.4,39.8,35.4,5.36,Maize,4.42,101
67.1,29.1,71.9,1295.1,213.2,45.9,60.3,4.06,Rice,5.86,467
54.4,17.5,54.3,848.3,147.5,52.1,32.3,6.89,Wheat,4.1,626
59.2,21.5,68.4,652.2,145.3,49.3,71.4,0.65,Maize,5.88,547
66.1,27.7,78.1,1082.4,215.6,71.6,72.5,4.63,Rice,5.49,435
47.5,28.5,63.9,1060.4,124.0,51.2,64.7,0.79,Cotton,2.43,385
41.2,32.5,45.8,516.0,64.2,21.9,44.1,4.27,Jowar,1.95,650
39.0,30.9,50.9,282.7,75.8,46.1,83.2,0.5,Cotton,2.37,780
47.2,14.5,58.5,747.9,102.2,39.3,29.8,5.62,Wheat,3.37,635
57.0,21.5,57.9,474.0,117.0,41.6,52.2,3.06,Wheat,4.77,639
47.6,26.0,41.3,430.4,23.4,42.3,26.0,5.01,Chickpea,1.56,494
65.4,26.2,72.0,573.5,41.5,70.0,67.9,6.44,Soybean,2.26,569
74.8,29.3,82.4,1928.6,190.6,57.1,71.3,1.46,Rice,5.13,437
72.4,16.5,53.9,776.8,155.2,42.0,44.5,3.71,Wheat,3.54,757
43.7,31.4,49.5,481.4,61.6,29.5,42.8,2.53,Bajra,1.76,704
48.4,29.1,57.4,488.3,22.9,71.2,81.5,3.81,Groundnut,2.02,368
39.6,34.1,64.9,574.8,48.9,24.6,48.2,5.4,Bajra,2.07,687
43.2,34.2,66.6,729.6,51.9,15.9,20.0,4.42,Bajra,1.47,485
65.7,23.8,58.5,516.0,115.9,59.9,30.4,3.22,Wheat,4.02,205
37.3,29.7,46.9,361.8,51.8,31.2,35.7,4.0,Bajra,1.66,758
58.3,23.8,56.3,875.0,145.1,58.3,62.3,3.4,Maize,4.64,338
48.7,29.2,56.9,731.1,130.8,43.4,45.2,3.13,Maize,4.73,382
56.1,19.9,61.7,579.2,134.7,49.5,49.7,1.06,Wheat,4.49,467
52.0,19.2,48.1,465.2,27.5,66.6,28.4,2.74,Chickpea,1.75,877
59.1,25.9,74.3,463.4,145.8,47.1,63.9,3.08,Maize,5.18,424
35.2,25.9,45.5,558.3,83.0,29.8,27.6,3.47,Jowar,2.18,729
29.3,29.6,30.3,228.5,54.9,28.0,53.0,6.98,Bajra,1.75,1023
63.1,22.8,70.2,1129.4,126.7,30.7,54.0,0.84,Maize,4.73,676
55.1,22.4,59.4,233.3,139.8,73.3,42.3,4.76,Wheat,3.8,609
63.8,25.0,76.2,844.9,172.0,67.3,95.0,3.21,Rice,4.25,381
68.0,29.7,71.0,1396.3,116.7,61.3,100.8,3.29,Rice,4.86,195
75.1,29.7,74.7,1712.1,219.1,49.0,109.4,1.85,Rice,6.57,220
59.9,28.7,74.5,875.6,35.4,53.4,64.4,3.47,Groundnut,1.7,494
49.0,22.1,74.1,755.4,35.9,40.0,101.6,0.5,Groundnut,1.89,507
31.1,7.8,41.5,31.9,24.1,40.9,25.9,3.24,Chickpea,1.09,785
41.7,29.6,63.5,637.6,46.9,25.4,43.2,2.21,Jowar,2.18,698
76.4,26.5,56.6,676.0,44.9,51.7,56.9,2.44,Soybean,2.11,472
48.8,32.3,54.0,349.6,79.1,37.4,52.3,4.59,Jowar,1.7,642
43.4,29.2,53.0,636.6,117.4,31.0,84.3,2.91,Cotton,3.14,737
72.5,27.0,66.0,1015.7,43.0,72.6,70.2,3.06,Soybean,2.22,566
77.8,24.7,85.9,1594.7,152.4,63.1,116.0,0.5,Rice,5.61,434
73.4,25.9,64.4,839.1,154.7,61.0,120.8,4.22,Rice,5.12,572
51.0,25.6,66.4,577.2,26.5,65.4,67.9,4.3,Groundnut,2.13,481
63.6,26.1,62.2,826.4,171.8,55.6,34.1,1.1,Maize,5.38,586
70.4,27.5,70.6,889.1,169.2,39.1,91.1,0.5,Rice,4.23,301
52.5,20.2,58.6,564.5,125.7,40.9,42.6,6.51,Wheat,4.56,337
53.8,17.4,57.0,397.2,184.9,48.6,50.8,4.91,Wheat,4.52,713
45.5,29.8,61.8,363.9,67.2,46.0,39.1,3.96,Bajra,1.95,583
92.0,22.7,76.4,674.3,179.9,61.2,70.5,2.85,Rice,3.95,486
42.3,18.9,68.0,228.9,32.4,34.5,40.9,4.54,Chickpea,1.77,297
75.4,26.3,66.2,1225.7,44.6,50.6,69.9,2.48,Soybean,2.2,391
53.7,18.2,42.6,741.2,28.4,51.7,41.0,3.28,Chickpea,1.51,594
65.4,27.5,81.1,876.7,149.3,66.5,50.9,0.5,Rice,4.7,244
56.7,19.4,48.7,246.9,127.4,56.0,52.4,5.45,Wheat,3.94,351
40.1,23.5,47.7,345.0,22.7,44.0,22.1,5.89,Chickpea,1.72,644
79.6,27.4,78.4,1635.6,207.5,65.1,76.2,3.03,Rice,5.98,450
45.4,33.7,54.4,773.0,22.2,55.7,58.1,2.8,Groundnut,2.13,656
63.1,26.6,89.1,961.2,159.8,39.2,69.0,3.97,Maize,5.71,220
85.7,29.0,91.0,1297.2,177.9,50.3,126.6,2.77,Rice,5.45,264
42.0,31.1,50.6,756.9,73.3,20.1,34.7,2.88,Jowar,1.68,745
68.4,24.5,49.7,1444.7,145.0,36.2,90.9,2.92,Cotton,1.55,121
48.1,27.7,69.0,945.6,35.8,30.2,77.4,2.14,Groundnut,2.12,442
53.9,27.8,49.2,1048.3,147.9,44.2,53.6,5.02,Cotton,2.6,686
78.1,24.3,83.0,825.6,121.7,51.9,101.3,1.23,Rice,4.18,476
47.7,26.0,68.6,435.1,24.7,38.9,38.4,0.5,Chickpea,1.44,793
70.2,28.0,74.1,1862.4,175.2,62.2,104.4,1.72,Rice,5.69,491
81.0,22.1,69.7,829.3,122.3,50.8,42.7,3.94,Maize,4.26,519
79.3,30.3,84.4,825.8,165.6,48.1,100.6,4.22,Rice,4.81,407
33.9,29.2,39.2,531.1,69.6,27.8,49.1,4.85,Jowar,2.19,854
55.8,25.9,61.9,886.9,107.7,55.0,38.0,4.05,Maize,5.71,441
56.9,18.3,56.0,568.3,108.0,29.6,41.9,6.13,Wheat,4.59,604
47.6,17.0,40.9,8.0,24.2,42.9,39.7,2.31,Chickpea,1.65,914
66.4,14.5,61.5,615.2,102.1,38.7,33.7,4.13,Wheat,3.67,865
47.1,11.3,42.3,268.1,28.6,50.4,38.6,0.5,Chickpea,1.14,715
69.0,21.2,74.4,655.4,141.6,50.8,60.2,4.23,Wheat,4.19,449
62.4,25.8,74.0,460.0,48.8,64.8,36.4,3.01,Soybean,1.98,515
52.3,19.1,48.9,364.7,121.8,32.1,37.0,5.0,Wheat,4.48,894
69.2,33.2,55.0,627.0,99.8,42.5,77.0,3.54,Cotton,2.63,606
50.4,29.2,61.9,393.0,93.9,43.2,59.6,4.92,Maize,4.47,815
57.6,21.5,47.6,195.4,128.6,48.8,32.3,2.24,Wheat,3.8,563
43.9,34.8,47.7,623.2,80.5,29.3,53.0,1.98,Jowar,1.77,636
61.7,23.6,51.2,298.9,150.8,60.5,51.3,2.64,Wheat,4.09,646
51.5,25.0,54.5,72.1,77.2,46.5,39.8,0.5,Wheat,3.19,802
64.7,19.9,54.9,666.4,124.1,52.8,39.9,2.77,Wheat,4.09,768
78.8,29.1,76.9,2267.2,213.1,61.1,221.2,2.82,Sugarcane,10.02,22
45.9,26.2,41.5,261.6,75.0,32.6,48.4,5.22,Jowar,1.62,603
80.4,27.6,82.4,2099.8,204.7,45.5,99.1,6.02,Rice,4.87,292
67.7,23.3,65.9,1505.6,149.2,49.4,62.4,2.21,Maize,3.56,313
63.8,23.2,64.6,955.7,160.7,43.5,62.3,6.53,Maize,5.76,258
77.7,31.4,73.7,1368.2,176.7,52.6,80.5,3.53,Rice,5.29,535
40.3,27.7,71.9,776.1,32.5,62.7,80.1,1.74,Groundnut,2.3,537
65.1,29.9,88.1,622.1,49.6,68.4,46.7,2.41,Soybean,2.06,434
74.1,32.7,80.1,1869.3,190.9,40.7,81.4,1.14,Rice,4.61,202
38.7,14.7,52.9,481.7,34.4,46.9,42.1,2.22,Chickpea,1.81,803
48.2,23.4,71.9,937.4,29.6,73.9,69.5,0.57,Groundnut,1.59,403
26.8,22.9,49.7,889.7,131.1,34.8,73.3,0.5,Cotton,2.22,788
85.5,28.0,87.6,1622.7,162.9,35.9,75.3,4.15,Rice,5.12,113
45.4,18.7,49.8,62.0,122.6,40.2,39.1,3.63,Wheat,3.26,581
58.8,8.7,53.8,568.1,136.3,54.7,55.7,3.41,Wheat,2.77,658
54.1,20.3,48.9,614.6,137.8,49.9,49.4,2.58,Wheat,4.3,548
77.3,24.2,78.8,1382.4,174.1,71.5,78.1,1.15,Rice,5.51,441
61.2,28.3,60.8,176.6,45.9,57.3,45.2,2.72,Soybean,2.12,662
73.6,30.4,77.0,1487.1,134.4,33.6,51.9,3.12,Maize,4.27,194
67.7,14.3,62.5,388.4,158.8,36.2,39.6,4.74,Wheat,2.73,594
79.3,33.8,82.4,1563.4,162.2,42.2,77.4,4.7,Rice,5.36,238
29.5,17.8,54.8,226.9,36.6,51.1,23.4,2.62,Chickpea,1.64,802
43.2,22.4,55.1,461.9,134.5,48.9,46.7,3.87,Wheat,4.72,532
55.3,23.2,54.3,856.1,109.2,46.4,50.6,2.1,Wheat,4.05,519
54.6,30.6,57.1,368.1,59.4,29.1,35.7,3.21,Jowar,2.15,814
68.2,18.3,63.1,546.9,110.9,41.7,37.5,3.54,Wheat,4.27,905
52.5,29.1,50.2,982.7,115.3,35.5,66.9,2.39,Cotton,2.61,913
41.5,33.2,27.5,458.0,77.0,33.7,31.2,4.24,Jowar,1.85,817
57.4,28.9,67.5,1327.7,43.3,57.1,42.1,2.07,Soybean,1.97,459
54.6,31.2,74.1,664.1,30.5,61.2,66.3,2.26,Groundnut,2.03,695
59.0,28.5,56.7,951.7,35.4,52.1,67.9,3.48,Groundnut,1.67,537
57.2,15.3,63.6,758.1,138.4,64.6,47.3,3.67,Wheat,4.4,376
39.6,28.3,61.9,600.9,37.9,35.5,51.2,2.29,Groundnut,2.08,579
61.5,28.0,54.1,943.9,188.0,22.9,49.9,3.12,Maize,5.68,648
72.4,28.7,72.3,1372.9,162.6,51.7,94.2,2.27,Rice,6.47,255
69.0,24.9,70.5,1104.2,142.3,62.4,47.6,1.96,Rice,5.37,175
57.8,27.9,68.2,625.5,42.5,28.9,62.5,3.43,Soybean,2.14,286
33.9,24.8,58.0,650.6,48.1,30.2,28.9,3.12,Bajra,1.44,688
85.8,29.3,70.7,1841.9,206.7,115.7,159.4,1.75,Sugarcane,10.98,223
37.0,28.5,52.8,457.7,68.5,28.2,51.6,4.14,Bajra,2.16,625
72.6,25.8,72.3,967.7,250.0,71.8,74.4,4.91,Rice,4.98,466
56.4,19.5,64.6,971.1,138.8,35.7,51.2,4.32,Maize,5.02,588
52.5,31.3,83.0,896.1,88.6,31.8,62.1,3.82,Cotton,2.47,310
43.9,17.4,52.5,517.9,31.0,47.7,34.4,4.7,Chickpea,1.9,719
44.2,27.1,26.2,244.0,46.2,25.5,40.2,5.37,Jowar,1.77,693
66.8,22.7,77.8,1919.3,187.9,45.8,108.9,3.06,Rice,5.27,229
41.9,28.6,65.4,534.8,110.7,33.0,85.3,3.58,Cotton,2.88,383
80.4,27.1,64.9,1429.9,110.4,75.2,67.3,1.76,Rice,5.63,608
65.8,29.1,68.5,784.0,49.8,68.1,59.1,5.85,Soybean,1.76,482
40.5,30.7,44.8,305.9,32.4,47.1,33.1,2.68,Chickpea,1.31,605
72.6,27.1,81.6,561.6,58.4,73.3,60.4,2.61,Soybean,2.24,358
39.6,29.1,48.9,436.9,27.5,72.5,80.0,3.25,Groundnut,2.19,643
71.3,27.9,72.7,1189.7,142.8,59.4,87.0,2.01,Rice,6.43,511
60.8,27.0,73.8,839.3,39.2,41.3,82.3,3.26,Groundnut,1.57,190
55.1,29.7,55.7,489.5,36.8,42.3,60.4,3.63,Soybean,1.81,461
83.6,32.1,76.4,1776.5,165.9,54.3,75.6,5.15,Rice,4.92,250
77.8,25.4,96.4,2219.0,196.5,43.7,99.8,3.04,Rice,4.98,554
53.3,28.9,73.5,854.3,55.5,57.9,65.6,2.62,Soybean,2.61,586
49.9,33.4,76.2,968.9,22.8,62.9,78.3,1.03,Groundnut,1.7,386
54.9,25.6,77.1,977.1,55.2,77.1,50.7,3.13,Soybean,2.59,506
40.9,34.1,56.7,798.5,126.4,56.3,50.1,1.94,Cotton,2.55,895
65.9,19.6,61.1,516.6,102.3,51.3,55.0,5.28,Wheat,4.81,541
73.5,30.7,88.3,1290.9,185.9,64.6,85.9,2.73,Rice,6.35,226
70.8,27.5,84.7,1012.1,221.7,71.8,78.8,0.5,Rice,5.52,525
40.6,24.5,69.2,1161.5,117.7,37.6,90.9,4.31,Cotton,1.99,509
58.4,29.3,60.5,1110.7,96.6,34.5,65.6,5.61,Cotton,2.66,611
54.5,23.6,80.3,706.5,98.9,32.4,51.3,3.23,Wheat,3.91,326
64.5,17.3,72.8,965.6,142.7,66.5,36.0,2.58,Wheat,4.13,728
55.1,19.3,57.2,585.3,152.1,52.1,55.2,5.06,Wheat,5.44,864
27.5,29.7,47.5,345.7,71.1,41.9,36.7,0.82,Bajra,2.17,785
48.2,26.2,53.4,1006.6,45.8,51.3,89.2,1.66,Groundnut,1.92,681
41.7,15.1,60.2,226.6,23.3,48.3,32.3,2.07,Chickpea,1.39,306
54.1,31.3,54.4,1098.0,48.0,72.0,54.6,3.96,Soybean,1.76,655
67.7,30.5,74.8,882.6,120.5,41.1,44.8,2.35,Maize,5.4,395
58.9,18.5,47.1,421.7,107.2,43.4,64.8,3.74,Wheat,4.28,759
73.8,26.0,82.1,1117.2,41.9,56.6,50.9,3.72,Soybean,2.1,449
37.0,17.7,56.7,523.8,28.5,31.2,31.1,1.98,Chickpea,1.57,557
48.8,29.0,63.3,830.1,31.7,57.6,61.6,3.33,Groundnut,1.99,259
86.5,23.0,84.8,1879.8,208.7,69.7,97.5,3.23,Rice,4.02,304
69.1,22.7,87.0,1093.9,149.9,64.5,53.9,1.22,Maize,4.76,197
44.4,26.5,61.9,825.7,69.1,32.5,33.2,2.67,Jowar,1.8,481
59.4,14.8,54.8,370.9,37.5,40.4,30.4,4.41,Chickpea,1.33,549
25.7,11.3,49.6,492.5,24.0,20.4,33.1,0.5,Chickpea,1.11,613
61.0,22.6,47.4,501.9,87.9,45.5,43.1,3.54,Wheat,4.39,322
52.8,17.3,49.6,434.1,23.2,40.6,27.0,2.22,Chickpea,1.77,861
75.1,25.5,81.5,1570.4,175.4,47.9,71.2,3.98,Rice,5.69,337
60.7,22.2,58.5,331.8,116.5,38.9,61.5,4.96,Wheat,4.52,792
48.3,30.1,66.6,1283.2,38.2,53.0,78.1,3.41,Soybean,1.87,744
63.6,27.2,47.3,633.7,39.9,46.7,56.0,3.57,Groundnut,1.71,670
56.0,33.9,55.0,696.9,100.3,39.1,87.5,5.15,Cotton,2.68,322
57.7,34.9,38.2,256.0,63.2,27.8,42.2,3.53,Bajra,1.32,627
75.5,28.4,74.4,1678.2,151.4,58.7,79.5,0.57,Rice,6.18,146
47.8,25.8,62.9,418.9,37.2,68.2,85.5,4.34,Groundnut,1.77,498
40.4,19.4,41.4,550.9,20.0,47.4,43.8,4.47,Chickpea,1.98,728
52.7,31.7,58.4,878.4,129.5,46.3,54.3,0.5,Cotton,2.72,242
68.1,24.2,62.5,781.8,110.1,61.1,46.1,4.93,Wheat,2.94,586
52.5,15.4,63.3,473.6,126.3,51.1,33.4,4.92,Wheat,4.15,332
76.5,31.5,60.3,1972.3,250.0,98.9,265.6,3.27,Sugarcane,11.01,446
81.9,26.5,79.8,2144.4,165.1,61.8,135.6,3.56,Rice,6.07,234
63.4,25.7,78.8,1086.4,148.7,48.1,60.3,4.76,Maize,4.96,322
75.6,31.1,75.4,1371.0,226.8,86.0,187.4,5.61,Sugarcane,10.1,350
28.4,31.7,37.1,674.7,75.6,43.7,31.9,4.18,Jowar,1.48,647
43.0,17.1,46.0,0.0,39.4,63.6,30.9,1.12,Chickpea,1.47,649
55.1,28.1,69.9,265.0,95.0,41.2,67.8,7.23,Maize,5.05,280
71.1,30.3,78.5,1269.6,171.2,46.5,88.1,3.29,Rice,6.24,346
37.2,14.4,43.0,23.1,21.7,54.1,28.4,2.4,Chickpea,1.24,1023
46.7,22.2,59.4,846.9,46.2,63.7,43.9,2.16,Soybean,1.71,856
66.5,16.0,56.1,428.8,117.1,39.1,30.8,5.81,Wheat,3.44,831
34.3,30.1,54.1,259.1,45.8,33.6,47.0,4.63,Bajra,1.77,770
92.0,30.0,73.1,2279.2,178.1,94.7,140.1,1.39,Sugarcane,8.4,173
79.1,25.2,81.6,1693.0,159.9,76.4,97.7,6.46,Rice,5.19,508
58.5,27.5,73.6,902.9,141.3,43.6,50.9,3.65,Maize,4.7,423
53.6,24.3,73.5,250.0,118.3,43.2,59.4,4.49,Maize,3.99,504
31.0,35.4,48.1,482.0,72.4,21.5,34.6,0.5,Bajra,1.72,633
52.2,30.1,61.7,726.9,54.0,67.0,64.9,3.14,Soybean,2.17,561
53.8,24.6,71.4,768.4,37.2,68.9,58.0,0.5,Soybean,1.98,398
48.1,19.9,62.7,746.4,86.0,46.2,65.5,3.13,Wheat,4.65,523
65.1,21.9,56.4,471.4,155.4,49.6,45.8,2.27,Wheat,4.76,451
60.6,26.8,71.0,769.5,132.4,43.5,32.6,1.9,Maize,4.48,410
84.2,21.7,90.5,2378.3,152.3,68.1,89.8,3.62,Rice,3.1,530
45.0,15.2,45.7,423.3,23.3,59.1,25.6,4.44,Chickpea,1.43,690
87.7,25.4,74.7,1631.3,166.9,73.5,97.0,4.5,Rice,5.55,299
82.1,29.0,76.1,1810.1,250.0,73.0,163.4,3.86,Sugarcane,11.54,390
28.8,28.5,33.4,382.7,57.7,19.9,34.5,8.45,Bajra,1.91,891
40.4,24.1,49.2,356.1,23.6,49.6,34.5,5.02,Chickpea,1.45,512
64.9,18.7,57.5,737.5,149.2,44.7,52.7,0.92,Maize,4.61,545
50.6,25.0,62.0,1032.0,107.7,33.3,85.2,2.56,Cotton,2.18,647
59.3,28.1,54.1,879.0,46.2,69.1,62.5,3.5,Groundnut,1.93,628
59.3,20.7,73.0,598.8,111.1,58.2,35.4,2.72,Wheat,4.69,493
78.7,23.7,82.1,1863.0,107.4,49.6,104.5,1.48,Rice,5.06,505
47.4,33.3,60.7,643.6,68.1,28.3,36.8,4.48,Jowar,1.69,460
40.7,29.0,55.9,924.6,68.2,40.3,83.5,4.98,Cotton,2.75,579
36.2,27.9,45.9,373.1,79.6,31.6,36.7,3.99,Jowar,2.32,624
51.0,19.8,59.4,443.0,201.6,59.8,27.8,3.89,Wheat,4.68,831
72.3,28.2,68.2,733.2,169.5,36.6,42.8,3.77,Maize,5.19,192
41.9,16.7,70.3,434.2,131.4,54.6,49.8,5.9,Wheat,3.57,412
49.7,11.9,74.7,685.1,127.0,43.5,44.8,2.55,Wheat,3.64,368
44.9,19.0,59.3,178.2,27.6,30.9,41.3,3.99,Chickpea,1.57,736
28.1,31.8,32.6,374.9,65.1,24.6,37.1,3.91,Bajra,1.84,881
62.9,20.5,68.6,590.9,118.4,59.8,47.3,0.5,Wheat,4.68,726
45.4,34.6,48.5,942.7,125.3,37.2,89.7,2.08,Cotton,2.67,376
85.0,29.2,77.7,1634.5,170.8,48.4,92.6,3.69,Rice,5.41,432
63.5,28.6,67.6,826.0,42.7,53.5,43.4,4.35,Soybean,2.05,442
51.4,20.9,71.9,485.3,122.3,56.9,49.3,3.24,Wheat,4.76,394
47.4,28.7,40.4,514.1,48.9,27.5,46.5,2.33,Bajra,1.92,810
54.6,25.4,57.0,976.9,142.0,39.4,56.2,2.07,Maize,6.01,409
52.6,21.8,64.0,617.3,39.4,74.9,63.4,4.1,Groundnut,2.04,220
74.4,25.6,83.2,880.4,216.9,61.2,91.9,1.92,Rice,5.51,305
85.2,27.8,86.9,1716.2,149.6,59.2,60.9,3.34,Rice,5.53,18
46.0,24.9,63.1,724.1,123.4,43.0,42.3,6.42,Wheat,3.48,435
92.0,29.5,95.4,1281.1,177.9,41.5,94.0,0.5,Rice,5.17,299
54.9,14.6,45.9,445.1,192.4,62.1,37.2,2.87,Wheat,3.54,746
51.6,22.3,68.5,1073.1,43.8,59.6,71.9,7.19,Soybean,2.49,695
89.6,26.8,79.3,1944.0,174.4,70.0,104.3,4.73,Rice,5.24,242
66.3,26.4,59.8,576.7,42.9,51.6,41.7,3.51,Soybean,2.04,342
32.1,28.6,51.4,170.9,49.9,20.9,40.9,2.25,Bajra,1.58,573
54.4,32.7,62.4,804.1,113.3,29.9,68.7,6.46,Cotton,2.71,388
52.6,22.4,60.5,341.3,104.2,65.9,37.3,5.48,Wheat,3.82,415
56.4,25.8,71.3,350.4,33.2,58.0,76.0,0.5,Groundnut,1.97,587
55.4,28.5,46.6,510.3,112.7,40.9,59.3,3.16,Cotton,2.88,585
87.1,26.9,76.0,1826.3,225.0,81.0,189.4,6.9,Sugarcane,11.1,0
85.6,30.0,83.7,1280.5,187.2,50.9,73.4,1.06,Rice,4.95,422
55.2,21.7,62.1,379.3,116.7,56.5,49.2,2.02,Wheat,4.4,570
59.2,23.4,50.8,674.3,113.6,32.3,53.3,5.35,Wheat,4.18,691
69.0,25.9,72.9,727.5,68.8,73.4,35.0,3.72,Wheat,3.38,475
63.5,21.3,53.5,375.4,94.4,53.6,53.3,5.93,Wheat,4.87,750
56.2,35.8,61.4,714.2,98.6,34.4,96.2,0.5,Cotton,2.09,556
63.4,30.8,72.1,1425.8,146.1,46.5,75.4,3.01,Maize,3.91,570
56.0,16.8,63.9,867.5,70.5,48.7,47.7,1.79,Wheat,4.56,577
42.7,29.4,63.2,634.6,62.5,31.8,45.1,4.22,Jowar,1.75,607
53.0,17.6,54.4,584.6,98.9,41.4,48.6,1.09,Wheat,4.19,684
49.8,15.3,51.2,649.0,117.6,58.7,37.6,4.43,Wheat,4.7,410
72.8,24.4,73.3,1347.7,157.1,55.3,54.6,1.83,Rice,5.02,354
55.0,30.1,41.6,962.0,45.4,53.9,34.9,6.09,Soybean,2.19,628
66.1,21.4,80.1,726.7,133.3,51.7,54.1,4.63,Wheat,4.25,436
72.2,25.0,71.1,364.0,48.2,40.3,57.4,1.61,Soybean,1.68,308
35.1,30.4,41.9,470.7,66.6,24.6,48.1,5.41,Bajra,2.08,974
60.6,28.0,31.7,513.8,117.5,17.2,78.8,3.32,Cotton,2.58,795
41.7,33.7,23.2,501.9,79.1,26.6,34.7,2.43,Jowar,2.26,637
63.9,22.4,62.7,229.7,153.8,33.3,38.2,2.37,Wheat,3.75,336
62.7,32.0,78.6,1006.8,182.2,67.5,92.5,2.87,Rice,4.37,338
59.1,18.1,66.8,884.1,141.5,60.3,46.0,4.03,Wheat,4.02,472
63.0,26.8,58.2,1068.1,176.1,33.3,70.4,2.4,Maize,5.55,419
46.5,26.0,52.7,749.3,105.3,46.0,40.0,2.77,Cotton,2.38,627
74.5,29.1,87.3,1807.3,161.1,53.7,96.4,4.28,Rice,5.96,140
84.8,30.2,85.0,1300.8,180.5,55.7,106.0,0.5,Rice,5.73,389
60.9,22.5,68.8,859.1,69.5,39.4,51.5,6.12,Wheat,4.36,362
89.4,34.1,84.3,1495.3,167.6,51.7,82.5,6.12,Rice,4.61,281
50.6,29.1,56.2,748.9,111.4,45.1,74.3,2.95,Cotton,2.76,738
54.1,29.4,68.2,656.9,39.3,66.3,74.0,1.63,Groundnut,2.16,903
61.1,28.4,65.2,875.3,41.8,43.7,60.6,5.48,Soybean,2.56,344
67.8,29.5,63.2,936.3,36.6,70.5,59.8,0.5,Soybean,2.04,436
64.8,27.0,68.6,1127.4,41.0,73.7,53.7,7.95,Soybean,2.74,311
48.1,24.0,37.3,721.7,134.4,48.2,52.7,2.48,Wheat,3.99,846
54.0,28.6,59.8,897.7,44.4,30.6,81.0,2.53,Groundnut,2.02,361
50.9,29.7,56.7,725.2,105.7,41.7,74.4,3.05,Cotton,3.04,510
81.7,26.1,84.4,2203.2,177.9,50.7,95.4,3.67,Rice,4.03,215
51.6,24.8,53.5,503.6,67.4,28.9,38.4,3.02,Jowar,1.78,485
62.0,23.5,62.1,484.4,118.4,46.5,51.5,3.1,Wheat,4.05,425
55.2,29.5,74.8,1322.8,29.4,53.8,57.3,2.99,Soybean,1.85,298
85.1,27.7,69.4,1518.2,215.1,68.7,166.9,3.96,Sugarcane,8.28,62
79.4,26.8,69.9,1876.2,215.1,50.1,102.0,0.5,Rice,6.02,118
71.6,29.7,63.0,1002.5,38.1,63.5,51.4,2.2,Soybean,2.19,437
83.8,23.1,91.9,1438.5,190.9,61.0,110.8,2.25,Rice,4.44,270
62.3,22.9,60.3,481.3,143.5,30.3,61.7,2.44,Maize,5.33,559
91.3,33.2,81.2,2011.7,214.8,81.5,245.3,1.52,Sugarcane,8.59,0
43.8,28.4,58.1,679.5,34.3,47.4,58.0,5.7,Groundnut,2.53,508
53.7,26.3,58.9,854.8,28.8,54.6,89.9,4.77,Groundnut,2.17,676
45.3,32.3,61.4,470.0,55.7,22.4,33.1,2.96,Bajra,1.72,667
79.8,22.6,70.0,750.7,49.2,63.6,33.4,3.92,Soybean,1.54,466
31.7,26.0,49.0,366.0,78.6,34.7,52.7,2.32,Bajra,1.76,547
48.5,36.2,52.2,1030.3,113.0,41.8,89.6,2.88,Cotton,2.01,679
62.6,23.1,58.6,490.1,100.7,47.1,37.7,1.93,Wheat,3.88,510
47.0,19.5,60.7,515.4,26.9,34.6,31.2,1.5,Chickpea,1.82,399
78.1,24.6,88.5,878.7,147.7,43.6,97.9,4.33,Rice,5.06,202
50.4,36.6,60.6,629.6,121.9,43.8,62.4,3.7,Cotton,2.49,792
63.3,26.7,66.9,921.7,120.7,54.0,87.3,2.63,Maize,5.67,515
60.8,28.6,68.4,906.6,41.2,57.0,51.5,1.79,Soybean,2.46,651
74.5,26.1,75.1,2491.7,129.4,67.2,120.8,3.17,Rice,4.97,171
72.4,25.4,80.2,996.2,129.7,58.8,88.0,2.2,Rice,5.09,516
37.4,31.5,47.2,443.6,65.9,28.0,58.5,4.68,Jowar,2.2,595
40.8,25.3,54.0,636.2,65.6,35.6,40.0,6.72,Bajra,1.64,592
52.6,27.9,53.4,753.7,30.4,57.7,54.3,1.45,Groundnut,2.16,992
81.0,27.2,88.6,1627.2,169.5,43.6,92.5,2.87,Rice,6.25,367
58.0,28.5,58.2,1016.3,38.1,61.1,70.3,1.79,Groundnut,1.97,459
28.1,25.1,32.1,347.7,58.1,37.4,27.3,5.89,Bajra,1.69,779
31.8,34.3,32.5,455.9,98.4,36.4,74.5,6.69,Cotton,2.07,830
77.6,27.9,76.5,1329.0,54.6,73.9,66.5,5.38,Soybean,1.8,546
79.7,28.5,82.8,2220.5,115.5,69.7,94.7,3.12,Rice,5.13,151
53.0,25.8,69.7,483.5,75.2,37.5,50.3,2.51,Jowar,1.74,245
51.8,20.0,66.5,603.4,140.3,53.2,53.7,4.64,Wheat,4.85,481
51.3,25.7,65.5,552.9,116.6,40.5,47.5,4.06,Wheat,3.34,541
76.8,30.4,77.8,1706.6,192.8,66.1,83.8,0.97,Rice,6.39,324
61.9,18.0,49.5,579.7,103.0,48.8,33.5,1.21,Wheat,4.2,861
78.6,32.9,79.2,1763.8,150.3,57.0,119.7,2.71,Rice,5.08,341
90.5,23.7,97.1,1602.9,228.7,69.4,111.6,3.62,Rice,4.78,331
52.0,17.5,50.8,588.7,32.9,56.7,30.9,2.29,Chickpea,1.39,475
31.8,30.6,43.6,212.6,53.1,19.0,26.2,3.2,Bajra,1.5,872
67.3,21.9,68.7,722.0,153.8,46.4,56.4,5.6,Maize,5.65,817
58.4,27.1,65.7,881.4,128.5,33.1,75.8,0.5,Cotton,2.02,615
68.9,28.2,73.1,1478.2,128.7,60.9,42.8,3.77,Rice,5.65,405
40.0,33.1,62.1,498.0,103.6,30.2,42.4,1.31,Jowar,2.16,596
63.6,26.6,64.7,767.6,50.7,57.2,62.5,0.91,Soybean,2.24,795
49.7,23.5,79.8,591.8,49.0,67.3,52.5,3.86,Soybean,1.53,279
33.1,31.8,36.6,592.8,70.6,37.8,27.0,2.15,Bajra,2.04,725
70.8,30.0,67.1,1004.1,138.7,50.6,46.9,6.18,Maize,5.08,540
50.3,17.9,50.8,301.5,30.8,22.6,36.7,2.6,Chickpea,1.71,795
55.5,30.5,50.3,340.9,60.9,33.0,52.3,3.59,Jowar,1.95,611
70.7,27.2,73.1,1069.9,31.9,67.8,55.5,0.78,Soybean,1.99,462
68.3,28.8,85.5,1364.7,142.2,45.2,81.5,2.61,Rice,5.7,250
36.0,31.8,36.9,225.2,64.9,33.7,38.4,1.62,Bajra,1.98,795
47.4,19.2,45.6,302.6,29.8,46.9,22.9,3.31,Chickpea,1.97,694
48.1,12.9,64.3,326.1,23.0,42.7,38.1,3.39,Chickpea,1.68,400
79.0,25.4,87.6,740.2,160.9,45.5,92.9,2.12,Rice,4.59,344
44.6,27.6,65.7,441.5,85.3,51.4,54.5,2.93,Cotton,2.43,687
92.0,26.7,85.2,2024.4,209.6,72.6,81.6,2.29,Rice,4.85,81
49.3,23.1,57.9,535.3,174.9,44.9,45.7,0.5,Wheat,4.44,562
43.2,31.4,54.4,892.1,132.2,44.2,70.3,4.43,Cotton,2.9,685
65.6,12.1,57.2,539.2,98.5,31.7,45.0,3.9,Wheat,3.52,439
59.3,27.3,66.2,998.3,154.2,47.3,62.5,3.48,Maize,4.88,505
52.1,17.9,55.3,436.5,149.9,41.6,45.1,3.08,Wheat,4.62,467
79.8,27.4,72.9,2101.3,226.3,69.0,64.9,1.16,Rice,5.69,473
49.0,20.5,48.3,662.2,126.8,47.7,40.6,4.81,Wheat,4.73,1014
38.2,33.0,64.1,913.1,104.3,29.7,81.6,1.94,Cotton,2.99,817
46.4,17.8,57.8,89.0,106.2,53.0,38.4,2.45,Wheat,3.2,620
50.3,22.1,56.5,329.3,91.3,68.6,59.0,5.39,Wheat,4.35,750
53.2,22.0,64.6,523.6,130.0,55.5,36.0,2.46,Wheat,4.34,568
41.8,31.2,47.2,258.3,59.4,26.3,36.2,0.95,Bajra,1.71,725
48.7,22.0,64.3,633.6,43.8,78.6,54.4,5.73,Soybean,1.7,778
76.2,22.9,83.3,1583.3,198.1,40.6,103.7,0.74,Rice,5.5,80
64.8,27.1,61.6,1107.1,45.8,58.3,57.9,2.5,Soybean,2.15,662
78.0,32.1,76.9,1765.1,137.8,48.2,115.2,3.04,Rice,5.38,299
36.2,25.3,70.0,368.8,40.3,38.9,40.7,3.19,Chickpea,1.62,745
86.8,33.1,77.5,1831.9,193.0,57.2,93.9,4.29,Rice,4.26,325
68.2,29.0,82.4,1692.8,113.7,55.9,97.3,3.01,Rice,5.89,175
44.5,13.9,49.3,465.9,26.4,42.9,41.9,2.57,Chickpea,1.83,714
84.0,29.0,80.8,1118.6,198.6,39.6,117.1,0.5,Rice,6.11,466
42.1,29.7,61.8,560.8,86.9,38.2,38.3,6.0,Jowar,2.17,572
69.2,30.4,76.0,1053.3,131.6,52.0,49.7,1.13,Maize,4.74,470
44.0,31.2,48.7,526.9,80.8,22.7,45.7,5.23,Bajra,2.16,588
48.7,14.9,59.8,429.2,31.1,31.3,45.5,0.99,Chickpea,1.59,268
41.7,21.0,52.4,496.5,21.0,45.2,23.0,5.22,Chickpea,1.83,785
72.1,31.7,81.9,1014.5,200.6,48.4,102.5,3.12,Rice,5.22,465
78.7,27.4,87.4,1416.6,214.2,38.8,109.7,2.68,Rice,6.55,299
33.8,24.2,65.0,659.3,66.3,29.2,40.8,4.61,Jowar,1.88,540
46.2,31.5,35.8,543.4,67.4,19.9,35.3,0.67,Jowar,2.04,913
60.5,33.2,71.4,1179.0,50.4,81.4,61.6,2.97,Soybean,1.88,343
92.0,31.3,77.5,1886.6,202.0,65.1,128.5,0.5,Rice,5.04,181
84.5,27.8,72.6,1497.5,195.5,48.7,103.3,3.77,Rice,6.56,337
85.0,30.8,84.1,2067.9,180.5,45.1,113.2,4.29,Rice,4.28,418
51.6,28.6,62.9,646.6,40.0,79.3,52.6,1.18,Soybean,2.35,332
85.9,26.6,83.4,1689.7,142.4,53.9,79.1,1.87,Rice,4.86,458
56.5,17.3,65.3,218.9,91.6,38.3,32.9,2.94,Wheat,3.26,483
83.8,28.0,87.9,2178.9,192.1,48.1,106.1,5.78,Rice,4.96,33
85.9,26.6,83.9,1887.6,106.6,63.2,78.3,4.62,Rice,5.36,446
55.4,33.3,35.4,943.6,162.2,52.8,70.4,1.34,Cotton,2.42,698
56.5,17.0,46.6,795.9,160.8,50.3,54.3,2.95,Wheat,4.87,451
47.8,19.5,53.4,305.6,29.6,52.7,38.9,4.91,Chickpea,1.99,605
55.3,21.7,70.4,582.0,123.2,60.4,42.0,2.17,Wheat,4.7,641
60.6,26.4,61.8,781.0,130.7,52.0,73.3,6.42,Maize,4.95,723
61.2,23.5,68.3,737.7,155.1,52.1,46.5,5.1,Wheat,4.6,427
77.5,24.0,83.6,1872.7,193.5,66.5,78.6,2.32,Rice,5.08,317
54.2,17.2,54.6,113.0,112.0,53.1,20.7,2.15,Wheat,3.73,785
84.7,24.3,84.1,1490.9,150.2,33.6,85.7,4.88,Rice,5.37,189
43.2,30.5,38.2,852.5,102.1,34.7,59.9,4.91,Cotton,3.13,759
53.9,27.4,60.0,613.9,50.0,61.6,69.7,5.41,Soybean,2.18,569
51.9,24.7,54.3,485.2,115.5,38.0,38.9,4.89,Wheat,4.06,550
72.1,26.4,70.7,1009.5,52.3,48.5,40.5,1.06,Soybean,2.1,364
64.1,22.6,55.4,503.1,98.7,56.0,47.1,5.58,Maize,4.47,633
86.6,29.1,73.8,1327.7,215.9,90.9,204.2,0.5,Sugarcane,9.93,383
68.6,30.4,80.5,1076.0,34.9,56.8,57.3,2.98,Groundnut,1.51,272
56.5,16.7,52.7,249.1,113.8,24.7,35.7,3.06,Wheat,3.04,606
48.7,30.3,56.0,102.1,84.4,40.2,52.9,3.37,Bajra,1.65,838
73.2,35.3,73.1,668.7,44.1,59.8,56.6,3.58,Soybean,1.49,498
66.9,26.2,75.0,746.1,48.4,56.0,43.2,4.22,Soybean,2.41,577
87.3,26.7,87.4,1513.3,149.8,43.0,70.3,3.5,Rice,4.19,453
91.3,28.3,94.2,2500.0,197.0,63.9,102.7,6.78,Rice,4.53,243
52.8,24.3,63.3,698.4,29.1,55.3,72.7,6.42,Groundnut,1.68,889
39.5,30.4,52.0,762.1,69.8,32.8,32.8,2.09,Bajra,1.54,488
54.4,30.4,52.8,679.8,138.3,44.1,62.1,3.36,Cotton,3.21,746
59.1,26.7,54.8,921.5,111.3,44.9,70.5,5.19,Cotton,2.64,526
49.8,25.9,60.0,241.4,174.8,49.3,66.8,2.27,Wheat,3.13,908
50.3,18.2,62.6,390.3,135.0,40.2,41.0,4.91,Wheat,4.58,845
63.3,28.0,61.7,425.6,108.0,40.2,54.7,3.28,Wheat,3.57,281
68.6,23.2,63.3,1054.2,150.1,59.8,49.7,1.97,Maize,5.17,342
51.5,36.4,45.7,630.4,52.7,34.3,41.0,4.54,Bajra,1.42,781
85.7,28.5,97.1,1470.7,147.6,61.5,93.6,0.5,Rice,5.25,338
55.3,30.7,60.4,1188.5,57.2,56.6,31.6,3.32,Soybean,1.66,612
32.6,16.1,47.5,90.8,20.7,45.4,45.5,0.5,Chickpea,1.2,714
83.3,29.6,85.6,2220.4,171.0,62.1,74.4,1.46,Rice,5.09,283
49.9,21.2,49.4,814.0,118.8,59.0,41.3,3.76,Wheat,4.52,731
47.6,25.6,75.8,419.0,26.2,57.9,56.1,2.99,Groundnut,1.84,463
62.5,22.3,61.7,441.6,34.2,46.7,25.9,0.5,Chickpea,1.56,742
74.2,27.6,77.6,1726.3,163.7,51.8,70.9,5.66,Rice,5.7,0
50.9,14.6,55.3,677.0,118.8,42.9,33.8,2.92,Wheat,4.75,700
40.3,26.2,69.9,845.4,41.0,50.2,73.6,1.12,Groundnut,2.0,307
61.2,18.8,52.0,856.4,127.7,43.4,40.1,6.03,Wheat,4.21,753
81.1,28.5,64.0,2084.4,250.0,68.5,182.2,2.22,Sugarcane,9.78,324
82.2,25.7,77.3,2165.4,173.1,53.7,86.1,2.64,Rice,4.6,126
72.5,25.4,78.7,1956.2,153.7,72.0,65.1,3.32,Rice,5.9,333
53.4,29.6,65.0,495.2,132.1,52.5,54.2,0.77,Maize,4.47,409
52.9,34.9,57.4,400.0,94.0,28.4,72.4,3.0,Cotton,2.69,479
46.4,20.4,69.7,523.2,186.2,52.0,56.8,2.2,Wheat,5.4,267
47.4,24.8,64.1,679.9,31.1,57.9,72.1,3.6,Groundnut,2.15,529
64.3,30.0,51.6,853.5,46.9,54.5,64.9,6.53,Soybean,2.28,685
70.8,26.6,57.9,1108.0,56.5,68.4,45.6,2.7,Soybean,2.23,686
79.7,27.8,81.4,1483.2,152.0,31.2,63.3,3.49,Rice,5.21,285
65.0,33.5,74.1,887.1,189.5,40.6,117.3,4.69,Rice,4.42,592
85.0,25.7,89.1,1818.8,148.3,24.9,119.5,2.77,Rice,5.25,231
79.6,29.3,88.3,2104.3,150.2,93.0,121.2,2.35,Sugarcane,10.94,193
67.6,17.1,51.0,566.3,143.6,34.6,36.1,1.19,Wheat,4.51,736
55.8,29.8,62.2,681.1,139.3,34.0,88.1,5.15,Cotton,2.84,712
82.3,31.3,59.6,1498.6,246.4,97.1,185.4,7.12,Sugarcane,10.13,411
54.0,22.7,56.7,36.7,132.3,57.3,61.6,6.62,Maize,3.46,631
56.1,19.1,60.6,732.4,111.7,38.4,31.8,3.45,Wheat,4.76,529
49.8,24.1,67.6,505.8,118.3,71.0,48.0,2.73,Wheat,2.91,541
58.2,25.7,73.3,1094.2,39.4,45.3,63.9,3.39,Soybean,2.59,270
20.3,34.2,59.7,318.9,49.8,36.9,44.3,3.15,Bajra,1.6,772
34.5,28.3,47.7,733.8,79.1,30.6,40.9,0.59,Bajra,1.63,589
84.7,25.2,76.7,1531.4,196.8,65.7,92.5,0.5,Rice,5.56,406
73.0,24.8,84.5,1651.9,244.7,78.9,171.2,5.11,Sugarcane,10.45,142
40.4,24.5,40.3,398.9,58.5,31.1,37.8,6.92,Bajra,1.43,794
57.0,20.0,56.0,318.5,143.5,43.2,52.7,3.65,Wheat,4.8,701
40.2,28.9,69.2,898.2,44.7,42.2,66.7,3.07,Groundnut,2.0,401
64.0,20.5,39.0,194.0,32.4,35.0,30.2,2.29,Chickpea,1.3,1023
63.1,20.6,52.1,524.3,164.4,52.8,60.1,2.97,Wheat,5.59,702
31.2,32.0,53.8,186.1,47.8,35.9,35.2,4.27,Bajra,1.59,947
68.1,30.2,77.8,812.2,57.2,67.8,55.0,3.55,Soybean,1.95,559
61.8,24.9,84.6,1319.7,35.4,62.3,57.4,1.78,Soybean,1.81,201
60.9,23.0,71.4,979.1,123.2,40.5,56.5,3.97,Maize,4.91,379
55.5,22.7,51.8,237.3,160.5,33.6,47.8,8.61,Wheat,3.77,747
40.4,32.0,60.1,782.2,138.8,52.7,63.4,3.75,Cotton,3.11,561
82.3,26.1,72.7,828.2,224.8,65.4,88.2,4.69,Rice,4.78,455
54.8,22.7,65.7,674.1,104.0,63.8,42.2,2.31,Wheat,4.17,477
64.3,24.4,60.5,263.3,109.8,68.9,46.2,4.06,Wheat,3.56,333
47.2,16.3,49.8,693.3,31.5,64.7,22.0,5.9,Chickpea,1.32,606
45.6,19.2,64.5,517.7,30.6,39.0,24.1,3.86,Chickpea,1.84,207
73.7,19.8,67.2,412.3,156.1,37.8,51.7,3.63,Wheat,4.24,601
60.2,26.1,67.6,1125.1,45.9,78.4,44.5,4.66,Soybean,2.13,337
60.0,22.4,54.8,1168.3,150.9,48.9,62.8,2.62,Maize,4.81,433
34.5,15.0,57.2,338.4,22.7,33.1,46.2,0.5,Chickpea,1.54,595
39.2,21.4,39.4,577.7,34.2,30.0,31.9,0.9,Chickpea,1.4,768
41.9,32.9,69.2,793.7,44.1,43.9,64.5,1.86,Groundnut,1.75,257
57.3,14.3,56.3,253.9,148.6,57.1,43.5,3.78,Wheat,3.65,375
74.7,30.3,80.4,718.0,157.1,60.0,98.4,5.4,Rice,4.66,237
76.4,23.0,72.5,1239.0,145.0,55.5,88.6,0.62,Rice,6.09,82
65.4,18.8,57.5,985.7,121.6,34.9,46.3,4.43,Wheat,3.92,396
68.7,28.7,74.8,1526.0,156.7,13.3,80.6,5.44,Rice,5.87,594
82.8,29.4,91.3,2030.6,193.1,45.2,105.7,2.74,Rice,5.3,35
50.1,22.5,50.3,292.0,138.4,63.0,53.3,2.44,Wheat,4.65,785
53.3,23.3,64.4,869.5,98.9,69.8,29.8,6.12,Wheat,3.62,294
65.7,28.6,62.7,773.5,25.6,50.8,43.7,4.09,Soybean,2.0,579
87.6,32.0,71.7,2075.5,122.5,52.6,105.1,5.48,Rice,4.7,258
72.8,27.7,70.7,1800.7,126.8,58.1,95.3,5.41,Rice,6.23,336
63.3,29.5,68.1,997.3,56.2,63.7,65.8,4.67,Soybean,2.43,550
54.3,28.6,77.0,1245.8,86.0,47.4,49.8,4.76,Maize,4.47,637
54.8,26.6,69.1,259.9,52.1,66.2,50.2,3.4,Soybean,1.73,578
66.9,17.9,54.7,1011.3,134.9,41.1,68.0,1.26,Maize,3.87,584
50.5,25.4,56.2,753.4,95.3,34.4,72.3,0.53,Cotton,2.74,435
46.8,14.8,49.7,378.4,109.0,41.9,59.2,2.26,Wheat,4.01,769
55.9,17.8,64.4,509.7,132.7,44.5,37.8,2.73,Wheat,5.21,515
54.5,15.7,53.6,753.1,95.0,47.0,50.0,3.53,Wheat,3.5,734
45.9,36.2,51.4,1004.8,70.2,36.8,33.5,3.17,Jowar,1.42,584
78.7,24.9,78.3,1772.4,250.0,92.0,161.6,2.15,Sugarcane,9.3,567
43.3,22.9,46.3,394.6,32.8,58.0,36.6,1.52,Chickpea,1.69,393
50.5,8.8,57.7,673.4,34.1,35.9,41.3,1.54,Chickpea,1.36,538
60.9,24.0,69.0,1063.1,48.2,50.1,56.2,2.95,Soybean,2.18,583
40.8,19.2,52.1,235.5,29.7,44.1,28.0,2.49,Chickpea,2.13,624
69.0,27.1,70.9,726.4,142.4,53.9,56.0,4.54,Maize,4.96,352
61.5,33.6,67.1,1288.5,154.8,51.6,68.3,3.84,Cotton,2.05,392
50.6,16.2,57.2,408.9,92.1,45.4,36.8,4.01,Wheat,4.75,407
80.8,24.1,79.5,2077.6,129.4,57.7,101.1,4.02,Rice,4.74,277
58.6,33.8,56.3,1018.3,131.4,43.5,78.5,1.57,Cotton,2.42,930
53.9,18.4,48.9,104.0,135.4,40.2,47.1,3.47,Wheat,3.88,892
59.1,23.4,58.1,799.4,132.9,61.8,46.1,3.13,Wheat,4.68,393
58.8,18.7,46.1,591.7,124.0,40.3,44.6,1.69,Wheat,4.07,544
69.3,16.8,64.3,833.8,99.8,46.7,53.0,3.1,Wheat,3.98,450
55.3,25.8,63.6,1108.1,137.9,32.4,65.0,5.95,Maize,4.55,638
45.9,29.9,60.3,404.1,66.2,32.8,37.1,1.37,Jowar,2.24,470
41.2,34.1,40.9,380.2,39.4,21.7,40.5,4.3,Bajra,2.1,630
41.6,29.9,43.3,831.7,34.7,33.4,85.0,4.72,Groundnut,1.71,809
59.3,21.6,74.2,917.1,136.0,47.1,69.2,6.8,Maize,4.72,559
71.7,32.9,80.7,1422.8,187.3,51.4,84.1,1.7,Rice,5.24,261
74.5,19.4,63.6,558.4,110.0,52.7,20.0,4.69,Wheat,4.09,380
72.8,29.8,52.1,1103.3,46.6,68.5,62.2,3.66,Soybean,1.63,333
55.9,26.2,60.8,617.4,160.5,56.2,35.8,1.04,Wheat,3.81,459
59.3,23.9,63.7,1006.9,33.6,58.4,42.9,1.85,Soybean,2.14,149
56.0,12.0,64.0,633.7,127.2,62.6,29.1,3.99,Wheat,4.08,656
65.4,26.0,52.0,555.7,158.9,44.1,46.4,1.85,Wheat,3.79,544
50.9,31.0,63.6,1501.7,114.8,43.7,78.5,0.5,Cotton,2.78,508
57.5,18.0,64.5,275.9,55.2,51.6,39.1,0.99,Wheat,4.41,871
45.5,34.0,54.2,608.2,117.7,51.0,47.9,2.5,Cotton,2.91,800
33.5,29.5,47.0,361.0,67.6,19.6,35.8,3.63,Bajra,2.15,521
88.6,27.3,81.3,1511.7,190.7,45.3,63.5,0.53,Rice,4.65,440
48.4,31.7,50.7,334.5,84.5,25.1,78.3,1.79,Cotton,2.26,856
55.1,25.1,53.9,860.1,108.7,43.4,40.0,6.17,Maize,5.52,474
54.5,20.6,51.5,174.0,113.2,47.2,54.7,4.13,Wheat,4.75,541
56.5,24.7,54.9,635.2,70.7,30.1,38.7,2.56,Wheat,4.29,593
33.4,33.5,57.6,584.4,119.0,33.4,67.8,2.53,Cotton,2.32,348
82.9,27.6,80.2,1645.0,150.0,53.6,63.4,3.16,Rice,5.21,526
61.1,17.1,38.8,391.7,144.9,38.1,32.9,4.17,Wheat,4.12,376
39.8,29.4,39.8,315.4,61.5,32.3,38.4,2.67,Jowar,2.14,579
48.8,18.8,70.2,174.9,161.3,62.2,32.2,5.19,Wheat,4.01,508
38.9,26.9,51.5,736.0,80.9,33.0,42.5,3.99,Jowar,1.84,588
45.9,26.6,61.6,565.6,61.6,33.6,44.4,5.18,Jowar,2.17,593
55.5,33.0,47.5,397.1,128.1,44.7,46.7,2.74,Cotton,2.54,734
27.4,32.6,53.4,456.2,83.6,29.1,20.0,4.03,Jowar,2.03,610
78.1,30.4,68.4,1591.5,217.9,63.9,96.5,1.42,Rice,5.05,562
63.5,26.1,75.5,442.9,49.8,56.6,52.3,4.08,Soybean,2.06,143
58.9,19.5,74.6,369.9,155.8,42.3,49.0,5.22,Wheat,4.21,491
39.9,29.1,67.8,516.9,67.4,30.8,46.0,3.7,Jowar,2.44,415
66.9,30.6,80.6,1045.8,183.2,48.3,62.8,4.06,Rice,4.71,383
31.5,38.2,45.8,332.7,58.6,31.5,41.9,1.63,Jowar,1.67,744
47.4,18.9,53.1,579.9,20.0,39.7,34.5,3.75,Chickpea,1.66,489
56.0,21.0,52.3,461.9,101.7,56.3,35.9,3.76,Wheat,4.86,551
60.9,21.5,66.7,888.8,33.1,64.5,60.2,0.91,Soybean,2.15,609
63.9,13.3,57.4,562.2,97.4,50.4,62.4,2.74,Wheat,3.92,654
74.8,30.3,71.2,1486.1,250.0,78.7,210.6,2.73,Sugarcane,10.9,273
90.3,27.9,73.7,2142.2,169.8,56.0,77.9,0.5,Rice,5.16,604
76.1,29.9,85.3,1662.6,250.0,111.1,209.0,4.53,Sugarcane,11.44,622
55.0,20.1,73.8,1045.6,40.0,70.5,51.8,3.94,Soybean,1.68,185
44.2,27.7,52.4,980.1,92.5,43.8,67.4,4.86,Cotton,2.4,633
77.0,23.1,64.9,833.3,141.2,60.1,48.9,3.88,Wheat,3.55,897
61.4,22.0,69.7,386.0,158.1,29.7,53.8,6.13,Wheat,4.18,649
49.5,32.2,52.0,561.9,128.6,38.7,83.9,2.44,Cotton,2.67,675
78.4,29.0,78.2,1006.0,171.9,68.3,76.0,1.41,Rice,4.68,352
76.4,24.8,81.0,1184.7,162.0,72.0,92.8,0.5,Rice,5.42,259
72.8,28.6,65.5,902.8,170.7,69.3,85.8,0.5,Rice,5.64,461
49.6,29.3,54.4,802.3,103.5,40.3,62.3,1.94,Cotton,3.38,508
92.0,26.0,82.6,1798.4,221.7,65.4,62.7,5.03,Rice,5.31,383
82.9,30.7,81.1,2001.6,143.5,39.3,65.4,3.9,Rice,4.5,195
65.4,24.7,76.7,1000.1,47.8,45.7,64.9,4.2,Soybean,1.95,328
70.2,26.2,61.3,1220.9,118.2,61.0,46.8,2.85,Maize,4.71,300
72.5,17.0,52.2,543.3,126.1,55.3,39.6,4.58,Wheat,5.12,634
55.3,30.1,57.0,454.4,117.6,59.1,49.7,3.78,Wheat,3.97,478
45.9,25.7,66.5,569.7,72.5,26.8,33.5,3.1,Jowar,1.91,501
68.2,21.4,66.2,534.3,145.6,52.1,36.1,3.21,Wheat,4.45,697
87.5,28.7,92.4,2318.1,193.4,54.5,54.3,5.42,Rice,4.63,229
63.9,24.3,74.9,637.4,154.7,55.1,112.2,1.17,Rice,3.55,533
29.1,28.1,52.7,537.4,59.3,20.2,38.0,1.56,Jowar,1.8,693
73.3,19.7,68.3,621.4,86.1,45.1,53.1,1.9,Wheat,3.35,517
28.0,29.6,38.6,506.5,74.9,33.1,45.6,2.27,Jowar,2.19,719
48.6,20.7,49.8,430.3,30.5,16.0,35.1,5.74,Chickpea,1.74,624
62.6,18.9,54.2,377.5,88.9,56.2,48.8,0.5,Wheat,4.65,764
82.3,24.6,66.5,1697.9,184.2,99.2,79.6,4.99,Sugarcane,7.51,219
31.3,27.3,62.9,140.4,79.1,29.7,35.9,0.87,Jowar,1.79,818
50.4,25.6,58.9,699.7,23.9,49.9,70.7,3.27,Groundnut,1.96,577
84.2,27.9,78.1,1497.1,165.5,74.5,80.3,0.5,Rice,4.73,212
47.2,31.5,59.4,378.0,35.9,78.7,52.7,4.49,Groundnut,1.9,532
53.8,26.6,61.5,456.2,28.5,41.5,71.4,1.87,Groundnut,1.75,477
50.0,16.5,47.8,923.6,135.8,51.6,47.2,2.81,Wheat,3.87,653
48.0,28.7,61.0,929.4,37.1,48.9,57.2,2.96,Groundnut,1.8,415
53.3,25.4,44.2,383.9,144.1,55.1,44.2,0.82,Wheat,4.16,892
34.3,30.1,52.8,349.8,44.7,28.9,40.5,1.94,Bajra,2.11,539
46.2,23.9,63.7,796.2,118.7,33.5,77.4,2.06,Wheat,3.61,170
85.3,27.6,81.0,1849.9,225.3,78.4,96.0,0.98,Rice,6.0,159
56.7,28.6,79.4,970.5,47.5,47.1,60.7,4.82,Soybean,2.27,68
27.0,23.0,55.0,469.4,55.2,22.7,48.5,3.8,Bajra,1.5,623
82.5,27.5,75.5,1850.1,135.9,53.9,81.1,0.68,Rice,5.45,471
75.0,29.5,71.2,992.1,26.8,49.2,56.0,2.03,Soybean,2.09,539
44.1,26.9,47.9,778.1,68.1,29.6,41.0,2.61,Jowar,1.93,437
61.6,21.1,62.7,734.0,138.0,53.4,48.5,5.43,Maize,4.83,419
74.5,27.2,76.6,1036.5,204.6,53.4,77.1,1.97,Rice,4.62,668
42.5,27.8,47.7,610.0,93.2,46.1,75.8,5.97,Cotton,3.39,715
33.5,40.0,47.8,79.9,64.4,32.2,35.6,3.0,Bajra,1.25,725
59.0,25.6,66.7,822.3,42.3,72.1,52.5,4.17,Soybean,2.67,659
73.6,22.8,84.4,1453.4,215.9,54.6,84.5,2.94,Rice,4.91,671
60.6,15.3,75.2,869.9,162.1,59.0,58.0,3.91,Wheat,4.03,624
48.7,16.5,71.7,464.8,99.3,52.1,59.1,2.87,Wheat,4.51,523
64.0,13.5,65.3,876.3,142.2,43.8,30.5,4.2,Wheat,3.03,554
72.4,17.1,86.6,620.5,166.1,51.8,34.0,4.26,Wheat,4.58,464
54.7,30.2,69.4,520.1,174.8,43.6,59.1,2.92,Maize,5.33,417
36.2,16.2,55.6,318.0,26.5,50.8,20.0,3.3,Chickpea,1.72,479
44.6,16.3,57.6,427.6,23.4,40.9,22.9,4.88,Chickpea,1.63,623
54.1,37.1,43.1,557.8,117.2,37.5,74.2,4.59,Cotton,2.29,557
38.6,27.2,41.3,610.4,69.7,32.0,57.0,3.06,Jowar,1.99,700
55.7,9.9,67.3,562.6,118.1,36.6,51.1,6.33,Wheat,3.61,538
60.5,13.7,56.9,714.2,126.9,46.9,58.0,7.12,Wheat,3.53,948
57.6,22.9,75.0,632.5,112.4,52.8,75.9,5.34,Maize,4.6,323
52.3,29.4,49.3,608.8,121.8,47.6,77.7,5.02,Cotton,2.44,636
68.8,23.6,74.0,608.3,145.1,42.2,26.2,5.56,Wheat,4.71,440
72.3,25.9,77.4,1409.6,183.6,50.6,124.7,1.37,Rice,5.76,411
59.7,20.2,67.5,953.4,138.5,47.3,53.3,3.83,Wheat,4.46,634
48.8,28.9,41.4,686.4,66.4,24.3,34.7,3.77,Jowar,1.83,625
46.6,15.1,48.0,491.0,146.4,36.9,48.3,2.84,Wheat,4.64,550
64.5,17.9,55.8,116.2,127.7,40.6,66.4,4.97,Wheat,3.0,411
81.3,26.8,72.0,1221.0,160.8,46.8,51.8,1.63,Rice,5.95,261
80.1,29.7,73.0,1421.1,237.2,54.0,176.5,2.14,Sugarcane,10.3,456
61.7,25.3,71.6,850.8,147.6,37.1,70.2,0.64,Maize,5.5,460
76.7,29.5,80.5,2039.9,152.6,37.9,79.2,2.13,Rice,5.35,99
78.3,25.8,57.8,1636.9,211.8,70.5,177.9,1.47,Sugarcane,10.98,403
50.3,28.8,45.3,374.2,20.0,49.4,69.4,2.34,Groundnut,1.96,714
75.0,27.7,85.8,1989.0,147.9,44.4,76.3,4.28,Rice,4.88,309
44.2,15.7,56.1,692.2,133.9,50.6,43.6,4.24,Wheat,3.79,502
77.2,31.2,63.7,1333.1,249.6,98.6,161.1,0.5,Sugarcane,11.17,415
70.2,23.8,69.9,765.1,165.6,48.7,63.9,5.25,Wheat,3.22,195
55.2,34.0,63.7,838.0,72.2,32.6,88.9,3.45,Cotton,2.36,338
69.5,17.1,70.7,959.0,105.0,41.2,38.2,4.92,Wheat,3.27,697
56.0,25.9,59.6,657.0,165.2,38.7,65.5,3.48,Maize,5.54,232
71.6,28.2,82.6,1031.5,177.0,57.6,89.1,2.54,Rice,5.55,297
62.5,20.9,68.3,1065.2,91.1,49.8,60.0,1.93,Maize,3.95,486
42.6,29.3,55.6,519.4,57.2,34.5,38.7,5.95,Jowar,2.01,561
44.7,34.1,27.4,462.7,52.5,28.5,57.8,4.46,Bajra,1.91,682
59.1,23.2,63.6,803.7,33.0,36.6,62.3,3.05,Soybean,2.14,512
29.8,32.2,45.2,610.5,49.0,25.9,38.6,3.54,Bajra,1.81,683
65.6,22.8,68.9,836.1,52.5,51.7,54.2,0.5,Soybean,2.11,463
63.1,24.7,69.2,998.3,55.9,47.3,58.6,3.16,Soybean,2.41,162
61.1,31.8,71.6,963.5,57.0,77.8,49.8,6.03,Soybean,1.71,416
56.9,16.9,63.3,333.1,117.7,44.3,43.4,2.01,Wheat,3.75,451
48.7,30.4,53.2,695.0,105.3,36.6,74.0,2.38,Cotton,2.83,531
48.7,25.8,53.2,667.1,45.2,52.8,73.5,2.32,Groundnut,1.91,654
73.5,28.1,77.8,2019.2,250.0,78.6,130.6,4.27,Sugarcane,10.76,374
21.5,35.1,45.6,271.8,66.1,31.9,28.5,3.97,Bajra,1.77,857
60.6,23.2,53.9,504.4,128.1,56.5,36.3,3.75,Wheat,4.49,556
55.7,27.4,45.3,349.3,178.7,42.3,20.0,4.38,Wheat,3.76,855
69.9,25.2,60.3,909.0,44.6,77.7,56.4,5.36,Soybean,2.06,716
44.0,18.6,56.5,341.2,26.3,53.8,34.6,2.85,Chickpea,1.74,810
53.8,15.8,42.8,465.8,113.5,65.0,27.5,3.79,Wheat,4.68,931
42.8,33.0,22.3,402.5,70.8,38.3,28.3,3.26,Bajra,2.27,815
39.8,27.7,64.3,411.0,40.8,47.8,76.8,4.46,Groundnut,1.74,539
65.7,24.6,51.4,405.8,164.2,38.2,34.0,2.7,Wheat,3.32,791
31.7,29.6,37.1,275.6,68.2,39.0,48.1,2.71,Jowar,2.04,559
38.7,25.4,54.3,553.7,73.9,33.9,33.5,5.26,Jowar,2.15,657
52.5,28.3,70.8,959.9,41.1,61.0,61.5,4.69,Soybean,2.21,363
85.9,28.0,80.6,1845.7,242.3,115.6,172.9,4.06,Sugarcane,11.34,218
57.1,27.6,92.6,892.1,137.5,42.4,60.7,1.23,Maize,5.43,27
58.6,29.4,66.1,616.1,154.0,50.5,43.7,4.91,Maize,4.93,388
36.2,22.1,68.5,738.9,158.9,34.6,55.1,6.12,Maize,5.45,488
48.7,32.2,57.2,517.2,123.7,37.0,103.0,2.22,Cotton,3.07,745
50.6,24.4,66.7,165.8,112.6,47.8,42.8,2.14,Wheat,3.49,732
85.3,33.3,84.2,1706.9,197.6,42.9,82.3,2.26,Rice,5.02,254
28.9,20.7,44.3,24.8,31.8,60.0,33.3,2.81,Chickpea,1.59,722
35.3,28.2,56.1,573.0,81.3,39.8,45.0,1.82,Jowar,2.03,480
53.8,17.2,53.2,403.3,153.4,39.0,40.2,3.92,Wheat,4.34,713
90.5,31.3,84.0,1104.3,234.5,100.3,198.4,3.41,Sugarcane,8.19,293
44.9,17.6,54.1,364.5,27.1,45.2,21.4,2.94,Chickpea,1.74,743
59.1,24.6,59.9,1099.9,43.5,62.6,38.2,3.76,Soybean,2.46,784
65.0,23.1,71.7,526.2,34.3,59.4,53.2,0.5,Soybean,1.84,489
48.1,22.9,38.9,786.7,129.6,61.1,46.8,5.02,Wheat,4.32,475
66.8,17.8,58.3,374.4,139.1,40.5,56.5,2.88,Wheat,4.57,483
33.2,32.5,53.8,592.8,73.3,34.2,51.8,1.62,Jowar,1.87,397
50.9,12.6,50.3,291.9,31.7,47.3,42.1,4.15,Chickpea,1.33,499
48.8,27.7,56.3,1064.6,20.0,64.2,60.7,3.26,Groundnut,2.37,748
71.7,25.7,87.3,1130.4,155.2,47.0,96.9,3.79,Rice,5.07,342
79.7,28.8,85.6,1800.0,181.9,42.6,54.3,0.5,Rice,4.86,14
60.8,25.8,66.9,1077.9,59.8,68.6,49.1,1.89,Soybean,2.1,562
62.3,31.7,47.8,1216.1,111.7,38.6,44.8,1.21,Cotton,2.49,787
60.1,19.5,71.9,681.5,125.6,59.4,33.3,3.12,Wheat,5.25,417
61.8,17.5,64.1,549.1,112.3,71.0,53.8,0.89,Wheat,4.06,445
48.8,32.5,60.4,649.4,36.8,43.7,53.5,5.42,Groundnut,2.03,514
66.0,22.9,62.5,606.6,127.8,66.3,52.8,1.73,Wheat,4.42,599
77.9,24.0,78.8,1217.0,204.7,64.4,145.5,0.5,Rice,5.52,454
71.6,27.4,82.8,1321.9,168.8,66.5,87.7,2.69,Rice,5.66,499
36.5,20.7,41.6,0.0,110.2,40.3,72.7,1.69,Cotton,1.27,958
82.9,27.9,88.8,1741.7,135.1,56.3,71.2,1.31,Rice,5.7,420
54.1,18.6,64.2,743.6,173.9,38.0,54.7,3.54,Wheat,5.22,736
53.6,22.2,61.0,911.7,34.1,56.8,73.4,3.82,Groundnut,1.58,631
72.5,30.4,79.6,1746.5,178.3,72.8,83.6,2.73,Rice,5.32,54
83.8,26.4,86.6,2288.2,109.2,63.2,68.4,1.91,Rice,4.94,181
51.3,26.6,73.1,1250.3,40.3,56.2,64.9,2.57,Groundnut,1.78,441
42.4,20.0,56.8,328.7,33.3,30.3,35.4,4.3,Chickpea,1.75,574
54.8,30.9,82.0,703.1,149.3,42.1,39.9,4.22,Maize,5.16,534
58.3,30.9,69.6,636.3,34.1,49.4,76.4,3.17,Groundnut,1.95,440
41.8,30.3,50.1,658.3,70.2,33.4,20.0,2.96,Bajra,1.7,499
62.5,28.3,59.5,528.0,127.0,41.3,43.3,1.79,Maize,4.33,812
75.2,27.2,77.8,2500.0,208.4,111.0,139.8,0.88,Sugarcane,8.77,332
55.9,14.0,70.7,614.9,130.7,57.9,45.1,2.94,Wheat,4.19,524
51.5,29.2,69.6,300.5,140.0,44.1,55.1,3.42,Maize,4.15,682
60.1,25.1,59.2,460.5,197.2,60.7,50.7,5.23,Maize,5.49,764
53.8,31.1,71.6,754.4,48.1,73.6,65.9,2.37,Soybean,2.25,518
49.4,24.9,76.8,1098.3,50.6,72.0,63.9,4.43,Soybean,2.05,2
55.1,20.2,67.5,487.3,71.5,45.9,57.6,3.9,Wheat,5.69,427
64.9,24.9,72.5,859.7,45.5,44.6,45.7,3.37,Soybean,1.96,374
67.3,24.6,64.2,1131.2,124.0,50.8,51.1,5.79,Maize,4.99,323
57.7,19.4,67.7,378.4,154.8,57.3,40.7,5.53,Wheat,4.36,575
72.6,29.2,68.8,1813.6,180.9,68.0,144.3,4.67,Sugarcane,11.69,542
41.7,12.9,61.0,659.3,153.5,44.8,42.0,1.36,Wheat,3.56,485
51.4,29.8,70.7,901.4,37.0,58.0,56.3,3.18,Groundnut,2.23,278
78.0,29.6,87.9,1235.2,173.1,57.6,108.1,3.56,Rice,5.49,606
39.9,17.4,52.3,648.5,33.8,38.1,50.0,2.95,Chickpea,1.74,558
83.5,29.7,76.9,1808.6,174.3,50.2,86.4,1.58,Rice,5.43,111
45.6,31.8,52.3,911.1,100.7,33.6,54.8,0.91,Cotton,2.95,632
48.2,26.9,53.0,717.3,34.3,59.8,68.3,4.76,Groundnut,2.28,680
63.8,25.1,47.9,177.4,159.5,40.6,53.5,5.09,Maize,3.93,604
68.7,23.5,66.0,508.6,148.3,55.6,44.4,5.68,Wheat,4.43,663
50.5,25.8,52.3,840.7,116.6,43.4,91.2,3.04,Cotton,2.39,529
86.3,22.7,83.6,1773.7,188.9,27.5,85.2,2.33,Rice,4.73,121
64.7,28.8,78.1,1665.6,175.1,63.7,112.1,2.55,Rice,5.73,337
49.7,18.1,56.0,623.5,28.5,55.3,27.7,2.23,Chickpea,1.61,723
59.3,29.1,54.9,694.2,120.6,54.1,54.7,5.59,Wheat,3.74,505
52.5,18.6,59.8,156.3,123.7,62.0,33.4,3.4,Wheat,3.81,683
41.9,30.9,48.5,484.3,74.3,38.9,42.9,5.5,Cotton,2.52,660
32.9,32.1,60.2,331.7,65.4,26.2,40.4,3.77,Jowar,1.69,1023
82.4,24.7,84.3,1750.5,138.3,58.6,63.9,3.8,Rice,5.16,152
56.3,18.0,68.8,565.0,181.4,52.4,51.8,2.33,Wheat,4.31,726
39.5,28.6,69.0,742.0,151.4,40.8,90.5,0.5,Cotton,2.95,479
61.8,29.1,54.3,1075.1,139.2,44.2,50.6,4.45,Maize,5.3,540
70.9,18.3,49.0,492.0,135.0,48.9,45.6,4.75,Wheat,4.12,782
57.5,21.1,56.5,759.8,155.3,49.4,20.0,3.83,Wheat,4.52,721
34.6,29.4,43.8,269.4,65.7,22.9,29.9,2.64,Bajra,2.01,926
41.1,26.3,44.1,529.6,21.6,36.0,69.9,3.26,Groundnut,2.23,751
37.4,29.1,59.1,727.2,53.1,29.0,43.9,5.43,Jowar,2.07,473
56.9,26.1,68.3,1011.5,52.0,54.8,51.0,3.64,Soybean,2.65,375
40.9,31.4,63.0,624.3,109.0,45.1,67.5,3.98,Cotton,3.25,628
65.3,23.9,65.6,457.8,165.0,39.0,69.8,3.46,Maize,4.42,640
58.6,28.7,74.1,579.5,164.0,37.5,74.2,2.08,Maize,4.69,685
58.2,28.9,71.1,869.7,40.7,45.4,73.8,1.12,Groundnut,2.26,520
51.9,24.6,50.2,324.5,28.4,63.8,40.7,2.95,Chickpea,1.62,845
45.6,14.3,48.3,18.6,25.1,42.8,35.9,2.47,Chickpea,1.25,962
45.0,25.8,65.6,930.9,34.7,60.1,56.8,2.56,Groundnut,1.83,515
87.8,31.7,80.0,1384.4,182.5,58.5,101.6,4.04,Rice,4.93,97
59.5,23.6,58.8,708.4,117.5,30.0,79.9,5.81,Maize,4.36,388
62.0,23.0,55.8,821.4,167.9,37.4,44.9,6.54,Wheat,3.86,357
51.1,29.5,54.4,817.2,168.2,45.4,63.9,4.24,Maize,4.15,838
77.3,28.0,83.6,1289.4,121.9,40.3,104.4,3.67,Rice,6.41,182
81.2,30.3,66.5,1631.0,140.1,86.1,118.8,5.63,Sugarcane,12.0,586
49.2,28.5,60.7,589.7,31.7,27.7,45.0,1.86,Bajra,1.71,662
55.1,21.6,59.6,992.3,120.5,62.0,43.4,2.67,Wheat,4.13,795
64.5,23.6,46.8,800.8,183.9,50.0,51.8,1.82,Maize,4.75,806
32.8,29.7,41.1,577.8,107.5,25.6,73.8,3.11,Cotton,2.79,699
44.4,31.9,41.1,566.6,68.0,32.5,39.9,4.38,Bajra,2.11,685
47.7,18.9,65.6,446.7,20.0,39.6,40.8,4.99,Chickpea,1.85,565
56.8,23.8,57.7,959.2,95.1,47.5,63.1,3.72,Maize,4.67,575
53.4,23.1,57.4,305.1,137.3,35.9,51.9,6.26,Wheat,3.85,549
85.1,27.1,73.4,1129.5,213.9,54.4,82.3,4.29,Rice,5.33,400
48.1,28.4,55.9,803.8,53.7,48.8,57.1,4.35,Soybean,2.2,831
92.0,21.7,91.5,1350.7,147.8,49.2,94.5,2.38,Rice,4.26,0
56.8,24.0,70.9,1331.7,46.5,63.6,72.9,2.93,Soybean,2.36,439
30.6,31.7,45.1,958.5,143.6,38.0,66.1,2.02,Cotton,2.57,503
57.0,20.5,46.1,573.2,133.5,43.1,50.5,5.53,Wheat,4.46,710
74.9,31.8,60.5,867.8,30.1,51.0,70.0,3.03,Groundnut,1.53,668
84.9,28.8,83.1,1579.1,172.6,54.8,88.3,4.17,Rice,5.36,277
63.6,29.8,54.3,297.9,99.4,38.6,38.5,2.53,Wheat,3.14,775
91.0,25.5,85.7,1158.4,182.7,49.2,106.7,5.95,Rice,4.54,68
37.0,37.7,43.5,621.0,51.3,29.3,32.5,4.55,Jowar,1.37,866
39.5,25.0,44.2,843.4,47.1,79.3,63.8,1.13,Soybean,2.04,570
39.0,33.4,41.5,457.6,64.6,29.9,51.7,4.56,Bajra,1.98,822
62.0,17.8,58.9,910.3,97.1,46.6,34.3,2.74,Wheat,3.15,573
47.3,32.4,51.1,494.8,63.3,25.8,37.1,5.25,Jowar,1.85,254
58.1,16.3,59.4,489.2,21.3,39.7,43.7,3.31,Chickpea,1.51,477
35.1,32.9,48.8,34.7,79.7,30.8,41.0,2.71,Bajra,1.67,757
89.5,31.0,82.7,2335.8,194.1,53.5,86.3,2.76,Rice,3.57,458
62.0,25.2,77.9,588.7,123.0,45.8,31.1,3.37,Wheat,4.42,482
44.6,27.3,50.2,875.7,115.9,52.3,58.2,2.3,Cotton,2.58,656
45.5,9.4,52.8,492.5,29.4,39.9,26.0,1.68,Chickpea,1.29,424
46.7,27.1,61.7,672.1,73.2,34.8,56.1,3.46,Cotton,2.61,775
63.7,21.2,69.9,708.0,114.2,41.3,61.0,3.36,Wheat,3.84,765
75.9,30.6,81.1,1622.4,160.0,49.2,68.2,3.04,Rice,5.72,299
55.8,19.9,48.8,486.1,113.8,45.7,67.8,3.82,Maize,4.13,638
80.4,28.1,86.3,1794.3,157.0,36.3,114.6,3.29,Rice,5.62,0
76.2,26.5,70.2,372.4,141.6,37.4,67.3,3.57,Maize,3.52,662
50.9,27.1,54.9,28.7,33.8,61.5,83.9,2.01,Groundnut,1.96,1023
67.6,24.0,52.8,583.5,136.1,40.2,42.5,5.67,Maize,5.22,743
80.2,27.2,82.1,2060.6,250.0,87.0,238.3,1.26,Sugarcane,10.67,441
67.0,25.7,68.9,1000.8,160.2,29.4,53.9,5.49,Maize,5.41,539
72.5,25.3,61.1,1066.0,153.6,48.4,58.3,3.37,Maize,5.63,355
50.1,11.9,41.7,645.1,24.9,45.3,32.8,0.5,Chickpea,1.3,911
70.5,29.1,74.2,2185.1,192.4,63.7,124.0,2.96,Rice,4.42,89
71.6,28.4,83.7,2265.6,133.1,68.8,88.0,1.67,Rice,4.87,185
50.3,30.3,77.5,766.8,20.0,44.2,56.6,0.94,Groundnut,2.15,462
72.7,30.3,57.1,1039.2,130.0,52.5,49.8,4.54,Maize,4.67,679
65.5,24.8,68.0,1140.7,38.6,56.6,32.6,4.31,Soybean,2.11,509
27.4,27.2,34.7,345.2,52.5,25.4,33.5,4.94,Bajra,1.73,838
83.1,23.6,69.8,1618.2,142.4,70.9,105.4,1.4,Rice,4.93,255
92.0,23.8,86.5,1684.5,194.8,64.4,86.8,2.43,Rice,5.08,55
55.5,29.6,42.7,591.4,35.9,49.0,65.5,3.48,Groundnut,2.53,712
56.6,15.5,79.5,402.0,120.5,41.9,36.2,1.44,Wheat,3.97,339
69.6,21.1,71.8,1148.8,153.9,37.7,48.8,4.56,Maize,4.94,212
83.0,29.7,76.2,1867.8,177.8,94.2,240.0,3.49,Sugarcane,10.39,104
61.7,21.1,74.3,1226.8,46.7,69.8,30.1,3.12,Soybean,1.73,310
39.7,23.4,59.0,216.8,33.2,56.1,43.8,5.22,Chickpea,1.67,343
36.3,26.6,42.5,300.1,61.7,27.5,37.4,5.17,Bajra,1.85,526
52.7,33.8,71.5,1095.9,28.1,58.9,56.0,2.85,Groundnut,1.5,170
47.1,26.1,61.6,1054.1,105.4,23.8,77.3,1.49,Cotton,2.84,534
60.9,29.6,61.9,1147.4,44.8,63.1,53.1,4.34,Groundnut,1.83,554
79.2,27.1,79.2,2164.6,199.9,104.6,154.5,5.05,Sugarcane,12.0,563
62.2,27.1,72.9,758.2,169.0,52.2,98.9,0.5,Rice,5.04,223
47.5,17.0,45.6,362.1,140.0,42.6,50.5,1.62,Wheat,3.9,603
90.7,29.8,91.8,1972.5,168.5,57.2,82.6,3.06,Rice,5.13,343
80.1,27.4,80.9,1460.9,154.1,48.4,93.0,3.32,Rice,5.44,280
57.6,20.8,65.3,837.6,123.9,40.4,49.5,4.43,Wheat,3.74,453
54.3,27.4,60.0,1135.7,27.1,53.6,69.5,3.27,Groundnut,1.63,772
75.3,29.1,80.1,1148.6,143.4,44.3,77.5,0.72,Rice,5.67,301
41.1,32.6,69.1,760.1,30.3,56.5,86.8,7.33,Groundnut,1.81,305
51.8,18.9,64.1,1022.4,70.3,32.5,43.6,3.14,Jowar,1.08,286
47.9,20.6,48.5,445.5,20.0,35.8,40.0,5.28,Chickpea,2.1,731
53.1,26.3,51.9,531.7,55.7,31.2,56.2,4.2,Jowar,1.77,692
48.7,12.8,53.8,0.0,114.1,37.4,58.8,3.19,Wheat,3.22,480
84.7,26.4,75.0,1583.7,170.3,58.5,119.0,1.09,Rice,5.27,187
55.4,26.3,58.3,525.1,32.2,77.8,53.6,3.02,Soybean,2.3,681
43.0,27.3,50.8,515.6,116.4,24.8,70.1,0.5,Cotton,2.53,744
61.0,15.8,59.4,802.0,122.4,43.3,39.9,4.75,Wheat,3.78,455
63.0,29.7,64.2,1116.6,45.0,47.9,46.7,3.82,Soybean,1.85,573
55.3,27.4,62.3,1148.3,84.4,37.8,83.5,4.67,Cotton,2.6,576
65.1,22.3,66.0,666.8,29.7,37.0,35.3,3.2,Chickpea,1.11,244
45.2,30.2,49.5,241.2,67.1,30.5,43.2,1.86,Jowar,1.86,647
59.2,33.7,58.7,640.3,42.8,32.2,44.0,1.76,Jowar,1.56,645
63.3,29.6,82.2,1170.6,48.3,54.1,45.6,5.9,Soybean,1.93,248
55.2,24.0,65.1,1522.9,35.7,41.2,58.0,0.95,Soybean,1.91,88
52.2,21.7,55.6,891.6,107.3,47.1,56.0,6.23,Wheat,4.86,529
71.3,22.7,75.6,992.7,121.2,34.1,51.4,2.73,Maize,5.27,522
48.7,29.6,75.0,448.8,31.9,50.0,62.4,2.97,Groundnut,2.22,723
55.5,22.2,72.6,822.4,163.9,53.5,37.3,6.3,Wheat,5.34,109
61.6,28.9,74.6,1021.9,39.7,82.9,70.5,2.27,Soybean,2.3,814
56.8,26.1,53.8,943.2,141.4,39.6,67.2,4.59,Maize,5.42,405
80.2,30.4,92.5,2500.0,242.2,41.6,96.9,3.78,Rice,5.23,307
55.9,19.5,60.2,575.0,198.1,57.2,44.4,1.3,Wheat,4.64,768
58.9,15.0,63.8,518.4,112.5,32.9,38.7,4.7,Wheat,3.96,709
71.1,17.8,67.4,540.3,109.9,48.0,47.8,3.26,Wheat,4.4,549
92.0,23.9,86.8,2500.0,166.8,58.7,52.8,1.72,Rice,3.27,4
55.2,23.6,56.0,519.3,133.6,50.6,49.8,3.21,Maize,3.67,713
58.1,29.8,41.6,763.3,172.1,46.8,46.4,3.37,Maize,4.43,580
43.6,19.7,57.6,161.0,29.1,57.3,20.0,3.91,Chickpea,1.27,256
60.7,18.0,67.6,475.0,171.5,54.4,37.9,6.14,Wheat,3.8,971
72.3,24.1,88.2,1731.7,187.0,52.5,94.0,2.24,Rice,4.75,351
54.4,26.0,72.3,1025.8,61.1,49.3,54.6,7.16,Soybean,2.34,708
55.5,26.7,70.5,249.2,125.4,43.4,47.6,2.47,Maize,4.94,397
61.2,25.8,65.6,332.6,175.4,58.3,36.2,4.66,Maize,3.93,793
45.4,32.7,63.7,303.2,89.4,40.2,83.4,3.78,Cotton,2.45,831
32.5,28.0,39.0,822.4,84.7,48.0,53.1,2.52,Jowar,1.85,943
38.2,33.7,38.0,728.7,100.6,42.7,95.0,3.94,Cotton,2.48,716
37.0,29.5,55.3,560.5,80.5,45.7,41.9,3.91,Jowar,2.35,430
74.7,20.8,83.8,407.5,138.4,49.2,55.8,4.06,Maize,3.5,388
51.1,26.6,61.3,342.3,120.8,45.4,71.0,2.03,Cotton,2.06,256
48.7,29.4,65.7,833.1,110.5,56.1,72.9,4.08,Cotton,3.04,238
66.2,27.3,62.6,698.7,42.6,46.1,43.0,1.98,Soybean,2.22,557
37.5,38.2,33.0,320.1,45.0,31.8,61.0,5.08,Bajra,1.58,636
57.4,15.1,54.7,429.9,110.1,61.4,36.4,0.5,Wheat,3.6,611
78.9,28.3,73.9,1837.8,154.2,35.3,91.1,3.21,Rice,5.41,302
53.1,34.0,41.0,416.5,84.3,33.8,38.6,3.68,Jowar,1.81,1023
50.9,27.6,66.5,1196.0,168.9,40.2,38.5,2.14,Maize,5.17,650
53.6,24.0,68.7,296.9,144.5,51.0,45.4,4.47,Wheat,3.33,539
42.7,15.0,54.5,103.4,33.0,50.4,32.4,4.11,Chickpea,1.49,864
77.1,30.2,81.7,1996.4,250.0,113.6,196.1,3.04,Sugarcane,10.84,133
73.4,26.6,68.4,1845.5,204.1,104.1,180.4,3.0,Sugarcane,11.99,304
39.6,33.2,41.9,319.5,61.5,29.1,27.3,3.8,Bajra,2.07,878
70.7,21.0,82.8,720.0,148.2,45.6,39.6,4.41,Wheat,3.76,192
43.4,20.7,57.1,492.1,31.2,39.6,47.6,3.23,Chickpea,1.7,568
67.9,27.7,70.4,759.1,48.3,62.3,40.9,3.47,Soybean,2.36,269
44.0,25.1,31.3,100.1,23.4,38.4,29.9,3.92,Chickpea,1.39,836
82.8,31.2,80.8,1723.0,133.1,29.2,134.6,4.53,Rice,4.69,539
58.2,31.7,39.5,375.0,71.7,41.3,76.4,2.85,Cotton,2.53,630
44.0,24.7,60.4,712.9,127.8,54.3,65.4,0.58,Maize,6.05,593
70.6,29.8,72.9,1429.2,187.2,64.7,67.4,2.83,Rice,5.8,233
66.3,17.5,79.4,1181.4,85.6,43.9,48.4,4.98,Maize,3.48,177
35.6,32.6,56.0,448.0,63.8,30.6,30.6,2.76,Bajra,1.96,433
79.7,32.1,85.7,2004.6,250.0,64.8,140.5,3.17,Sugarcane,8.99,456
73.6,29.5,53.6,1627.6,250.0,106.1,242.4,6.26,Sugarcane,10.43,861
61.9,24.0,67.5,705.7,93.4,59.5,25.6,3.65,Wheat,3.98,578
60.2,26.0,54.1,641.6,157.5,47.2,44.1,3.21,Maize,5.04,504
48.2,30.7,58.3,361.3,56.9,28.3,46.9,3.02,Bajra,1.78,727
46.6,31.0,38.8,499.2,82.1,35.7,48.9,1.32,Jowar,2.07,686
73.8,27.7,68.7,799.0,199.8,60.3,103.8,0.5,Rice,4.37,607
43.9,26.7,47.9,238.2,86.3,30.1,72.1,3.9,Cotton,1.98,752
39.0,24.0,33.9,512.3,82.7,25.7,42.3,1.42,Jowar,2.05,810
50.8,25.7,48.5,796.0,28.6,74.0,66.7,0.5,Groundnut,2.18,732
51.6,19.0,44.6,478.6,34.4,61.7,41.5,4.89,Chickpea,1.92,612
58.7,22.4,52.0,350.5,139.8,66.4,43.3,2.73,Wheat,4.05,603
79.3,29.4,69.2,1932.3,186.9,37.0,62.6,3.57,Rice,5.56,74
71.5,32.6,78.1,2340.8,155.3,88.1,145.6,3.25,Sugarcane,8.98,173
47.0,35.9,50.4,509.9,34.9,35.5,38.8,1.99,Bajra,1.61,438
76.8,33.4,75.5,1639.4,250.0,96.9,159.7,2.75,Sugarcane,9.26,308
68.6,25.5,68.1,884.7,49.2,52.4,42.5,2.93,Soybean,2.01,328
67.3,22.6,68.4,688.5,158.6,58.4,43.6,2.22,Wheat,4.14,514
60.4,24.0,54.6,96.7,132.6,40.4,46.1,4.41,Wheat,3.44,747
48.2,30.9,65.1,1060.2,100.9,48.5,65.4,1.36,Cotton,2.38,257
67.5,25.7,78.6,1260.2,41.5,80.9,61.6,4.25,Soybean,1.85,225
55.3,27.9,63.5,284.5,102.8,38.7,97.9,0.82,Cotton,2.24,442
54.9,22.7,51.5,741.3,111.3,61.0,52.4,3.71,Wheat,4.4,738
64.1,23.9,64.2,1175.6,49.2,52.8,48.3,1.77,Soybean,1.74,734
72.8,25.5,74.6,1740.3,171.5,45.8,71.3,2.9,Rice,5.97,457
39.5,35.4,60.9,609.7,76.3,27.5,44.1,5.26,Jowar,1.57,513
44.8,29.8,70.4,914.3,95.8,39.8,94.8,3.14,Cotton,3.03,682
64.5,25.9,48.6,917.3,26.9,68.0,56.5,2.32,Soybean,2.11,388
53.0,24.5,84.7,1272.6,135.9,41.8,40.0,3.43,Maize,4.5,541
91.5,24.9,91.7,1939.9,196.5,65.1,94.0,0.78,Rice,4.5,103
36.4,27.7,43.2,415.0,52.2,44.6,26.5,7.33,Jowar,2.39,288
49.3,22.8,48.0,372.8,64.1,22.9,44.3,4.81,Jowar,1.71,1023
40.3,28.9,70.3,738.6,29.0,44.2,60.0,1.92,Groundnut,2.5,722
63.9,33.7,78.4,650.6,182.6,46.4,100.1,1.95,Rice,3.31,266
53.1,29.9,65.3,334.5,131.5,40.5,73.5,5.64,Cotton,2.07,594
58.9,30.1,83.7,957.5,122.2,33.6,56.7,3.34,Maize,5.1,317
70.0,29.0,77.4,902.6,45.6,46.4,56.8,6.61,Soybean,2.19,418
61.2,24.8,64.5,1132.1,138.9,60.2,40.4,3.69,Maize,4.6,243
47.2,17.0,42.5,753.9,28.5,37.8,39.6,4.36,Chickpea,1.37,580
38.7,31.0,61.2,607.5,74.4,22.9,31.0,3.14,Jowar,2.25,638
42.3,34.8,70.8,362.2,39.5,46.5,52.5,2.29,Groundnut,1.08,556
41.2,31.2,56.8,461.4,71.8,32.4,35.5,3.03,Bajra,1.77,803
60.7,21.3,54.7,330.7,101.4,52.6,36.5,3.99,Wheat,4.38,661
80.4,27.5,86.0,2026.3,162.4,47.9,77.0,2.92,Rice,5.0,591
57.6,16.7,78.6,952.3,134.6,40.6,47.7,4.61,Wheat,3.55,277
56.7,23.4,46.3,468.0,21.7,45.1,39.7,1.4,Chickpea,1.45,732
52.9,17.6,51.5,624.6,159.4,65.8,50.0,4.33,Wheat,5.2,340
65.3,29.1,70.3,1041.7,49.0,65.8,56.3,6.57,Soybean,2.16,245
73.1,23.2,65.4,1573.7,163.9,98.9,138.6,0.5,Sugarcane,7.8,616
64.1,18.7,60.2,517.8,122.4,48.3,43.6,2.41,Wheat,4.37,438
57.7,27.7,61.8,461.0,32.3,43.0,42.9,1.63,Soybean,1.92,661
33.1,29.2,55.7,456.5,90.0,43.8,56.0,3.7,Cotton,2.61,616
51.3,20.7,63.4,621.9,128.4,52.3,60.1,3.98,Maize,4.42,384
75.9,30.8,77.4,1489.3,213.8,48.5,86.1,1.88,Rice,5.84,280
54.6,32.3,58.0,650.5,131.1,33.9,83.5,2.15,Cotton,2.81,505
37.6,28.9,46.5,481.1,62.9,36.8,46.7,0.9,Jowar,2.08,614
44.9,20.0,52.1,254.4,111.8,30.7,26.6,4.74,Wheat,4.05,793
77.1,29.9,85.1,2050.4,201.2,82.0,172.2,1.94,Sugarcane,10.9,331
64.5,21.8,54.8,808.6,105.1,42.8,51.8,4.08,Wheat,4.06,500
44.0,23.5,45.9,370.8,53.0,92.4,60.5,6.46,Soybean,1.74,565
59.1,23.5,59.6,414.4,124.9,45.6,36.9,3.44,Wheat,4.06,645
54.3,16.9,54.5,507.2,152.8,36.9,47.3,5.47,Wheat,4.12,613
68.3,28.2,60.5,622.4,152.0,44.1,61.2,3.88,Maize,4.8,728
62.1,17.5,58.7,628.1,72.6,38.1,40.0,2.64,Wheat,5.06,994
43.3,30.2,41.7,367.5,64.9,33.8,36.2,4.56,Bajra,2.06,864
50.4,30.4,65.5,985.0,161.4,45.9,63.9,0.5,Maize,4.36,478
84.1,28.1,70.4,2059.6,211.2,44.9,179.3,4.34,Sugarcane,10.34,291
61.0,22.4,53.2,403.4,95.0,47.0,45.2,3.86,Wheat,5.06,518
79.4,26.6,73.4,2198.7,152.3,55.6,101.8,7.16,Rice,5.58,143
51.4,29.4,59.3,853.2,28.0,40.5,55.7,3.13,Groundnut,2.2,393
61.4,27.7,87.3,953.3,203.0,67.9,72.1,2.63,Rice,4.9,264
62.7,29.3,68.1,905.9,46.8,58.4,62.8,2.98,Groundnut,2.06,407
75.7,31.2,78.1,1641.5,173.3,64.6,226.0,3.18,Sugarcane,10.28,427
74.5,30.5,85.2,1109.9,223.0,108.7,171.5,4.17,Sugarcane,10.16,261
35.0,40.2,42.2,234.0,70.2,34.8,38.4,4.2,Bajra,1.53,713
36.8,16.1,53.3,359.3,24.5,42.3,44.3,2.32,Chickpea,1.69,466
77.0,27.9,84.0,1967.7,230.8,59.9,128.6,4.41,Rice,7.05,498
74.9,30.7,77.2,1423.3,170.9,49.2,93.0,2.13,Rice,4.97,421
34.1,22.3,56.6,493.5,25.7,40.0,21.5,2.26,Chickpea,1.57,892
82.4,28.3,85.5,1411.3,166.4,54.8,85.5,0.5,Rice,5.53,412
82.6,24.1,76.2,1980.6,168.7,64.4,101.3,0.5,Rice,4.33,520
46.1,26.8,64.0,1008.3,31.9,70.2,28.5,0.78,Groundnut,1.88,454
64.8,23.9,70.2,1164.0,41.9,70.8,60.0,4.41,Soybean,2.21,536
70.4,21.0,78.9,1089.1,131.6,74.8,98.6,1.44,Rice,3.76,789
63.1,21.0,57.7,741.4,139.1,52.4,38.5,2.14,Wheat,4.07,386
40.6,26.9,61.3,514.7,118.2,32.7,49.0,3.63,Cotton,2.49,759
53.7,23.5,77.2,849.3,120.4,50.3,35.4,4.71,Wheat,3.98,674
69.7,26.0,76.9,1117.4,51.7,62.7,62.8,3.17,Soybean,1.97,446
87.5,29.6,84.8,1611.5,244.8,47.2,92.3,2.98,Rice,5.62,391
62.0,24.0,58.6,810.9,157.4,42.5,49.8,2.7,Maize,4.96,758
40.3,27.7,41.5,348.5,76.2,29.7,34.0,1.9,Bajra,1.88,632
41.7,23.1,46.7,535.9,23.3,53.2,20.0,4.86,Chickpea,1.76,746
79.7,30.0,85.1,2124.4,138.9,56.4,92.3,4.45,Rice,5.31,85
49.8,32.3,56.3,812.5,57.0,41.4,45.5,4.28,Jowar,1.68,470
54.6,11.5,49.8,384.2,149.0,54.2,39.5,4.89,Wheat,3.56,579
77.6,26.3,70.7,1839.5,233.0,84.9,153.3,4.95,Sugarcane,10.77,318
33.4,26.1,37.5,463.3,53.4,34.0,50.3,2.98,Jowar,2.47,773
44.3,15.0,47.6,652.0,27.0,42.4,39.3,1.96,Chickpea,1.2,734
60.1,20.4,51.2,496.2,132.9,59.0,50.2,2.88,Wheat,4.98,429
70.7,24.5,84.2,1464.3,156.8,60.1,78.5,1.47,Rice,4.6,605
40.3,37.2,36.9,362.8,69.4,22.5,47.8,1.96,Bajra,1.53,947
51.5,29.3,62.9,723.7,40.6,52.7,66.1,4.72,Groundnut,2.2,653
53.8,24.7,54.3,681.0,153.6,48.5,51.0,3.85,Wheat,4.95,552
69.4,22.0,50.1,801.7,135.9,49.6,43.5,2.45,Wheat,4.12,612
72.5,29.4,67.3,1262.4,149.1,41.0,36.2,3.79,Maize,4.57,522
51.6,34.1,59.9,377.6,36.6,36.8,27.6,3.26,Bajra,1.86,669
46.6,29.4,64.8,877.9,40.9,53.6,77.4,3.46,Groundnut,2.04,236
74.8,23.8,65.5,1434.6,123.4,42.0,58.6,5.74,Maize,3.78,545
76.2,30.5,79.3,1104.3,160.9,60.6,76.2,1.37,Rice,5.01,828
74.4,32.4,80.9,1863.2,250.0,68.4,224.6,1.05,Sugarcane,11.83,0
71.8,35.0,81.0,1093.5,176.9,27.4,97.6,5.31,Rice,3.85,512
36.1,42.1,53.2,488.8,66.9,26.4,50.1,2.74,Bajra,1.43,699
67.4,21.2,59.5,710.7,140.2,56.7,46.9,4.35,Wheat,4.48,548
67.1,23.1,71.3,1295.0,41.3,53.4,44.6,4.8,Soybean,1.87,618
39.8,28.8,50.3,595.2,119.8,55.3,81.0,1.72,Cotton,3.01,461
63.3,29.0,65.6,639.8,194.5,41.4,64.4,1.74,Maize,4.72,553
52.9,27.7,57.7,988.9,51.3,73.5,44.1,4.59,Soybean,2.51,777
61.7,25.8,69.6,1254.0,53.9,42.3,54.6,4.79,Soybean,2.27,387
75.4,24.7,76.4,1892.7,157.2,44.9,104.5,5.56,Rice,5.3,230
49.1,26.6,50.0,317.2,44.6,66.5,56.1,3.11,Groundnut,1.83,702
43.0,28.9,69.3,839.8,133.0,43.9,59.1,2.27,Cotton,3.54,402
83.4,29.9,77.3,1843.6,150.2,72.0,80.5,4.62,Rice,5.55,542
64.1,30.5,69.8,691.0,159.0,53.7,65.2,0.5,Maize,4.8,343
68.9,30.3,57.0,647.1,115.3,59.9,56.2,3.25,Maize,4.39,732
55.3,21.6,55.6,426.1,28.7,51.6,87.4,3.42,Groundnut,1.31,431
87.7,27.0,84.1,1321.1,160.9,62.5,84.9,1.0,Rice,6.06,414
64.2,18.0,51.3,702.9,142.1,72.0,28.3,6.85,Wheat,4.23,612
39.4,35.3,46.7,192.4,52.2,29.7,35.5,2.21,Bajra,1.66,308
63.4,26.3,72.2,525.2,168.9,56.6,108.2,4.56,Rice,3.83,489
83.2,25.0,74.1,1572.2,203.9,37.4,113.6,2.84,Rice,5.82,177
54.0,17.0,53.3,438.8,148.9,42.7,31.1,4.91,Wheat,4.84,575
58.7,26.6,80.0,1615.6,153.2,38.9,122.5,2.89,Rice,5.49,548
38.2,19.3,51.2,434.5,30.2,36.8,20.0,3.61,Chickpea,1.58,483
58.7,25.3,61.3,483.1,35.2,27.4,61.5,4.95,Soybean,2.16,411
66.5,24.2,70.8,1036.5,190.3,43.6,97.2,5.0,Rice,5.0,666
67.3,27.7,74.3,1358.1,159.9,49.7,39.7,3.76,Maize,4.43,389
55.2,32.8,73.0,964.6,138.2,43.9,54.2,1.52,Maize,4.67,674
88.9,28.4,82.0,1450.5,217.7,34.5,43.5,5.15,Rice,5.53,359
61.8,27.7,58.7,1157.4,101.9,67.8,30.7,3.97,Maize,5.38,374
74.8,27.0,67.8,811.0,194.4,65.3,76.7,2.31,Rice,4.53,477
21.9,33.0,44.3,191.7,71.2,28.0,41.6,2.49,Bajra,1.63,931
76.8,26.1,72.1,1831.8,245.6,62.1,215.0,3.07,Sugarcane,10.48,482
39.6,32.1,46.0,474.4,71.2,34.4,30.2,3.92,Jowar,2.03,693
72.6,26.4,77.9,1455.2,125.8,54.5,94.2,1.24,Rice,5.44,342
72.5,27.0,78.2,1593.1,162.4,51.0,101.1,0.92,Rice,5.52,299
61.4,18.5,62.5,592.2,135.8,33.6,35.6,4.65,Wheat,4.43,465
56.1,22.4,54.8,426.7,103.1,25.3,44.8,6.41,Wheat,4.8,944
72.0,27.7,72.2,1511.8,189.9,54.0,91.0,5.68,Rice,6.34,369
68.9,26.1,62.1,999.0,41.4,48.3,62.9,2.75,Soybean,2.39,328
66.2,26.3,81.1,1148.3,196.4,46.4,50.5,4.53,Maize,4.82,271
73.8,22.2,74.6,1122.3,51.3,69.1,45.1,5.19,Soybean,1.74,513
57.8,26.0,65.4,372.7,160.1,42.1,60.4,3.49,Wheat,4.46,665
61.2,19.3,60.8,338.1,164.9,51.2,37.7,4.46,Wheat,3.36,580
78.4,32.0,72.4,1287.9,183.2,59.9,89.2,2.79,Rice,4.95,287
78.2,24.1,87.0,963.3,35.2,66.8,39.1,3.24,Soybean,1.82,331
39.4,26.1,31.2,520.9,68.4,34.0,53.3,4.08,Jowar,2.01,515
64.2,31.2,48.7,510.7,29.5,68.5,55.2,1.98,Groundnut,1.83,463
52.0,20.4,54.6,363.9,132.2,43.2,45.0,4.3,Wheat,4.7,772
34.4,19.3,42.3,222.4,26.9,47.0,31.9,3.05,Chickpea,1.68,668
41.1,34.7,62.7,372.9,33.7,44.1,65.0,6.27,Groundnut,1.58,643
78.4,29.4,74.8,1028.1,138.6,55.1,97.0,2.48,Rice,5.57,601
47.4,24.4,59.7,724.9,152.4,35.4,42.0,4.02,Wheat,3.29,666
53.7,20.6,59.1,800.5,155.7,38.9,48.5,3.16,Maize,3.75,560
55.1,18.4,58.8,440.4,128.9,50.9,48.3,4.46,Wheat,5.21,944
63.3,27.1,58.8,1091.8,141.7,47.1,63.6,3.49,Maize,5.04,629
48.4,26.2,56.1,833.9,110.3,49.7,41.1,4.26,Maize,5.17,520
65.5,25.0,63.5,1057.9,46.2,61.8,54.0,0.5,Soybean,2.29,607
82.3,32.8,73.0,2162.4,197.8,120.0,205.3,0.5,Sugarcane,8.74,355
62.6,29.0,68.6,772.4,41.9,73.3,47.6,1.43,Soybean,2.41,350
54.3,15.5,55.6,383.3,62.7,55.7,55.0,2.74,Wheat,4.31,647
53.3,23.5,71.2,851.6,49.1,72.6,52.9,5.33,Soybean,2.19,430
92.0,28.8,77.4,2147.4,195.5,42.9,84.4,2.12,Rice,5.2,0
59.7,25.6,66.2,843.0,141.5,45.4,48.5,4.56,Maize,6.27,469
92.0,25.3,85.1,2335.5,151.7,85.9,113.9,2.88,Sugarcane,7.57,160
71.7,26.9,84.8,1325.7,229.5,50.5,79.7,5.02,Rice,5.96,232
53.3,18.8,67.5,808.1,116.9,62.1,38.7,3.91,Wheat,4.49,228
27.2,27.7,42.3,297.7,69.2,36.2,39.5,5.88,Bajra,1.66,680
44.0,16.9,60.9,520.3,26.0,59.2,40.3,2.13,Chickpea,1.81,572
57.5,25.3,65.4,488.0,34.6,64.5,80.1,2.44,Groundnut,1.71,564
82.5,28.5,78.2,1294.0,152.3,59.1,100.9,3.89,Rice,5.54,169
57.2,19.5,51.3,442.4,146.6,49.3,48.4,4.19,Wheat,4.94,761
68.6,20.1,65.1,861.7,173.3,43.8,49.7,3.91,Maize,5.02,309
42.0,15.0,49.8,212.0,31.0,60.2,37.2,2.05,Chickpea,1.46,661
75.7,29.7,80.9,1292.4,151.4,65.8,82.2,1.15,Rice,5.57,540
76.6,31.0,79.5,2241.0,88.5,56.5,64.0,8.27,Rice,4.59,133
91.0,25.9,84.2,2470.8,223.6,83.4,225.6,1.93,Sugarcane,9.84,117
55.9,17.1,60.2,974.4,150.5,59.5,51.6,2.87,Wheat,3.88,697
58.1,18.6,70.1,1195.9,153.8,46.9,48.0,3.09,Wheat,4.0,360
84.8,30.1,75.6,1873.5,212.8,87.6,178.2,2.55,Sugarcane,11.65,256
72.9,30.7,79.1,1734.4,158.1,63.8,116.7,3.21,Rice,4.99,331
30.0,32.2,29.9,483.7,52.9,37.6,32.1,4.04,Bajra,1.88,959
36.1,21.7,49.4,335.7,31.8,36.4,37.3,4.61,Chickpea,1.43,334
51.6,24.5,63.6,351.3,122.6,56.4,45.6,1.46,Wheat,3.57,447
78.5,28.0,76.4,1675.3,129.2,47.2,104.8,1.83,Rice,5.57,159
40.0,22.2,51.3,261.3,37.1,35.4,49.0,2.17,Chickpea,2.05,508
69.2,30.4,67.1,801.3,48.4,54.4,64.5,2.91,Soybean,2.15,358
59.6,23.1,50.9,416.0,117.2,28.2,49.0,3.7,Wheat,5.16,532
53.3,30.1,66.8,772.1,86.9,44.8,66.7,3.86,Cotton,2.96,549
33.6,38.6,47.2,164.9,66.9,24.0,38.5,1.27,Jowar,1.11,578
51.0,26.5,60.8,139.2,169.7,34.9,64.3,5.73,Maize,5.13,646
51.1,24.7,73.1,558.8,28.3,48.3,53.1,4.79,Groundnut,2.2,542
50.2,28.2,49.5,530.3,66.8,22.2,49.4,3.98,Jowar,1.84,546
26.0,25.2,41.2,1.1,58.1,32.7,41.1,1.41,Jowar,1.53,793
67.8,27.3,85.6,1453.5,194.1,57.9,85.5,3.38,Rice,6.06,544
51.0,28.2,57.7,608.0,119.3,50.1,73.1,3.47,Cotton,2.61,643
92.0,24.0,86.6,1901.4,229.1,55.4,65.8,5.21,Rice,4.39,133
23.6,29.7,38.9,279.1,56.3,34.9,52.7,5.18,Bajra,1.74,749
81.8,26.1,69.6,1621.1,208.6,100.8,170.6,3.63,Sugarcane,11.85,228
38.5,20.6,49.8,684.7,36.4,40.2,35.2,4.68,Chickpea,1.51,685
84.6,27.1,74.9,1489.2,148.6,75.6,189.9,1.72,Sugarcane,10.48,488
48.3,29.7,52.8,479.1,28.8,56.0,64.4,2.58,Groundnut,1.71,515
50.6,21.4,64.1,325.5,153.3,64.8,57.8,3.43,Maize,4.06,545
77.9,33.6,75.9,1614.7,250.0,90.1,227.5,4.74,Sugarcane,10.92,506
62.5,22.5,54.9,1493.5,191.2,120.0,138.7,3.85,Sugarcane,7.71,423
69.4,20.6,69.9,861.9,56.1,58.2,56.1,1.12,Soybean,1.75,495
57.3,28.8,68.6,1055.0,55.8,71.5,55.6,4.95,Soybean,2.27,289
63.0,16.4,51.8,361.3,92.0,45.6,63.9,2.15,Wheat,3.98,536
68.3,23.9,59.5,551.7,129.2,46.6,38.5,3.98,Wheat,4.19,504
38.6,25.5,60.7,420.6,73.7,39.0,26.5,4.22,Jowar,1.88,930
35.2,30.7,48.2,479.1,77.9,26.0,34.2,3.23,Bajra,2.43,614
57.1,30.2,53.4,1018.0,46.8,29.9,44.1,3.84,Bajra,1.4,492
78.3,24.7,91.6,2437.0,159.5,38.4,88.1,5.09,Rice,3.58,80
81.9,30.2,78.2,1989.6,192.5,29.2,131.8,1.43,Rice,5.02,250
41.4,38.8,44.4,467.7,66.7,32.1,30.6,1.36,Bajra,1.48,806
85.9,28.9,81.3,1580.7,143.0,68.5,99.5,5.31,Rice,6.35,327
44.4,31.9,56.7,605.3,140.4,51.9,97.5,4.67,Cotton,2.61,919
81.8,27.0,93.0,1706.4,176.2,35.7,75.1,4.19,Rice,5.27,250
47.9,17.2,47.2,198.9,22.4,46.7,39.2,3.59,Chickpea,1.66,940
83.1,25.0,76.9,1131.4,200.8,59.9,83.3,3.87,Rice,5.14,422
65.4,25.2,62.8,1215.0,105.9,38.0,65.8,0.8,Maize,4.95,569
65.2,24.5,75.8,980.9,60.6,52.1,55.6,0.5,Soybean,2.08,181
46.3,24.3,58.8,683.8,127.2,57.5,51.9,4.83,Wheat,4.55,555
77.6,33.0,82.5,1832.0,211.4,55.6,68.2,0.5,Rice,5.41,254
44.1,28.3,47.8,671.0,91.8,34.9,39.2,6.22,Cotton,2.13,620
48.4,21.9,43.6,393.7,20.0,41.7,35.2,3.05,Chickpea,1.78,384
71.9,31.9,75.7,1727.4,204.3,64.8,109.5,3.03,Rice,6.01,455
74.1,27.3,76.4,1435.8,129.0,50.2,67.5,4.97,Rice,5.64,287
78.3,30.1,85.0,1449.2,198.5,53.8,85.4,2.4,Rice,6.24,220
45.4,27.0,53.4,571.7,63.7,24.0,45.3,4.5,Jowar,2.09,589
81.4,24.7,77.7,2203.6,192.8,80.1,78.5,5.03,Rice,4.72,222
41.4,23.6,42.8,468.5,56.3,34.2,31.6,5.53,Jowar,1.99,778
33.3,31.0,60.8,434.2,70.2,20.5,43.3,3.87,Jowar,2.22,393
89.4,28.6,84.0,2000.5,152.3,49.7,72.5,0.85,Rice,4.95,96
45.2,18.0,53.0,751.6,127.3,45.3,41.6,2.29,Wheat,3.99,655
72.0,29.2,83.7,1329.4,157.9,69.6,88.1,2.79,Rice,6.17,331
44.1,19.0,61.8,572.0,33.8,51.0,21.6,7.75,Chickpea,1.46,507
31.1,21.2,58.7,454.1,25.5,42.9,29.7,3.46,Chickpea,1.76,515
82.2,27.2,70.8,2500.0,211.8,90.1,216.3,1.38,Sugarcane,9.6,140
54.5,24.0,74.5,945.0,45.0,31.4,68.2,2.55,Soybean,2.22,410
70.2,16.2,65.2,637.4,144.6,63.7,34.5,4.81,Wheat,4.5,713
60.3,22.3,60.3,878.6,51.2,53.5,68.7,8.99,Soybean,2.48,374
53.4,23.9,52.6,1007.8,116.9,31.6,57.9,3.64,Cotton,2.29,817
44.7,21.0,54.2,404.2,33.4,40.2,48.6,2.61,Chickpea,1.74,774
61.9,15.5,49.6,165.8,137.6,38.3,36.3,3.38,Wheat,3.53,633
32.8,27.5,55.8,45.1,40.0,60.9,71.0,4.35,Groundnut,1.54,795
49.7,30.1,54.0,866.6,127.9,26.6,53.3,0.5,Cotton,2.64,361
73.2,27.3,71.7,1451.0,172.4,60.0,65.3,1.54,Rice,5.62,110
60.3,22.1,52.8,413.0,120.6,46.4,43.8,3.34,Wheat,4.65,452
86.2,23.1,77.7,1097.2,180.3,65.6,102.2,3.81,Rice,4.81,313
67.4,24.4,70.6,1196.8,147.9,44.8,62.6,4.32,Maize,3.56,367
52.9,17.2,75.0,868.3,123.8,38.5,41.1,3.37,Wheat,4.25,345
37.0,26.8,53.8,386.7,63.8,40.3,47.9,4.19,Jowar,1.93,664
55.4,27.6,61.3,692.8,99.7,68.1,49.0,5.54,Wheat,3.4,223
53.1,29.3,38.9,727.2,60.9,38.0,41.7,3.35,Jowar,1.75,790
42.5,35.0,67.5,907.0,121.9,36.5,61.4,3.23,Cotton,2.65,258
62.1,22.8,49.3,885.7,178.0,42.5,44.1,5.37,Maize,5.2,519
43.0,23.6,65.1,364.9,30.1,59.1,65.7,2.29,Groundnut,1.86,502
67.5,19.3,81.8,584.5,166.4,53.1,44.1,7.92,Maize,4.33,229
71.5,20.5,60.0,1297.5,104.9,48.8,50.0,1.27,Maize,3.71,274
39.0,27.4,68.3,640.3,40.7,52.4,55.6,3.91,Soybean,1.84,350
59.3,30.9,56.4,933.1,49.6,49.4,63.5,3.75,Soybean,2.21,559
47.3,26.7,57.0,443.5,57.4,48.3,98.8,0.78,Cotton,2.91,709
64.9,28.4,58.9,954.2,33.1,55.6,56.3,3.75,Soybean,2.17,627
45.0,29.0,44.2,330.0,57.4,36.5,43.2,0.86,Bajra,2.09,567
53.2,29.6,62.1,461.4,131.7,44.8,52.5,0.5,Wheat,3.38,454
37.1,30.5,74.5,628.0,62.8,32.3,46.3,4.29,Bajra,1.9,316
36.4,34.9,37.1,236.9,66.2,26.7,51.9,4.42,Jowar,1.74,844
45.7,19.9,52.8,421.6,28.8,42.7,35.4,0.5,Chickpea,1.78,336
32.4,23.7,56.1,388.0,43.4,19.4,39.7,1.06,Jowar,1.87,823
52.4,28.2,69.9,767.3,40.9,79.2,40.9,0.65,Soybean,2.44,402
61.7,24.1,77.8,1153.1,50.1,39.3,67.6,2.59,Soybean,2.02,248
59.4,18.7,68.1,487.8,146.9,52.2,35.6,6.35,Wheat,4.44,579
70.4,28.3,93.0,1696.8,146.0,51.3,98.1,4.59,Rice,6.45,378
47.7,31.1,52.3,711.9,36.8,56.1,49.5,3.12,Groundnut,2.26,673
52.2,27.0,51.2,1205.6,104.7,52.1,86.6,3.51,Cotton,2.11,730
50.6,28.2,63.6,589.9,33.9,36.3,57.6,2.07,Groundnut,2.32,570
33.8,35.5,47.0,529.9,58.7,18.1,36.6,0.5,Bajra,1.75,871
66.3,24.9,70.9,1104.3,178.1,71.8,73.6,1.32,Rice,4.3,620
49.7,18.5,54.3,588.4,90.0,40.1,45.7,2.4,Wheat,4.51,605
36.3,30.8,49.2,438.2,64.0,37.4,49.0,0.66,Bajra,1.98,898
63.2,18.7,84.0,379.3,188.2,53.4,59.5,1.72,Maize,3.69,443
39.2,27.8,60.8,377.3,69.4,31.5,30.7,3.61,Jowar,2.0,611
56.9,22.0,61.1,494.0,50.3,64.1,43.3,2.98,Soybean,1.51,437
44.0,29.1,63.3,956.2,25.3,52.4,71.6,2.33,Groundnut,2.23,460
78.7,31.1,82.0,1405.7,195.9,43.9,87.2,2.34,Rice,5.45,432
44.7,28.9,62.6,192.1,57.6,38.6,53.2,1.87,Jowar,1.76,403
91.3,27.1,73.0,1745.3,196.5,90.0,151.1,3.27,Sugarcane,9.77,436
39.4,27.6,48.8,597.7,99.5,47.1,59.2,2.41,Cotton,2.8,714
72.1,25.2,84.4,1429.6,227.8,61.9,65.4,3.91,Rice,5.96,337
64.5,26.1,61.7,1038.1,37.1,66.0,58.8,3.04,Soybean,2.26,165
81.6,23.4,77.1,1500.1,146.6,43.0,111.8,3.54,Rice,5.83,319
43.9,18.6,51.5,363.8,36.3,48.4,38.5,3.58,Chickpea,1.86,768
82.1,29.9,80.1,1342.8,194.1,51.4,80.4,2.1,Rice,5.18,213
38.4,22.1,54.5,280.1,22.9,46.8,31.8,4.8,Chickpea,1.55,670
35.3,27.2,54.0,512.2,121.2,32.8,47.9,3.5,Cotton,2.64,263
56.3,18.4,62.2,445.7,29.2,45.2,29.5,2.89,Chickpea,1.87,682
50.6,19.8,55.2,525.4,145.6,54.2,50.6,1.48,Wheat,5.69,519
80.9,28.5,67.8,1276.8,185.6,66.7,79.8,4.68,Rice,5.4,564
33.0,23.5,40.2,500.4,77.1,33.4,48.6,0.5,Jowar,1.77,443
72.5,32.5,72.1,1971.8,245.0,86.3,201.4,0.87,Sugarcane,9.91,424
42.7,31.4,76.3,410.1,44.6,30.8,36.3,0.5,Bajra,2.02,436
74.3,32.4,89.7,1127.2,189.7,46.3,85.6,6.21,Rice,5.43,416
88.9,31.0,80.1,2181.2,227.9,41.7,185.6,3.54,Sugarcane,10.6,102
58.3,24.3,75.0,751.0,30.0,55.1,54.8,7.39,Groundnut,2.13,344
57.8,26.5,45.9,465.7,179.6,41.7,66.6,5.9,Maize,4.98,1023
69.1,22.0,57.8,835.8,47.6,62.6,49.9,2.81,Soybean,2.08,434
77.3,26.3,80.2,1966.1,121.7,59.6,79.7,2.82,Rice,5.5,156
66.2,33.2,73.8,1151.7,194.3,77.5,157.9,0.56,Sugarcane,8.29,356
28.7,38.0,36.3,194.3,57.5,34.8,52.4,4.11,Bajra,1.42,624
47.9,28.7,53.0,696.0,34.6,62.1,65.0,3.5,Groundnut,2.26,801
74.5,28.9,75.5,1914.5,201.2,54.9,74.2,1.05,Rice,4.9,567
50.3,18.0,48.4,100.2,154.4,35.2,37.5,4.11,Wheat,3.86,609
44.8,33.4,63.0,465.8,74.0,23.2,42.7,4.97,Bajra,2.0,302
40.4,29.1,63.1,701.5,45.5,29.2,24.3,3.8,Jowar,2.31,720
75.4,21.4,82.0,1740.1,115.7,65.6,108.2,0.5,Rice,5.09,449
58.9,27.4,67.3,630.8,134.6,53.0,49.8,3.82,Maize,6.07,642
52.7,28.9,49.0,1153.7,123.0,42.8,76.0,1.59,Maize,4.52,770
66.9,28.0,90.6,2104.7,216.4,43.6,92.1,2.35,Rice,4.73,62
62.2,22.0,68.2,1216.4,50.0,56.0,39.6,2.23,Soybean,1.72,407
72.3,26.4,64.7,768.8,155.4,48.8,55.0,2.7,Maize,6.43,303
80.6,24.2,82.7,881.1,191.9,60.4,59.3,3.69,Rice,5.1,146
57.3,18.5,67.5,439.7,95.5,53.5,42.3,5.62,Wheat,5.4,690
75.3,30.8,70.1,1224.3,185.9,79.0,135.8,2.93,Sugarcane,10.59,314
36.1,31.9,47.0,439.7,60.2,22.8,32.6,4.63,Bajra,2.43,1023
32.9,28.4,42.6,137.5,55.6,37.1,50.5,3.45,Bajra,1.51,762
43.0,13.8,57.4,184.0,30.0,35.8,23.1,5.11,Chickpea,1.48,547
64.7,24.4,62.1,622.5,99.5,37.4,41.1,2.59,Wheat,4.43,680
35.2,20.4,48.8,141.7,33.9,39.5,30.6,0.76,Chickpea,1.58,990
53.8,26.4,70.9,332.6,125.4,40.0,53.8,3.54,Maize,4.39,600
60.5,23.6,62.2,810.0,189.4,44.1,75.9,4.3,Maize,5.11,343
38.6,26.8,71.5,674.6,29.2,51.3,63.3,2.86,Groundnut,2.04,534
54.0,37.0,54.4,1377.0,131.4,44.2,70.4,1.65,Cotton,1.78,734
79.7,29.0,76.3,2246.7,179.3,79.4,83.4,0.76,Sugarcane,8.5,185
55.3,20.4,46.0,994.5,164.7,59.9,57.8,3.53,Wheat,3.79,513
30.7,22.7,50.4,198.2,30.7,41.5,51.3,4.16,Chickpea,1.75,851
55.8,21.2,52.6,361.2,146.7,57.1,46.7,1.26,Wheat,4.51,682
70.0,29.7,66.9,797.2,49.3,63.2,62.0,1.42,Soybean,1.92,326
45.5,32.6,36.9,820.6,97.4,44.5,62.1,4.6,Cotton,2.87,658
67.0,20.4,68.0,950.5,144.4,49.1,61.6,5.89,Maize,4.28,351
41.7,30.5,69.6,823.0,74.5,21.7,27.4,3.26,Jowar,1.89,518
52.3,13.1,62.6,451.1,29.4,49.1,28.7,1.26,Chickpea,1.38,591
51.4,30.6,52.9,1099.4,132.3,33.3,75.2,7.95,Cotton,2.47,746
44.8,18.7,62.6,139.0,32.8,51.9,39.6,5.0,Chickpea,1.63,723
55.3,27.4,51.0,485.1,143.7,40.4,72.4,4.3,Cotton,2.27,415
52.7,26.5,67.7,873.9,37.7,62.0,62.8,2.38,Groundnut,2.22,544
67.8,31.3,76.0,1223.4,177.1,31.3,59.2,6.54,Maize,3.61,513
80.6,22.7,82.3,1701.5,176.0,44.5,91.7,5.37,Rice,5.36,350
62.8,30.5,62.1,893.2,54.8,62.5,55.3,0.5,Soybean,2.31,682
58.8,21.9,54.3,605.1,97.2,44.4,51.4,0.5,Wheat,4.98,533
79.3,25.4,77.7,2298.4,247.9,115.9,143.7,2.2,Sugarcane,8.53,101
61.2,25.2,61.0,728.9,56.8,83.3,77.7,1.06,Soybean,2.25,696
80.7,27.0,68.9,1660.5,164.9,46.3,68.0,3.14,Rice,5.39,209
44.7,30.9,61.1,514.4,36.2,62.7,54.1,0.5,Groundnut,1.89,243
43.8,29.4,31.3,357.3,62.7,26.3,56.5,3.3,Jowar,2.3,954
42.4,34.1,53.0,97.5,86.0,46.6,70.3,4.24,Cotton,2.07,575
46.3,27.9,63.0,644.6,34.3,48.3,58.9,3.66,Groundnut,2.3,499
45.1,19.4,55.5,513.6,26.8,39.4,33.2,2.44,Chickpea,1.62,404
41.3,35.3,42.5,247.5,64.9,24.3,54.4,5.09,Bajra,1.94,535
65.3,26.4,74.6,1938.0,147.8,53.3,86.1,2.5,Rice,5.3,124
71.0,24.4,67.7,921.7,97.6,37.2,45.9,3.63,Maize,5.6,419
55.2,18.3,79.6,1483.6,147.1,66.3,111.3,7.32,Rice,3.44,377
45.8,20.7,51.5,533.7,139.3,47.4,65.5,5.32,Wheat,4.79,291
43.2,13.1,53.0,323.6,33.2,37.9,30.3,2.43,Chickpea,1.56,778
56.1,23.6,60.8,451.8,165.2,50.3,51.4,2.84,Maize,4.37,405
62.4,20.7,59.0,919.2,133.6,47.1,32.1,2.49,Wheat,4.28,378
85.2,29.7,88.4,1481.6,79.6,55.5,51.1,1.48,Rice,5.4,369
51.6,23.2,37.1,113.7,25.3,26.2,41.6,3.74,Chickpea,1.21,774
48.3,17.0,53.9,246.2,28.2,42.5,36.7,6.08,Chickpea,1.46,426
79.2,27.3,65.8,915.1,192.2,50.4,98.8,3.09,Rice,5.25,776
45.9,31.1,56.5,513.9,40.3,54.2,77.9,2.83,Groundnut,2.11,479
62.0,31.9,61.3,561.6,45.7,71.5,43.5,3.98,Soybean,1.86,609
50.5,19.5,58.7,279.6,28.3,40.8,44.8,2.46,Chickpea,1.95,656
72.8,22.9,70.8,1019.0,171.3,28.0,72.5,3.19,Maize,5.07,657
51.5,27.5,74.8,786.1,29.2,38.7,78.3,2.24,Groundnut,2.05,366
53.1,16.0,61.9,459.9,126.1,58.4,55.7,1.37,Wheat,4.31,735
36.0,27.2,42.7,909.2,58.3,24.8,29.2,3.95,Jowar,1.64,552
85.4,31.8,77.8,1711.4,193.3,59.7,100.6,0.5,Rice,4.55,481
42.2,18.7,52.2,110.3,31.2,56.5,21.2,2.77,Chickpea,1.82,573
64.2,23.2,75.6,885.0,36.6,42.2,72.3,5.83,Soybean,2.3,362
50.9,18.4,51.7,385.7,175.2,54.8,33.1,5.03,Wheat,4.54,957
46.9,25.6,73.5,394.2,32.5,64.8,34.6,3.19,Groundnut,1.55,545
54.1,26.5,48.1,791.3,92.4,42.8,82.1,3.1,Cotton,2.56,659
36.7,25.5,29.4,450.6,72.0,26.2,39.7,3.07,Bajra,1.73,1023
68.5,29.7,87.9,1463.3,195.4,65.6,47.8,1.93,Rice,5.15,324
80.2,33.5,81.6,1777.3,156.5,55.9,73.1,3.44,Rice,5.02,149
75.7,31.8,90.0,1278.1,153.8,51.7,84.0,2.09,Rice,5.66,388
62.1,20.2,59.1,845.0,185.3,48.4,41.8,3.79,Wheat,5.04,368
39.1,27.1,44.3,537.3,82.4,55.0,57.9,2.7,Cotton,2.11,873
54.0,27.0,71.2,1034.1,124.2,37.5,75.1,3.94,Maize,4.99,620
58.2,18.7,66.1,679.0,112.5,36.0,44.6,1.81,Wheat,4.41,429
38.8,28.1,72.3,402.8,67.0,37.6,38.6,6.66,Jowar,2.19,407
65.3,25.7,62.7,911.5,39.8,35.8,39.2,1.03,Soybean,2.22,542
36.0,29.1,52.5,649.4,95.0,35.9,25.0,2.82,Cotton,2.63,628
35.4,26.8,46.1,351.9,49.9,32.4,46.7,1.37,Bajra,1.95,555
73.1,32.4,80.3,2215.9,119.1,66.5,60.8,0.6,Rice,3.64,329
81.9,29.7,75.6,1956.5,177.0,52.3,86.2,4.13,Rice,5.81,0
49.4,29.7,72.4,425.3,153.9,56.9,69.0,2.75,Maize,3.8,434
51.5,24.3,62.7,1104.8,46.3,70.9,62.5,3.52,Soybean,2.06,428
60.6,13.5,64.5,884.0,135.8,37.4,65.8,2.06,Wheat,4.05,462
50.9,30.6,57.2,800.3,68.7,31.1,68.5,4.62,Cotton,2.74,620
74.7,28.7,87.1,1736.0,181.8,43.2,59.4,0.5,Rice,6.84,57
57.7,28.0,62.0,708.5,43.8,51.2,60.6,3.01,Soybean,2.47,637
62.3,23.4,68.1,1054.1,38.7,36.2,59.2,5.37,Soybean,1.97,427
71.7,29.4,51.1,1046.3,229.6,87.9,209.4,4.45,Sugarcane,8.84,487
49.3,17.5,55.8,455.5,34.8,40.0,40.5,2.19,Chickpea,1.8,413
68.3,22.3,75.8,814.2,140.0,45.7,36.2,1.34,Maize,5.31,242
56.9,25.7,62.9,377.3,67.3,58.8,52.4,2.07,Soybean,1.41,637
61.6,18.9,57.8,374.6,119.8,47.9,41.2,4.91,Wheat,3.94,471
77.4,31.6,78.0,950.5,214.0,62.7,109.1,1.08,Rice,5.9,402
60.4,27.6,63.8,722.0,34.2,41.5,82.3,4.75,Groundnut,2.33,695
61.3,29.9,68.0,583.4,44.5,46.3,43.1,3.69,Soybean,1.66,675
40.4,16.2,60.2,496.0,33.2,39.2,23.7,2.08,Chickpea,1.52,829
37.6,29.7,34.1,0.0,71.4,28.0,28.1,4.77,Jowar,1.64,766
59.3,21.7,66.4,200.6,111.6,68.0,47.3,3.9,Wheat,4.26,408
39.8,24.9,51.6,316.7,30.1,42.9,34.2,3.69,Chickpea,1.5,830
30.4,21.4,54.3,252.3,67.7,32.0,40.6,4.35,Bajra,1.57,708
25.9,26.9,45.5,357.3,76.6,32.9,53.0,4.59,Jowar,1.86,884
53.9,27.7,60.2,1285.2,20.6,62.4,77.2,3.34,Groundnut,2.01,489
51.4,23.7,68.1,219.0,121.4,53.9,43.9,4.03,Wheat,3.98,746
81.7,30.9,75.5,920.8,214.5,57.0,83.4,3.92,Rice,3.96,546
57.6,22.6,59.8,616.0,170.2,52.0,46.4,5.37,Wheat,4.89,686
71.7,26.7,86.6,1362.6,171.7,50.0,104.2,2.21,Rice,5.96,365
83.3,29.1,71.5,1831.4,219.1,75.5,250.6,1.49,Sugarcane,10.8,398
75.2,20.4,71.9,1176.6,166.1,65.6,98.0,5.87,Rice,3.77,446
71.7,29.1,55.2,863.1,135.2,52.9,54.8,2.62,Maize,4.78,614
78.9,27.7,81.4,1064.6,196.2,38.7,98.5,2.87,Rice,4.79,508
69.8,22.8,78.0,2500.0,204.2,50.7,77.9,5.44,Rice,4.0,149
79.8,23.1,68.7,799.3,129.6,63.4,73.9,5.31,Rice,4.38,751
85.1,28.3,91.5,1670.0,186.1,54.6,104.8,4.28,Rice,5.19,212
74.0,24.7,85.8,2500.0,199.8,89.5,206.5,5.07,Sugarcane,8.3,341
54.6,28.4,47.5,984.1,121.7,22.2,72.6,3.41,Cotton,2.72,609
46.7,19.3,52.5,301.5,21.4,46.9,47.3,4.38,Chickpea,1.7,629
78.2,26.4,68.7,1631.9,173.3,55.3,88.1,0.67,Rice,6.03,694
75.5,28.5,78.8,1353.7,227.7,54.4,105.9,3.4,Rice,6.55,291
62.2,22.4,60.6,159.9,142.0,51.4,33.8,4.91,Wheat,3.2,427
83.9,23.1,91.2,2280.6,130.7,55.1,81.7,7.1,Rice,4.53,69
30.7,30.4,35.0,341.0,59.7,28.9,39.3,2.36,Bajra,2.19,727
63.3,28.0,86.0,904.2,40.1,60.9,48.8,5.7,Soybean,2.13,674
79.1,22.1,78.0,2228.9,103.7,32.3,54.6,0.5,Rice,3.21,285
82.3,25.8,85.7,2018.7,171.2,65.0,93.3,2.99,Rice,5.15,374
68.1,28.4,70.6,907.3,66.5,76.8,30.0,6.0,Soybean,2.27,299
39.0,27.0,57.4,324.3,128.3,44.1,55.3,2.84,Wheat,2.08,684
49.1,21.4,41.9,266.6,86.0,50.5,41.1,4.76,Wheat,3.53,846
53.8,30.6,63.7,729.0,36.6,69.7,64.1,0.56,Groundnut,1.87,810
69.3,33.0,66.3,1090.4,58.3,53.4,43.0,2.24,Soybean,2.04,356
51.3,28.6,45.7,1383.4,96.7,41.7,53.0,3.38,Cotton,2.45,681
65.6,37.3,67.4,1229.1,60.3,44.7,57.1,4.05,Cotton,1.37,485
85.1,24.8,72.5,1373.1,218.8,95.4,196.5,4.14,Sugarcane,8.94,224
49.5,18.9,81.6,789.4,137.4,53.9,42.9,3.02,Wheat,4.79,382
62.0,26.9,55.3,535.0,135.9,42.8,43.7,3.14,Maize,5.97,578
71.7,18.0,61.5,852.2,143.0,61.7,30.8,2.2,Wheat,3.4,171
54.1,25.5,68.8,830.5,44.3,57.2,46.8,4.32,Soybean,2.47,570
44.3,28.4,61.5,975.1,123.1,35.2,84.8,1.07,Cotton,2.67,600
43.8,21.7,46.0,257.1,26.1,63.7,45.6,4.29,Chickpea,1.89,649
41.9,29.4,47.1,439.6,73.9,28.7,48.0,1.71,Bajra,2.15,482
58.7,33.9,69.5,601.9,125.4,43.4,53.6,3.97,Maize,3.76,731
72.6,25.5,70.0,1248.9,220.9,106.8,201.1,1.72,Sugarcane,9.8,457
59.5,28.5,64.4,695.3,32.2,48.3,48.9,2.37,Groundnut,2.11,687
80.8,25.9,83.4,1715.5,198.9,57.3,99.0,4.1,Rice,5.54,489
80.5,31.6,78.9,1277.2,153.7,56.4,118.2,5.93,Rice,5.03,267
55.7,19.1,60.4,307.7,132.3,57.1,29.5,2.1,Wheat,4.42,735
53.0,25.9,66.7,1246.5,113.0,28.5,51.9,1.38,Maize,4.58,404
65.6,21.4,65.4,592.7,99.1,37.0,44.5,5.28,Wheat,4.48,525
79.4,26.4,67.5,1691.3,160.5,47.0,115.0,3.52,Rice,5.81,367
33.0,20.5,52.7,328.8,20.9,38.7,33.9,6.25,Chickpea,1.48,663
56.4,28.4,60.9,1093.9,128.9,47.7,76.9,0.72,Cotton,2.34,678
45.0,20.6,46.6,478.4,65.8,41.7,28.4,2.94,Jowar,1.72,708
45.2,26.9,58.6,814.4,27.8,59.5,64.2,3.61,Groundnut,1.98,535
52.4,28.5,59.3,482.6,24.9,74.6,45.7,3.88,Groundnut,1.91,553
92.0,28.1,83.5,1758.3,170.0,52.6,72.7,5.3,Rice,5.28,319
89.2,29.2,79.0,1531.7,215.8,113.7,232.1,0.5,Sugarcane,10.04,179
47.5,26.1,65.5,739.8,46.8,36.8,62.2,4.4,Groundnut,2.15,437
54.4,15.8,74.7,480.3,126.2,38.8,62.3,0.5,Wheat,4.37,468
76.9,25.8,82.6,1218.0,151.6,55.0,82.6,1.21,Rice,4.55,241
68.7,28.2,80.2,1462.6,186.7,54.1,96.3,1.94,Rice,5.68,299
80.1,31.0,83.6,2263.9,207.8,50.3,113.3,2.49,Rice,3.88,124
56.4,11.8,67.8,0.0,157.5,60.6,48.6,4.99,Wheat,2.81,901
39.6,36.0,46.4,271.0,50.5,28.5,41.9,2.77,Jowar,1.35,919
34.6,32.6,48.6,481.8,60.7,21.0,41.8,3.07,Bajra,1.94,744
69.9,28.3,60.1,721.3,143.6,69.0,47.0,1.7,Maize,4.56,551
92.0,36.3,73.3,2299.3,226.0,78.4,172.3,4.56,Sugarcane,7.13,614
36.9,30.3,56.1,455.7,63.2,27.5,45.9,0.5,Bajra,2.19,673
43.1,30.0,64.1,634.1,82.1,34.8,47.7,2.97,Jowar,1.97,526
77.0,30.0,62.9,1959.9,250.0,52.8,208.3,2.73,Sugarcane,10.47,429
60.8,33.1,72.6,763.5,52.5,50.6,30.2,5.44,Soybean,1.98,504
29.9,27.9,45.8,485.7,63.2,27.0,44.3,5.9,Bajra,1.52,912
85.2,32.6,83.3,2018.1,182.1,65.0,182.9,1.97,Sugarcane,10.61,239
63.4,18.6,65.0,730.8,139.5,36.5,44.7,2.96,Wheat,4.02,845
78.7,28.2,77.8,1776.3,200.8,120.0,159.2,4.05,Sugarcane,12.0,163
81.5,27.4,73.9,1728.6,175.5,65.5,112.0,3.6,Rice,5.97,439
54.2,30.3,66.2,1026.1,40.5,56.5,55.3,3.79,Soybean,2.38,318
60.4,25.3,62.6,823.1,110.7,52.8,46.0,4.3,Wheat,3.61,809
53.4,22.9,65.4,1053.3,164.0,32.9,43.5,2.69,Maize,4.39,424
50.3,17.1,47.4,204.4,38.0,41.7,33.4,3.15,Chickpea,1.6,704
72.7,29.2,68.3,1724.8,155.1,42.6,114.4,4.06,Rice,5.93,514
92.0,31.1,73.1,2113.0,171.2,72.2,81.6,6.35,Rice,2.79,489
69.2,26.4,83.0,1105.0,117.6,62.9,97.8,1.77,Rice,4.84,166
60.5,26.0,59.5,413.5,26.2,56.1,47.3,4.07,Soybean,1.93,549
63.5,18.2,60.4,234.7,157.0,53.1,46.9,3.23,Wheat,4.19,402
39.7,28.4,57.4,402.5,55.3,33.7,34.6,3.55,Jowar,2.37,641
40.5,27.9,53.9,622.6,40.9,57.9,93.4,6.45,Groundnut,2.36,603
74.3,24.4,74.4,1486.9,165.6,56.6,90.2,1.85,Rice,4.5,301
42.6,33.5,49.7,640.8,65.6,35.3,36.1,3.28,Bajra,2.16,542
78.0,21.8,78.7,1531.4,160.3,46.8,105.2,1.93,Rice,4.72,260
38.3,25.8,40.2,270.6,51.4,38.0,28.3,8.33,Bajra,1.57,637
70.8,27.7,85.2,1176.4,123.7,57.3,87.5,5.88,Rice,5.13,397
62.1,27.6,69.5,849.7,45.3,63.6,55.2,2.06,Soybean,1.88,705
76.1,26.9,67.7,1357.6,156.5,61.1,72.9,4.52,Rice,6.33,121
52.8,27.8,68.4,939.5,161.8,42.5,52.8,2.88,Maize,5.36,449
69.2,24.8,71.4,934.7,50.7,73.4,71.7,3.75,Soybean,2.28,379
50.9,30.2,68.9,539.3,63.6,43.8,39.1,1.83,Jowar,2.21,590
80.6,28.7,80.0,2244.6,204.2,89.5,172.1,0.92,Sugarcane,11.47,93
67.0,26.2,74.7,1095.5,54.8,56.5,73.1,3.28,Soybean,2.28,377
65.0,26.1,67.0,643.6,153.8,51.0,69.5,2.18,Maize,7.0,354
76.6,29.9,77.5,1327.4,107.1,65.3,85.5,1.57,Rice,5.44,459
63.4,24.0,74.1,977.8,30.2,50.3,43.9,1.51,Soybean,2.38,434
61.6,31.0,58.7,907.9,103.6,38.2,68.6,2.58,Cotton,2.77,522
79.4,27.4,81.7,1974.4,144.6,47.7,59.2,2.78,Rice,5.58,313
63.3,26.8,66.8,868.5,139.2,41.3,43.6,5.03,Maize,6.28,450
47.6,18.4,55.9,288.2,135.7,41.3,39.9,1.41,Wheat,4.14,404
48.7,20.4,68.4,845.9,118.0,36.0,61.8,3.28,Wheat,4.07,571
71.6,33.1,85.4,2029.3,135.1,51.7,95.7,3.13,Rice,4.28,274
51.5,12.0,68.9,283.6,129.5,39.0,39.9,4.69,Wheat,3.62,523
69.3,26.9,62.0,549.3,46.4,38.8,52.3,3.75,Soybean,2.24,719
51.7,29.2,63.6,807.6,34.3,56.6,66.3,2.03,Groundnut,1.9,710
74.5,22.0,86.8,1863.6,169.8,53.1,93.0,1.74,Rice,4.64,67
74.8,28.6,74.0,1063.7,170.5,43.1,64.9,4.07,Maize,4.32,287
60.0,21.3,75.0,639.4,160.8,45.1,44.6,4.03,Wheat,4.39,693
48.5,21.4,62.3,440.0,28.3,54.1,38.2,5.51,Chickpea,1.56,798
75.6,32.5,80.3,1168.8,180.8,49.6,86.3,3.89,Rice,4.19,235
50.5,27.5,54.3,572.8,30.2,59.5,65.0,6.33,Groundnut,2.33,439
57.7,19.1,53.6,181.6,74.2,40.9,50.2,5.73,Wheat,3.99,575
60.2,26.7,58.3,564.6,99.8,65.0,45.3,3.49,Wheat,3.51,516
49.1,19.7,62.8,311.3,128.7,50.2,38.5,2.0,Wheat,4.21,345
46.0,32.4,55.1,1218.9,92.3,32.1,56.9,3.49,Cotton,2.68,540
75.7,27.8,77.9,1340.0,140.7,60.6,84.8,2.73,Rice,6.12,149
77.6,29.4,76.6,1328.8,212.8,47.2,96.7,3.37,Rice,5.15,170
60.6,31.7,52.7,1312.9,104.7,38.4,57.4,4.76,Maize,4.12,684
60.0,18.9,68.6,982.8,111.9,53.8,30.2,4.77,Wheat,3.73,354
49.4,23.1,52.6,423.1,27.5,62.2,28.9,2.36,Chickpea,1.81,642
50.3,28.9,67.1,1095.8,29.7,90.1,49.8,1.01,Soybean,2.29,555
65.6,22.3,56.2,562.4,95.6,57.4,52.0,0.5,Wheat,4.97,735
80.0,32.2,84.4,1638.3,114.5,43.4,95.5,2.56,Rice,5.9,220
77.0,29.7,70.7,2500.0,237.6,78.3,219.0,1.91,Sugarcane,9.64,277
73.9,29.8,79.6,1900.3,180.4,51.0,111.1,0.5,Rice,5.28,148
86.8,31.9,64.8,1945.1,201.0,107.6,191.8,1.93,Sugarcane,8.92,641
36.8,23.8,41.6,262.4,85.8,35.2,75.6,0.5,Cotton,2.21,845
83.1,28.0,78.1,1213.9,130.6,61.8,86.1,2.64,Rice,5.66,189
72.3,29.2,84.8,1211.6,169.9,40.2,66.4,1.97,Rice,6.63,315
63.8,21.1,59.9,738.4,184.6,44.1,59.8,2.24,Maize,4.39,669
87.3,26.2,79.2,1642.0,145.7,46.8,80.0,3.64,Rice,5.71,379
36.2,17.2,59.5,376.9,23.3,42.4,29.2,0.5,Chickpea,1.89,891
39.6,26.9,66.8,776.7,115.3,48.6,63.2,6.89,Cotton,2.57,713
53.7,29.4,69.9,761.7,45.3,63.9,69.7,3.15,Soybean,2.46,394
76.3,32.2,89.1,1574.6,178.3,49.9,71.3,3.39,Rice,5.36,237
54.9,29.1,64.3,711.0,31.7,60.1,68.7,1.76,Soybean,2.33,329
55.2,26.5,69.4,734.7,40.8,63.2,44.8,1.41,Soybean,2.05,524
45.9,22.5,62.2,448.0,124.0,42.6,43.9,1.86,Wheat,3.9,601
26.5,30.4,37.7,284.2,57.1,30.0,40.2,1.73,Bajra,1.56,1023
71.4,28.7,82.7,1450.5,136.4,62.7,96.0,5.59,Rice,5.73,318
41.2,34.4,60.4,1009.2,105.7,35.7,60.4,3.1,Cotton,2.64,196
64.3,29.7,65.0,732.3,28.9,75.2,58.7,0.92,Soybean,2.39,416
36.6,21.3,53.7,326.2,36.0,61.3,34.6,1.63,Chickpea,1.87,673
61.7,29.4,71.9,817.3,40.6,70.1,62.2,6.61,Soybean,2.53,260
37.5,23.8,63.1,660.7,65.2,43.7,39.0,0.75,Jowar,1.95,409
58.8,25.6,58.3,1017.8,157.6,45.5,49.0,4.74,Maize,5.03,479
37.9,28.4,69.2,602.6,31.4,70.3,58.8,5.27,Groundnut,1.98,556
72.7,28.1,69.0,1293.8,161.7,22.6,114.8,1.27,Rice,5.65,392
66.8,25.6,74.9,783.7,123.6,56.5,38.7,4.69,Maize,5.85,298
39.4,23.8,55.9,249.5,33.2,26.5,43.1,2.34,Chickpea,1.43,771
55.5,19.4,53.6,455.1,158.3,43.1,42.4,2.48,Wheat,4.99,558
78.9,27.4,78.6,1703.5,199.5,54.9,91.5,3.48,Rice,5.8,225
34.9,25.5,41.5,311.6,69.2,20.6,33.2,3.96,Bajra,2.02,526
75.5,28.2,62.6,1578.2,236.9,112.3,122.2,3.17,Sugarcane,11.39,309
57.6,28.4,62.9,617.0,133.8,44.8,53.8,1.59,Maize,4.89,652
45.1,22.2,53.6,445.2,170.6,38.9,41.1,2.88,Wheat,4.74,392
33.5,24.3,44.0,368.5,50.1,35.3,28.1,0.93,Jowar,1.85,707
49.1,31.1,63.2,545.5,61.1,42.9,58.2,5.47,Cotton,2.36,669
72.8,26.0,80.4,1751.3,105.1,72.1,109.5,2.67,Rice,4.75,227
71.8,28.3,86.7,2074.1,174.3,53.9,98.1,1.86,Rice,4.94,256
82.4,26.1,77.6,1829.4,210.6,76.8,182.0,2.46,Sugarcane,10.32,122
62.4,24.3,67.9,509.5,55.0,67.3,82.2,4.48,Soybean,2.16,729
71.8,31.4,83.5,821.2,236.2,38.1,79.1,3.59,Rice,5.33,538
40.1,19.7,54.4,356.9,22.9,33.3,33.2,4.38,Chickpea,1.7,684
61.0,30.5,78.0,1210.3,155.7,28.2,44.9,4.38,Maize,4.3,89
42.1,25.2,61.9,48.7,138.3,60.5,45.6,3.07,Wheat,2.91,467
55.1,29.6,73.7,1228.8,127.7,37.1,62.6,1.46,Cotton,2.64,542
59.8,20.2,64.3,476.9,118.3,41.3,41.7,4.48,Wheat,4.79,823
87.3,28.0,75.6,1401.0,169.7,46.9,61.4,0.5,Rice,5.65,402
60.5,19.1,47.8,993.7,112.7,57.8,56.2,3.58,Wheat,4.01,813
67.7,20.1,79.3,344.2,140.6,45.5,68.1,2.62,Maize,3.32,363
59.6,28.7,72.3,585.0,49.4,73.1,67.9,3.9,Soybean,2.05,452
59.8,26.2,60.2,552.3,121.1,38.6,49.4,4.48,Wheat,3.45,580
83.0,31.6,80.0,1706.3,219.5,120.0,230.6,2.74,Sugarcane,11.08,359
62.6,24.4,64.3,381.6,141.0,45.2,34.4,0.96,Wheat,4.39,333
56.1,25.2,49.5,320.7,117.7,31.6,71.5,4.78,Cotton,1.97,832
34.7,28.1,40.2,158.2,59.5,31.3,40.1,3.97,Bajra,1.69,968
71.5,26.0,69.7,1182.7,47.6,42.2,56.3,5.63,Soybean,2.19,248
48.6,12.6,62.4,470.4,111.0,50.7,47.3,2.2,Wheat,4.02,363
51.3,35.5,41.6,1415.8,108.9,52.0,70.6,2.93,Cotton,1.36,669
57.9,18.9,45.5,774.6,125.9,39.9,25.6,1.61,Wheat,4.75,561
70.8,30.7,71.9,1810.6,148.6,59.9,86.0,1.99,Rice,5.79,0
42.2,29.4,32.4,536.1,108.1,39.8,99.3,5.28,Cotton,2.75,898
52.8,26.0,74.7,816.6,123.8,23.2,76.6,4.11,Maize,4.98,458
38.0,30.0,52.0,305.3,62.9,38.4,54.3,3.58,Jowar,1.97,597
57.8,15.9,57.8,633.4,125.3,40.1,42.4,4.52,Wheat,3.29,916
58.3,23.3,69.5,792.0,135.1,60.9,36.7,0.89,Wheat,4.33,498
50.4,34.0,55.8,350.2,70.8,23.6,32.3,5.86,Jowar,2.05,521
78.9,27.0,78.3,1008.9,198.5,58.8,88.4,3.95,Rice,5.94,399
59.0,23.9,73.2,675.2,136.3,76.6,54.7,3.24,Wheat,4.34,302
67.4,23.8,72.4,1876.3,159.5,59.6,186.8,2.83,Sugarcane,8.12,207
73.9,27.7,69.0,1752.2,210.1,100.1,200.6,1.89,Sugarcane,9.38,423
61.6,24.3,68.5,1067.1,147.5,39.5,48.2,4.3,Maize,4.64,364
54.5,28.2,57.5,913.2,168.3,47.8,69.5,5.05,Maize,5.93,485
69.3,24.8,77.7,1980.3,174.5,46.7,99.6,3.33,Rice,4.91,538
41.7,30.1,58.5,396.6,101.2,49.5,72.6,5.13,Cotton,2.91,745
57.6,23.9,64.8,466.6,148.0,43.0,59.7,2.95,Maize,4.45,680
43.5,28.0,58.7,1025.1,95.7,39.7,74.5,3.65,Cotton,2.55,614
70.0,30.7,89.1,1047.1,118.2,65.8,94.3,3.73,Rice,5.08,379
63.0,13.8,59.1,669.2,158.0,53.7,52.7,6.03,Wheat,3.39,800
91.0,29.7,73.5,1810.5,234.8,57.5,215.2,1.84,Sugarcane,9.62,322
57.7,27.3,54.3,588.4,47.5,47.0,42.8,3.65,Soybean,2.0,908
69.9,24.6,73.8,1394.2,166.4,64.3,100.9,2.89,Rice,5.35,223
45.0,28.1,63.5,454.3,36.8,61.4,55.7,2.07,Groundnut,1.98,527
50.3,26.0,76.5,830.5,36.0,50.5,65.1,1.89,Groundnut,2.11,205
75.1,27.1,82.8,1880.3,177.0,51.2,89.8,3.48,Rice,4.95,205
50.6,20.3,37.0,416.8,20.2,30.8,42.2,2.59,Chickpea,1.35,838
40.1,18.6,43.5,376.4,27.4,66.3,27.5,2.97,Chickpea,1.92,946
76.9,26.2,85.1,1079.0,195.0,64.0,137.6,5.15,Rice,5.86,224
32.1,30.9,41.3,297.0,59.5,24.4,23.9,5.45,Bajra,1.99,744
50.3,17.7,60.3,500.9,22.0,65.7,42.8,1.08,Chickpea,1.64,530
42.3,22.4,65.1,701.5,73.6,42.8,46.5,4.34,Jowar,1.76,408
81.3,26.1,90.9,1305.3,165.1,52.7,63.9,2.36,Rice,6.72,81
74.6,26.9,89.6,2103.3,158.4,43.8,77.3,2.0,Rice,5.0,211
41.2,24.3,54.2,566.8,56.7,28.6,44.0,6.0,Bajra,1.45,355
53.1,20.1,49.1,461.1,137.6,44.4,58.6,4.51,Maize,4.39,690
64.9,13.5,73.9,606.7,89.3,54.8,56.5,3.85,Wheat,3.63,469
84.0,32.2,93.4,1794.7,225.0,75.6,176.4,6.55,Sugarcane,9.87,106
44.2,23.5,49.1,458.8,24.6,41.2,35.3,1.12,Chickpea,1.66,517
58.8,24.2,67.8,1397.1,55.5,53.5,42.3,5.8,Soybean,1.36,200
48.9,18.3,70.5,404.8,29.8,50.0,45.0,2.48,Chickpea,1.58,809
59.3,23.0,59.1,328.8,122.9,42.8,42.3,4.33,Wheat,4.62,408
45.2,30.5,71.4,625.7,115.3,27.8,72.4,3.97,Cotton,3.33,725
37.7,36.8,64.6,792.8,106.2,40.3,61.1,2.71,Cotton,2.25,608
88.6,28.1,85.2,1138.9,149.7,56.3,86.9,3.36,Rice,5.77,263
35.1,35.9,35.9,35.5,68.8,20.0,25.1,5.97,Bajra,1.62,620
63.8,27.7,83.5,1514.4,123.9,48.7,45.9,2.38,Maize,4.7,452
69.4,27.1,82.4,1236.2,200.6,40.5,68.3,2.57,Rice,5.11,596
37.6,35.0,60.0,263.4,55.1,34.0,50.6,5.28,Jowar,1.68,472
43.0,21.8,62.2,548.1,23.9,50.1,37.7,5.06,Chickpea,1.86,519
85.3,23.3,81.5,1800.0,175.0,46.1,104.1,3.76,Rice,4.61,437
48.7,29.8,55.7,428.7,135.0,50.4,95.3,2.69,Cotton,3.17,681
53.1,32.5,48.1,1465.1,92.5,50.8,71.0,3.04,Cotton,2.18,868
63.0,26.0,67.8,922.9,42.2,41.7,42.2,1.9,Soybean,2.4,385
52.1,34.3,43.7,404.6,108.6,38.4,66.4,3.25,Cotton,2.18,800
55.0,29.9,94.3,642.8,41.1,72.4,48.9,5.31,Soybean,1.99,119
66.2,26.7,78.4,492.9,195.4,49.2,71.4,3.25,Rice,4.02,771
48.2,19.2,41.9,540.8,125.9,53.8,53.1,3.1,Wheat,4.92,600
36.3,30.6,73.9,1059.2,136.6,47.0,68.5,2.54,Cotton,2.34,67
50.9,15.5,70.0,618.3,109.7,42.4,57.5,1.75,Wheat,4.84,476
36.2,24.7,69.2,709.2,48.5,24.7,34.0,5.29,Bajra,1.7,468
46.0,26.8,72.3,1249.3,40.1,80.0,51.0,0.95,Soybean,2.06,695
59.8,17.9,56.4,496.0,133.0,73.7,49.1,2.64,Wheat,4.23,563
45.0,26.1,47.7,764.3,54.9,31.3,46.7,4.73,Jowar,1.62,646
42.7,31.3,65.1,591.3,39.7,36.2,64.8,5.12,Groundnut,2.42,629
66.5,23.7,56.9,441.9,152.7,56.6,51.2,3.08,Maize,4.65,865
52.8,23.7,60.3,964.8,45.8,54.1,64.3,2.54,Groundnut,1.87,517
66.3,19.0,61.7,691.1,176.1,76.1,38.6,2.26,Wheat,4.12,712
69.8,31.9,62.9,725.9,161.5,55.4,52.0,0.5,Maize,4.5,617
70.9,22.1,54.1,635.9,172.0,53.3,41.5,1.82,Wheat,3.99,570
31.0,21.0,50.7,98.4,61.8,25.5,48.3,3.49,Bajra,1.36,715
66.7,24.0,90.6,1681.2,171.3,31.9,84.6,2.66,Rice,4.85,237
61.7,22.6,61.0,814.4,126.7,59.8,54.9,2.6,Wheat,4.86,399
59.2,24.0,51.6,333.8,160.9,48.4,48.9,1.3,Wheat,4.38,858
73.3,27.6,67.2,1701.9,175.1,55.9,97.7,2.28,Rice,5.93,167
51.9,20.5,54.6,237.1,160.3,57.9,47.6,3.36,Wheat,3.76,842
82.3,25.9,78.5,1452.6,183.6,56.3,110.4,2.33,Rice,5.92,478
72.6,20.1,54.3,577.5,124.9,47.5,20.4,4.71,Wheat,4.3,607
48.3,21.3,39.7,120.2,28.9,54.1,40.2,4.58,Chickpea,1.73,651
39.5,35.2,40.5,347.8,52.8,29.7,40.8,4.71,Bajra,1.61,708
61.8,26.5,60.0,894.0,47.3,54.6,49.4,0.5,Soybean,2.45,612
52.5,29.0,60.9,619.6,35.2,55.1,60.6,0.86,Groundnut,1.91,681
43.7,29.0,50.4,602.0,52.9,21.9,31.6,4.04,Bajra,1.6,692
55.4,16.4,63.2,1021.9,141.6,45.2,57.6,4.83,Wheat,3.68,651
77.7,31.4,77.1,1431.9,185.7,64.6,70.8,1.4,Rice,4.28,256
78.8,33.5,80.8,1903.2,144.2,44.3,98.3,0.5,Rice,4.33,304
54.8,25.8,52.2,633.9,34.0,54.1,27.9,5.99,Groundnut,1.93,387
60.9,18.0,69.7,417.3,132.1,58.9,57.0,2.8,Wheat,4.91,642
44.4,22.9,49.9,648.0,42.8,38.2,59.8,1.09,Groundnut,1.81,669
61.3,14.4,46.7,708.6,157.8,56.2,51.9,7.12,Wheat,3.91,597
54.0,15.7,53.7,425.4,132.9,42.6,34.7,0.5,Wheat,3.85,824
48.3,18.7,63.4,624.1,99.2,41.5,51.3,4.94,Wheat,4.65,653
78.7,29.6,88.1,2256.6,179.6,59.9,74.1,3.66,Rice,4.89,0
78.6,30.5,80.9,1564.1,248.4,86.3,163.8,3.76,Sugarcane,10.1,308
91.2,23.5,79.4,1226.5,202.2,49.2,84.6,3.41,Rice,3.51,124
61.7,22.0,68.0,509.1,134.5,60.0,72.2,3.44,Maize,5.1,690
38.3,26.5,50.3,849.7,104.0,57.5,64.7,1.54,Cotton,2.65,1004
56.0,25.4,70.2,882.9,29.3,59.7,51.1,4.29,Groundnut,2.19,380
60.7,18.8,64.0,625.0,156.4,39.7,43.0,4.75,Wheat,3.71,553
90.7,30.2,88.1,1380.7,199.0,64.1,99.2,3.3,Rice,5.13,236
42.1,19.4,54.2,422.7,26.9,49.2,34.1,4.36,Chickpea,1.71,695
57.4,29.3,68.0,840.9,49.2,70.6,58.8,1.65,Soybean,2.19,582
44.5,27.7,57.8,367.5,52.8,32.3,39.8,3.25,Jowar,2.11,821
54.4,21.9,69.2,543.5,33.7,78.6,66.4,5.35,Soybean,1.62,358
61.0,15.1,62.9,726.5,128.4,42.5,25.0,5.44,Wheat,3.41,781
41.9,25.1,48.5,412.4,75.5,26.6,36.8,2.53,Jowar,1.96,539
79.8,25.9,87.3,1278.6,191.4,43.3,90.5,3.56,Rice,5.76,334
49.0,28.2,69.9,890.2,106.9,42.1,48.7,1.89,Cotton,2.62,641
59.5,25.0,52.9,1056.5,29.5,33.8,92.6,2.16,Groundnut,1.76,683
56.5,16.1,57.4,625.1,133.4,44.5,54.2,3.34,Wheat,4.4,447
72.6,28.7,84.5,1565.1,145.8,36.4,104.7,6.17,Rice,5.32,170
61.4,17.8,64.1,994.2,132.2,57.6,44.8,5.36,Wheat,3.99,422
89.5,28.4,82.3,1515.2,227.9,34.9,116.5,1.65,Rice,5.65,290
79.3,27.7,80.5,1270.3,193.1,62.3,52.0,3.07,Rice,6.19,515
55.4,13.5,44.4,676.8,140.0,50.9,37.1,4.84,Wheat,3.47,481
82.1,32.3,80.1,1466.9,145.9,47.4,91.2,5.03,Rice,5.46,390
79.6,31.5,74.8,1871.9,153.0,40.6,81.1,2.46,Rice,5.28,404
58.2,18.1,55.7,403.3,144.0,53.4,47.2,3.45,Wheat,4.44,719
49.4,20.3,57.6,393.2,152.5,56.2,44.6,0.81,Wheat,3.95,692
50.6,20.3,59.8,473.7,93.4,58.5,47.9,3.64,Wheat,5.29,828
60.0,20.8,58.9,300.1,120.6,56.7,38.3,6.66,Wheat,4.19,697
60.5,31.8,61.6,872.8,60.4,64.4,64.8,0.5,Soybean,1.68,661
51.4,19.0,54.1,585.1,90.1,53.4,42.9,3.94,Wheat,5.18,710
56.5,25.4,60.7,566.1,57.9,50.0,59.0,3.27,Soybean,2.06,852
39.4,32.2,34.0,575.7,69.4,34.4,46.7,0.9,Jowar,2.39,465
75.8,28.6,95.2,1481.9,194.4,70.8,105.3,5.41,Rice,5.97,424
62.2,28.2,62.7,854.5,122.2,42.9,50.0,2.81,Maize,6.15,482
63.6,22.1,69.9,894.3,30.1,76.3,46.0,0.97,Soybean,1.88,417
69.4,30.4,92.0,941.3,232.1,52.8,84.4,2.13,Rice,4.33,146
69.0,21.3,81.4,1361.1,230.4,36.5,108.4,2.72,Rice,4.31,31
58.6,28.9,61.4,519.4,58.6,35.3,77.1,0.8,Soybean,2.09,516
59.6,27.7,74.7,638.0,55.2,81.2,78.3,4.54,Soybean,2.39,350
52.0,20.1,61.7,303.1,146.3,48.4,47.5,3.35,Wheat,5.09,676
74.9,25.8,69.8,1957.7,223.5,96.8,173.8,4.91,Sugarcane,11.1,105
42.9,21.2,59.2,342.2,150.7,49.9,53.2,3.33,Wheat,4.76,836
48.0,18.4,46.4,326.3,26.8,42.4,34.1,2.79,Chickpea,1.84,749
32.5,33.1,47.0,742.8,127.8,34.9,71.8,5.73,Cotton,2.32,617
59.4,17.8,63.2,626.4,119.2,39.6,53.1,3.53,Wheat,5.09,437
53.8,19.5,57.8,686.1,119.1,32.9,40.4,3.45,Wheat,4.05,460
34.0,31.0,66.8,788.6,110.2,35.2,88.7,1.55,Cotton,3.25,323
40.0,21.6,47.0,499.3,59.6,24.7,40.0,3.97,Bajra,1.73,599
77.8,25.9,77.6,2369.1,250.0,100.7,169.6,0.99,Sugarcane,8.2,243
70.7,32.9,84.5,1431.1,156.9,47.4,100.8,3.87,Rice,5.25,265
41.2,37.3,44.8,512.7,76.7,38.7,40.6,4.89,Jowar,1.65,478
57.8,33.3,36.2,594.0,147.8,53.9,71.6,3.3,Cotton,2.91,703
74.4,32.9,83.7,1202.3,125.7,38.7,100.6,0.5,Rice,5.25,184
44.6,27.0,53.9,819.2,36.7,62.6,76.5,0.64,Groundnut,1.66,620
51.0,20.4,59.0,415.0,95.5,46.5,42.2,4.0,Wheat,4.6,895
51.6,22.3,47.3,636.1,125.1,51.5,50.7,2.1,Wheat,4.57,763
57.9,23.4,70.5,875.2,53.9,57.6,43.9,2.08,Soybean,2.42,410
82.7,25.6,84.0,1186.1,213.8,64.6,116.6,3.55,Rice,5.55,71
79.6,27.3,76.6,1625.8,166.8,76.7,143.5,4.73,Sugarcane,11.61,105
38.6,29.6,45.4,624.6,57.4,40.7,32.0,3.61,Bajra,1.75,419
85.8,32.2,91.7,1256.7,188.8,46.7,88.3,3.14,Rice,5.4,378
72.7,24.9,65.1,712.0,190.7,48.0,68.1,2.11,Maize,4.14,403
61.0,24.1,57.8,478.3,111.7,39.8,59.7,2.48,Maize,5.04,617
57.1,19.5,57.5,358.6,31.0,37.9,29.2,2.3,Chickpea,1.82,528
64.0,18.6,84.2,623.2,110.3,44.0,41.6,2.41,Wheat,4.29,400
46.2,28.6,54.0,1060.6,106.3,37.6,60.4,2.01,Cotton,2.42,781
56.7,12.4,68.2,876.1,136.1,47.8,62.6,3.44,Wheat,3.52,370
42.7,18.8,56.2,118.4,33.7,45.8,36.9,1.66,Chickpea,1.55,610
34.1,19.9,37.3,10.4,85.5,52.2,56.7,5.97,Wheat,3.51,669
41.4,34.1,50.5,897.8,124.7,33.9,68.7,7.14,Cotton,2.54,747
37.2,29.4,67.7,647.2,63.1,40.0,50.1,2.01,Jowar,2.18,350
46.2,29.5,51.7,539.8,27.2,50.7,57.2,5.18,Groundnut,2.32,470
92.0,29.9,87.0,1741.7,113.3,57.8,133.4,2.88,Rice,5.15,32
72.5,29.6,68.1,1730.8,170.7,57.2,77.6,1.37,Rice,4.89,153
41.1,26.7,64.4,571.9,39.1,75.3,50.3,3.09,Groundnut,1.87,618
82.7,23.6,80.3,1867.7,158.4,53.3,101.1,4.54,Rice,4.39,673
63.9,21.1,52.8,1018.8,27.9,75.5,64.2,1.94,Soybean,2.04,424
50.9,20.9,68.2,725.9,49.7,70.3,64.0,3.1,Soybean,1.84,643
38.9,25.9,39.0,505.8,64.6,26.7,36.2,5.08,Bajra,1.73,775
45.8,31.6,33.7,111.1,66.4,22.6,65.8,2.14,Jowar,1.86,633
74.9,22.9,80.7,2011.4,171.9,20.2,58.8,5.48,Rice,4.54,215
57.7,30.0,66.5,837.1,24.0,78.3,51.0,5.52,Soybean,2.11,459
55.5,29.9,62.7,999.0,127.2,34.4,99.1,1.37,Cotton,2.59,397
60.4,18.3,58.4,507.5,152.4,46.0,26.3,7.82,Wheat,4.54,899
52.6,23.9,56.3,608.4,128.4,49.6,30.4,2.55,Wheat,4.8,307
72.0,27.5,75.7,1800.2,162.4,42.1,76.0,2.5,Rice,5.98,370
85.4,22.9,74.8,2012.2,212.0,61.2,58.9,4.11,Rice,3.86,346
66.7,26.5,67.7,1161.0,46.7,70.6,51.9,2.91,Soybean,2.18,354
61.2,17.8,63.2,701.9,148.7,45.1,49.6,3.26,Wheat,4.81,561
37.6,28.0,69.8,995.2,83.3,42.4,48.3,2.43,Cotton,2.87,585
74.9,26.3,78.6,958.4,47.4,72.8,48.6,1.33,Soybean,2.42,411
53.5,25.3,54.6,813.0,119.7,45.2,85.0,6.23,Cotton,2.44,655
47.9,13.2,55.6,579.9,101.4,33.9,45.5,2.49,Wheat,3.78,719
46.0,30.9,55.8,1431.8,114.1,50.6,57.0,2.82,Cotton,2.39,188
65.2,25.8,44.5,1026.4,150.0,35.9,49.3,3.32,Cotton,1.95,869
92.0,32.1,80.5,1664.5,177.8,71.3,93.6,4.05,Rice,4.5,647
38.3,28.0,30.6,255.5,58.6,25.8,39.3,4.83,Bajra,1.85,960
66.7,20.7,50.3,454.4,135.2,46.5,55.9,1.46,Wheat,4.22,823
62.7,29.4,67.7,1185.8,175.2,44.9,43.5,1.0,Maize,4.44,223
46.7,21.1,41.0,390.0,136.4,52.5,56.0,3.35,Wheat,4.66,717
59.3,19.6,62.9,611.7,33.8,45.7,47.7,4.93,Chickpea,1.53,426
52.6,30.1,69.7,344.1,136.5,44.4,55.9,4.54,Maize,3.87,441
53.8,18.9,74.1,470.2,150.8,62.9,45.8,5.43,Wheat,4.35,632
35.9,33.1,56.6,431.2,64.2,37.0,37.9,5.27,Jowar,2.35,498
53.4,29.3,52.8,864.8,52.3,37.7,32.6,3.84,Bajra,1.42,577
43.6,34.5,58.5,289.8,102.9,41.2,74.2,2.1,Cotton,2.13,329
66.1,29.7,68.8,709.5,102.6,55.1,57.1,1.73,Maize,5.61,468
54.7,23.1,66.3,605.8,151.4,54.7,32.3,6.8,Wheat,4.48,540
50.7,19.6,50.8,332.2,107.3,46.7,46.6,3.43,Wheat,4.76,567
77.0,28.1,90.9,1730.2,176.2,52.1,109.3,1.62,Rice,5.9,115
46.6,28.8,66.8,662.5,29.3,52.4,58.9,1.68,Groundnut,2.42,807
54.5,30.6,63.3,824.0,146.2,39.2,64.9,3.65,Maize,5.11,334
62.4,23.2,58.0,1117.4,148.0,50.3,61.4,1.65,Maize,5.12,363
46.1,29.2,70.3,613.0,58.6,14.9,50.6,3.86,Jowar,1.89,368
62.8,16.9,60.8,636.5,136.1,52.2,38.8,5.05,Wheat,4.95,751
92.0,30.3,68.7,1730.7,184.7,25.9,102.7,1.5,Rice,4.75,693
57.7,19.4,68.8,1188.5,143.2,55.6,39.7,3.53,Wheat,3.86,484
41.4,15.6,51.1,211.0,20.0,52.1,29.8,4.22,Chickpea,1.49,576
51.6,26.6,74.3,700.9,139.3,44.6,57.8,4.75,Maize,5.37,385
37.4,25.8,63.8,595.4,55.0,34.2,54.0,3.72,Jowar,2.22,712
33.7,33.9,57.2,695.4,58.7,24.1,34.9,5.08,Bajra,1.72,444
47.2,22.8,49.4,1051.2,32.5,51.3,67.8,4.19,Groundnut,1.41,826
50.6,18.1,54.6,686.7,90.7,52.4,61.1,4.45,Wheat,4.56,826
37.7,32.1,50.6,407.4,49.1,30.8,47.8,0.6,Jowar,2.25,680
37.5,27.7,43.9,413.2,59.4,21.5,42.0,6.45,Bajra,1.86,814
70.4,24.2,76.0,1363.6,156.7,62.8,91.3,0.5,Rice,5.63,474
64.2,25.4,63.7,915.9,73.1,58.9,43.6,1.69,Soybean,2.41,747
60.1,22.2,70.1,1066.6,145.5,58.4,56.5,4.3,Maize,4.44,275
55.2,19.6,47.3,623.0,131.1,47.6,38.4,6.42,Wheat,5.06,850
86.7,29.7,81.4,1204.1,136.5,54.7,82.9,5.63,Rice,5.2,280
77.1,26.8,84.1,1606.2,197.9,42.8,56.6,3.91,Rice,6.41,158
75.2,26.1,77.7,912.4,142.6,42.6,95.0,4.11,Rice,4.89,415
55.1,17.7,68.1,466.6,34.6,58.3,28.8,1.61,Chickpea,1.4,496
41.9,18.4,44.1,487.3,135.1,46.3,52.4,4.05,Wheat,4.21,552
57.7,31.0,61.3,914.2,35.5,65.3,46.9,4.02,Soybean,2.17,278
50.0,31.1,55.9,1129.9,91.3,22.5,63.3,4.5,Cotton,2.55,394
82.5,31.8,86.1,1394.7,123.3,61.1,105.9,0.58,Rice,4.75,512
51.9,18.0,54.4,278.0,102.4,55.4,41.3,5.81,Wheat,4.5,961
83.3,24.2,90.7,1635.3,166.9,60.7,53.3,5.55,Rice,5.74,337
47.9,33.4,54.5,997.2,117.0,41.6,58.0,3.67,Cotton,2.49,752
43.9,33.5,55.5,1063.3,80.4,30.2,66.3,4.41,Cotton,2.63,472
74.2,26.7,90.9,1791.0,250.0,92.4,213.4,0.5,Sugarcane,10.38,209
57.8,28.3,59.5,1088.9,116.3,43.2,61.7,2.82,Cotton,2.47,561
70.1,30.1,72.4,1665.7,183.0,68.4,65.1,3.67,Rice,5.79,181
55.6,29.4,54.8,825.8,29.9,56.9,76.4,3.41,Groundnut,2.23,434
26.6,36.8,46.9,450.7,55.4,28.1,40.3,1.49,Bajra,1.91,705
55.5,24.2,78.6,1035.1,46.9,75.8,54.9,1.54,Soybean,2.22,328
42.7,34.6,49.4,299.6,58.7,32.1,53.7,5.41,Bajra,1.78,525
46.4,25.8,63.9,351.0,52.1,35.0,41.5,3.82,Bajra,2.05,637
45.3,25.4,60.5,530.4,42.1,39.2,32.8,3.54,Bajra,1.44,540
42.5,30.9,48.0,569.4,62.5,30.1,42.8,4.86,Bajra,1.92,827
63.4,28.9,86.1,1994.3,173.4,52.1,78.9,5.19,Rice,5.27,228
79.7,27.9,92.8,1782.7,189.1,42.9,64.1,4.2,Rice,5.14,165
39.7,25.4,34.7,801.6,52.0,34.8,30.3,3.35,Bajra,1.25,752
56.1,30.0,60.4,642.0,49.9,61.3,55.5,2.42,Soybean,2.29,540
62.6,21.8,61.8,509.2,124.4,32.7,26.7,2.68,Wheat,4.69,469
61.5,30.8,45.2,942.6,37.8,57.4,54.8,5.29,Groundnut,1.8,583
61.5,15.7,55.3,199.9,153.2,52.7,56.9,1.89,Wheat,3.36,776
44.7,24.1,60.6,218.3,29.6,40.8,31.3,3.08,Chickpea,1.36,718
53.2,13.7,59.1,312.8,110.6,46.2,49.7,0.71,Wheat,3.29,817
74.3,27.0,81.4,1713.7,224.3,47.1,89.9,6.32,Rice,5.66,21
56.9,21.5,61.1,796.0,37.1,63.0,60.1,2.77,Groundnut,1.58,481
52.3,19.6,55.8,370.6,190.0,65.3,54.5,2.92,Wheat,3.94,571
50.2,28.6,60.1,1069.1,113.8,35.2,75.8,2.85,Cotton,2.43,542
74.6,30.0,88.5,1129.2,197.9,77.1,198.8,3.95,Sugarcane,8.36,229
73.5,27.1,82.3,1599.7,169.4,44.9,51.7,1.94,Rice,6.04,210
87.1,26.0,91.0,1742.8,153.4,61.9,99.1,2.9,Rice,5.66,346
54.0,33.2,63.4,658.9,38.2,55.0,61.7,2.18,Groundnut,1.73,569
77.9,20.2,62.0,504.7,106.9,41.0,58.9,1.23,Wheat,4.15,391
40.5,21.5,62.7,378.3,25.8,44.0,33.5,3.85,Chickpea,1.64,789
87.8,22.3,77.1,1696.0,193.5,40.0,89.4,4.12,Rice,4.63,467
37.6,23.1,64.3,563.4,59.1,26.0,34.8,2.59,Bajra,1.26,458
76.2,26.8,85.6,1915.4,165.8,51.2,118.1,1.1,Rice,6.25,368
61.8,23.9,77.8,709.2,27.0,62.8,60.5,2.1,Soybean,2.06,309
77.4,26.4,89.0,1258.1,109.8,64.5,65.3,3.88,Rice,5.14,457
69.8,30.1,78.5,1615.3,123.7,45.0,83.4,0.79,Rice,5.05,279
37.0,29.6,45.3,432.1,65.3,36.0,38.7,1.73,Bajra,1.76,578
54.9,25.1,61.8,832.2,138.7,44.5,42.8,4.59,Maize,4.48,474
31.7,28.5,58.2,256.8,75.0,33.2,32.8,4.19,Jowar,2.08,513
57.0,21.5,65.8,915.3,34.5,56.6,50.8,3.05,Groundnut,1.61,520
55.0,23.8,60.9,519.8,126.8,45.3,48.1,2.99,Wheat,4.52,606
56.8,30.1,66.1,905.5,36.8,65.0,45.3,1.04,Soybean,2.11,495
61.6,22.5,52.7,448.6,149.1,51.4,46.0,3.64,Wheat,5.05,563
80.3,30.9,74.6,1579.7,239.1,94.8,152.3,4.63,Sugarcane,11.07,0
47.1,37.8,34.7,564.2,66.5,23.7,37.6,2.6,Bajra,1.5,771
59.3,20.2,70.7,1137.0,44.0,59.7,31.8,4.32,Soybean,1.57,130
35.9,22.1,47.6,227.6,23.6,38.0,42.6,1.18,Chickpea,1.67,747
67.6,29.6,82.3,1660.1,199.0,51.5,65.4,2.09,Rice,6.81,458
45.2,23.8,49.8,348.6,24.6,47.9,26.1,3.41,Chickpea,1.72,724
52.4,28.2,68.4,1054.7,42.9,83.9,72.3,3.48,Soybean,2.35,392
28.0,27.3,36.6,555.8,49.7,29.9,39.1,3.18,Bajra,1.69,718
75.5,24.4,67.8,959.2,156.6,28.1,52.2,2.05,Maize,5.69,448
38.1,16.7,49.6,12.3,20.0,33.8,29.2,1.55,Chickpea,1.6,634
69.2,26.1,72.4,1005.4,156.1,47.6,48.7,2.96,Maize,5.36,337
61.8,24.1,57.0,802.8,34.3,63.9,69.7,1.41,Groundnut,2.02,430
92.0,29.7,71.6,2383.2,201.5,82.2,244.7,0.79,Sugarcane,7.84,461
57.1,26.2,43.1,624.3,113.8,37.4,87.3,6.29,Cotton,2.75,694
38.9,32.6,61.1,39.4,45.3,33.1,47.5,2.07,Jowar,1.83,784
77.2,27.9,81.4,1060.6,186.2,60.7,82.8,3.56,Rice,5.46,316
73.5,26.2,74.8,1671.4,192.0,52.8,82.4,3.22,Rice,6.02,342
53.0,17.9,76.9,460.0,112.9,28.3,49.8,1.93,Wheat,4.18,435
67.7,27.6,74.6,723.0,128.2,60.9,55.8,4.48,Maize,4.68,518
70.1,25.0,75.7,1775.7,163.2,74.9,76.9,1.92,Rice,5.19,442
48.8,30.7,65.3,621.2,44.9,58.1,73.6,3.88,Groundnut,2.38,569
78.4,29.9,81.4,1709.1,196.5,75.6,96.9,2.04,Sugarcane,9.25,179
65.0,28.1,69.7,460.6,27.0,63.4,45.5,2.29,Groundnut,1.82,397
44.3,33.5,35.8,490.3,74.2,30.3,23.1,2.83,Jowar,1.72,1014
34.1,24.9,60.5,398.7,58.0,39.8,33.1,4.46,Jowar,2.18,553
35.6,29.3,32.2,109.8,90.3,26.9,40.9,6.16,Jowar,2.11,767
72.2,28.5,64.3,827.6,58.1,72.3,55.8,2.76,Soybean,2.38,740
72.1,22.9,66.7,828.3,136.2,31.4,49.5,6.98,Maize,4.99,663
57.4,30.4,62.5,1109.6,107.4,40.5,72.2,2.41,Cotton,2.43,574
53.9,15.6,60.5,399.2,107.8,45.8,44.4,1.86,Wheat,4.03,535
74.3,26.5,83.9,1739.1,168.3,55.9,137.2,3.72,Rice,6.02,630
60.3,17.9,70.6,649.5,133.0,15.6,36.6,4.13,Wheat,5.38,547
62.3,12.3,73.5,623.2,126.9,42.2,44.9,3.95,Wheat,3.12,552
30.0,19.7,38.3,290.9,31.8,49.3,42.9,2.27,Chickpea,1.68,735
56.2,32.2,62.1,578.2,98.4,41.1,51.7,1.34,Maize,3.94,343
59.9,24.7,72.5,405.5,154.3,45.7,45.1,1.18,Maize,4.6,296
52.8,24.4,57.5,599.3,57.4,81.4,67.1,3.09,Soybean,2.17,658
57.0,22.0,64.7,832.9,32.3,71.4,84.0,3.11,Soybean,2.08,570
51.8,14.1,50.4,594.5,139.9,40.8,48.0,3.69,Wheat,3.42,611
54.5,40.8,49.2,340.0,38.2,27.1,42.7,4.16,Bajra,1.59,505
51.1,21.5,51.4,429.9,144.4,67.5,39.4,3.14,Wheat,4.17,437
57.0,23.1,56.5,1177.2,84.2,32.6,31.3,2.9,Maize,4.42,479
49.3,15.0,45.8,562.4,144.9,66.2,55.0,6.24,Wheat,4.82,459
45.3,30.5,68.8,567.0,35.6,57.9,57.6,1.06,Groundnut,1.84,650
46.6,19.5,44.6,493.4,21.9,45.5,34.2,2.02,Chickpea,1.86,879
60.5,25.3,74.6,911.5,40.7,58.2,35.5,4.83,Soybean,2.34,861
53.9,22.4,71.8,1109.2,80.5,33.9,68.3,4.32,Cotton,1.94,556
53.7,32.8,42.5,927.2,82.7,49.4,94.7,1.25,Cotton,2.45,574
41.9,19.6,61.0,244.0,35.2,45.0,39.9,3.21,Chickpea,1.48,477
40.5,21.7,47.4,483.5,33.7,51.9,38.0,5.65,Chickpea,1.89,148
32.2,17.4,64.9,174.6,22.6,55.9,40.0,3.54,Chickpea,1.56,499
55.2,21.1,58.1,362.9,101.1,59.1,47.2,4.13,Wheat,3.86,592
71.4,27.1,74.5,854.4,164.6,37.6,58.6,3.92,Maize,5.43,580
69.3,24.1,82.7,873.9,46.1,45.6,35.8,4.83,Soybean,2.03,462
78.1,26.3,86.3,1470.7,232.3,49.8,70.1,5.87,Rice,5.79,369
41.6,30.7,52.7,436.9,112.2,32.3,93.7,4.96,Cotton,2.52,683
73.9,33.0,55.6,1086.4,53.0,65.1,54.3,1.88,Soybean,1.88,651
76.5,33.4,81.3,1644.0,153.1,72.4,72.2,5.45,Rice,4.91,515
52.7,29.7,59.6,268.5,47.9,48.2,40.2,6.29,Groundnut,1.92,455
70.0,21.3,68.9,752.9,89.7,50.1,42.8,2.18,Wheat,3.56,416
75.3,27.9,70.3,2130.2,73.2,51.3,107.4,3.15,Rice,5.19,96
77.6,30.7,81.9,2078.2,213.1,88.8,162.3,3.02,Sugarcane,9.35,496
69.5,29.8,70.9,2156.2,128.9,51.1,94.2,0.5,Rice,4.98,505
48.7,28.7,68.1,306.4,37.4,56.0,66.5,3.61,Groundnut,1.77,666
61.1,25.0,59.2,1308.0,134.9,41.7,52.1,3.94,Maize,5.24,306
37.4,23.3,51.8,470.5,32.5,38.5,36.1,2.96,Chickpea,1.51,680
55.7,20.4,41.5,544.9,135.0,40.7,39.2,2.35,Wheat,5.18,679
49.3,31.3,48.2,722.8,141.4,38.0,95.1,3.57,Cotton,3.37,662
60.3,20.7,51.0,808.8,103.3,37.6,46.7,1.89,Wheat,4.15,589
36.3,34.4,54.7,439.2,63.2,23.4,56.1,3.11,Jowar,1.95,716
33.2,30.9,51.4,659.8,82.5,31.4,40.0,4.73,Bajra,1.88,572
45.6,19.3,53.4,401.4,28.9,58.2,47.2,3.36,Chickpea,1.69,782
61.0,19.9,51.1,530.3,110.4,52.6,30.3,2.88,Wheat,4.83,688
46.0,32.1,58.1,919.2,141.7,52.4,73.9,4.68,Maize,4.64,504
49.2,16.7,65.0,578.9,161.2,67.7,32.6,0.5,Wheat,4.03,522
48.5,21.3,60.6,299.6,140.1,43.5,32.3,3.02,Wheat,4.54,540
43.8,20.3,48.9,425.7,24.7,47.6,32.2,1.7,Chickpea,1.78,805
68.4,25.1,78.0,1076.5,170.9,46.1,106.3,2.26,Rice,5.24,335
91.0,26.6,78.2,1462.4,135.8,112.9,192.6,0.5,Sugarcane,10.62,377
44.5,29.8,56.7,631.5,45.4,57.2,44.5,1.78,Soybean,1.68,536
65.7,22.9,73.3,768.1,131.3,52.6,35.4,1.23,Maize,4.24,220
43.2,24.5,43.1,405.0,48.5,23.9,49.1,5.25,Bajra,1.35,861
46.9,23.9,56.3,686.8,86.3,41.6,48.8,1.52,Wheat,4.28,429
73.4,30.3,84.0,1329.3,182.6,41.2,75.9,3.81,Rice,4.92,412
57.3,26.4,60.7,109.1,53.3,50.8,55.0,4.44,Soybean,1.73,696
68.1,28.9,66.9,1951.9,52.2,42.1,54.9,5.79,Soybean,1.79,98
55.9,28.8,48.8,866.7,87.6,40.0,70.6,2.24,Cotton,3.0,481
42.1,34.0,50.7,418.1,61.1,30.4,51.9,5.07,Bajra,1.68,587
50.0,22.5,60.0,679.3,156.5,17.9,41.1,4.54,Wheat,4.3,438
28.6,27.4,46.4,515.9,76.9,35.0,26.8,4.34,Jowar,1.94,503
53.8,22.2,54.6,781.5,24.9,51.1,74.0,5.19,Groundnut,1.85,709
52.1,27.0,57.5,731.0,126.7,37.2,79.6,4.28,Cotton,2.84,541
77.6,33.0,73.3,1645.0,168.2,43.7,190.9,4.42,Sugarcane,9.6,404
40.3,37.1,47.3,436.5,62.9,26.7,26.3,2.67,Bajra,1.61,622
70.2,31.4,79.4,441.5,203.0,46.9,102.0,4.1,Rice,4.37,492
37.6,27.3,55.0,724.8,50.6,29.2,35.3,4.9,Jowar,1.73,482
42.9,17.3,67.1,597.8,31.3,49.4,39.4,5.05,Chickpea,1.73,516
44.9,34.9,48.2,645.8,57.2,37.1,50.5,2.02,Jowar,1.93,748
87.8,23.1,76.4,2352.4,196.3,106.1,237.1,2.4,Sugarcane,8.48,258
58.7,24.8,71.0,777.6,48.0,74.8,65.4,2.22,Soybean,2.68,396
85.3,31.1,94.4,1668.5,135.7,63.0,127.6,0.72,Rice,5.22,45
68.7,18.6,54.9,305.2,117.6,44.9,57.4,2.77,Wheat,3.66,676
90.3,29.0,83.3,1070.8,250.0,111.2,193.4,0.89,Sugarcane,9.24,394
58.5,24.4,62.6,763.9,33.0,82.6,68.6,5.79,Groundnut,2.11,494
41.8,34.2,48.8,448.0,98.3,54.2,74.3,1.32,Cotton,2.39,558
37.0,13.9,64.3,601.0,28.9,36.5,41.2,4.82,Chickpea,1.62,626
32.8,24.2,43.8,277.8,43.5,24.7,58.8,2.74,Bajra,1.65,1023
40.8,32.1,55.2,376.2,44.8,41.8,40.1,3.04,Jowar,2.54,592
50.1,29.7,64.7,1064.8,124.9,36.1,72.1,4.2,Cotton,2.87,532
57.2,25.7,69.3,939.3,47.6,53.5,47.2,7.19,Soybean,2.47,518
45.7,25.7,42.2,372.1,31.4,52.5,38.2,3.92,Chickpea,1.76,332
23.0,32.5,48.6,434.2,67.8,29.3,32.6,2.04,Bajra,1.54,699
50.7,18.3,46.1,399.4,34.4,38.2,30.9,7.95,Chickpea,1.8,591
63.6,21.1,53.6,465.2,95.3,66.0,42.3,0.76,Wheat,3.94,855
34.7,30.0,20.9,152.1,68.8,32.9,43.1,4.32,Jowar,1.96,822
61.4,23.0,60.5,645.5,109.2,40.8,48.0,1.5,Maize,5.38,445
45.8,16.8,46.0,301.6,33.4,45.1,36.5,3.97,Chickpea,1.72,678
75.2,30.3,79.4,1792.0,162.8,43.8,101.8,2.62,Rice,6.04,314
45.8,28.7,66.3,839.5,45.3,46.8,64.7,4.36,Soybean,2.31,409
48.2,28.4,60.6,509.9,58.6,27.5,43.8,0.5,Bajra,1.78,574
70.0,29.8,83.5,1242.4,34.7,51.4,55.7,3.37,Soybean,1.75,110
82.8,32.6,70.6,1678.1,151.9,58.1,94.3,3.67,Rice,5.04,325
39.9,32.1,45.4,0.0,117.7,24.0,62.1,4.23,Cotton,1.86,868
80.0,29.4,68.1,1057.1,119.7,53.2,75.1,4.13,Rice,5.16,759
35.1,29.4,54.7,1034.1,127.1,40.3,54.2,3.92,Cotton,2.72,671
46.2,29.5,46.7,473.9,113.8,44.0,71.1,3.02,Cotton,2.62,731
63.3,14.7,56.3,886.0,128.3,49.8,41.1,2.55,Wheat,3.24,752
76.9,27.8,77.1,1628.6,135.0,59.2,68.4,3.52,Rice,6.1,478
79.1,29.4,81.0,1678.8,165.3,55.0,88.9,3.55,Rice,5.55,547
44.1,32.8,66.2,849.7,45.9,65.8,67.9,3.42,Groundnut,1.98,663
64.8,29.2,79.0,1164.0,140.6,36.6,97.9,4.11,Rice,5.1,341
61.2,28.5,68.2,552.7,151.9,40.0,61.8,6.02,Maize,5.13,558
61.6,30.2,88.6,1392.5,33.1,60.8,39.0,3.71,Soybean,1.85,299
44.2,29.3,59.1,444.3,30.3,53.5,66.5,1.64,Groundnut,2.19,649
63.1,21.3,55.6,276.4,139.3,42.0,45.5,7.37,Wheat,4.1,679
58.9,25.2,60.7,835.8,43.1,63.4,66.0,3.17,Groundnut,2.15,419
52.6,28.0,56.7,546.6,49.9,48.5,62.9,1.78,Soybean,2.12,281
54.6,31.5,59.7,561.0,73.4,26.7,45.1,4.96,Jowar,1.8,479
50.7,20.0,62.3,375.6,146.6,48.8,40.0,2.55,Wheat,4.59,272
76.1,28.5,86.8,1974.5,226.4,56.1,85.7,2.43,Rice,5.62,237
51.3,20.1,60.7,710.6,106.8,55.3,44.8,3.04,Wheat,4.51,557
65.0,28.7,56.6,1337.6,135.7,38.6,83.3,2.21,Cotton,2.1,249
41.5,18.0,53.6,501.4,30.8,49.9,26.8,0.5,Chickpea,2.01,743
77.9,24.8,91.2,1106.2,156.8,56.2,104.2,4.55,Rice,5.37,418
66.1,23.6,72.5,1038.9,42.8,77.0,41.0,3.94,Soybean,1.98,438
41.0,38.5,55.5,888.2,49.8,32.8,43.5,2.21,Jowar,1.07,832
27.2,31.2,35.2,74.3,50.5,26.7,36.6,2.21,Bajra,1.51,1023
53.5,27.8,75.2,869.2,44.7,49.2,62.3,2.61,Groundnut,2.16,236
35.6,33.6,36.9,319.5,45.6,28.0,43.9,2.14,Bajra,2.05,928
67.2,25.3,72.7,1168.0,173.0,55.4,64.5,3.13,Rice,4.12,474
67.7,18.8,55.6,265.6,141.2,58.8,40.9,3.62,Wheat,4.13,714
60.9,28.4,64.1,1150.6,156.1,40.7,50.1,3.32,Maize,4.74,618
52.3,18.5,68.9,479.2,127.8,65.4,44.7,4.29,Wheat,4.17,410
35.5,32.8,39.7,232.8,64.0,36.7,38.3,6.35,Jowar,1.9,667
84.8,23.0,78.8,1663.6,180.0,33.5,113.4,2.55,Rice,4.65,177
60.0,28.0,65.9,1068.4,116.3,41.1,70.1,5.77,Cotton,2.34,353
62.1,16.3,58.4,314.2,151.8,60.4,36.5,2.12,Wheat,3.6,608
52.1,27.7,77.7,888.2,39.1,54.5,72.4,3.47,Groundnut,1.94,177
80.2,32.1,70.5,1663.3,158.3,68.5,125.2,6.35,Rice,4.79,200
63.4,28.3,68.4,1036.1,38.9,76.7,54.5,4.21,Soybean,2.65,544
42.1,12.4,54.8,564.5,25.6,51.2,43.9,3.61,Chickpea,1.18,608
56.2,20.3,60.7,255.9,112.1,52.7,48.0,3.37,Wheat,3.56,672
91.9,27.3,79.6,1306.4,176.7,50.5,101.0,2.77,Rice,4.81,46
76.1,26.2,69.9,1493.5,149.6,55.2,125.1,2.63,Rice,5.32,265
33.5,26.8,48.9,301.1,63.7,26.3,38.7,2.26,Bajra,1.77,607
47.6,28.0,58.1,755.1,29.6,78.1,57.3,3.69,Soybean,2.66,576
54.0,19.1,53.1,363.7,25.9,43.1,33.5,3.09,Chickpea,1.69,565
71.5,26.1,71.8,1637.0,247.2,83.9,207.6,2.36,Sugarcane,8.93,501
66.0,26.6,68.9,1833.7,157.8,65.2,124.6,1.77,Rice,4.15,345
69.4,30.2,71.7,702.4,169.7,56.2,77.4,1.67,Rice,4.75,474
50.2,18.1,49.9,987.1,161.5,59.6,46.5,5.03,Wheat,4.19,607
68.3,25.5,79.2,2180.1,171.2,45.5,122.9,4.64,Rice,4.8,360
35.2,31.4,33.0,683.4,53.3,18.9,50.2,1.92,Bajra,1.88,682
83.1,26.0,75.6,1372.8,183.5,53.6,109.7,0.5,Rice,4.48,534
44.5,30.7,48.3,485.2,75.2,21.5,33.1,1.85,Bajra,1.8,747
68.2,19.4,71.4,1036.6,130.9,64.6,67.2,3.22,Maize,4.96,455
70.8,23.7,72.6,995.0,155.1,65.7,51.5,5.62,Maize,5.09,434
46.5,26.5,48.7,535.9,83.2,31.7,50.5,2.56,Jowar,1.8,748
83.2,27.1,79.1,1938.9,168.1,52.5,72.5,3.9,Rice,4.54,432
53.4,24.7,74.7,997.8,55.7,64.1,42.5,3.98,Soybean,2.67,558
62.2,31.4,60.3,387.2,95.9,47.9,72.3,2.36,Cotton,2.12,658
65.1,26.9,68.3,1372.4,184.3,75.0,73.4,3.16,Sugarcane,7.63,549
67.7,11.6,74.6,298.6,161.6,41.3,52.4,0.96,Wheat,2.61,518
54.3,19.8,61.2,455.7,25.6,45.3,34.4,4.24,Chickpea,1.86,778
37.0,32.7,42.7,247.1,71.0,31.5,47.4,5.66,Bajra,2.14,735
68.2,25.8,62.9,937.1,213.6,46.7,74.1,4.76,Maize,5.25,188
39.8,18.5,48.6,240.1,28.3,45.4,22.6,5.27,Chickpea,1.73,909
66.8,10.6,62.8,708.4,138.9,53.6,32.2,3.63,Wheat,3.77,557
66.6,20.7,71.7,727.4,73.8,66.6,46.2,4.66,Wheat,4.11,287
68.3,23.4,67.0,739.1,53.3,55.6,71.7,2.34,Soybean,1.94,473
72.6,17.5,81.8,1292.6,112.5,57.9,53.5,4.92,Maize,2.79,189
39.4,31.0,62.4,403.1,45.8,39.7,40.1,2.83,Bajra,2.19,907
76.5,25.6,71.1,1314.1,209.0,60.9,99.8,2.51,Rice,6.12,477
91.5,31.0,92.2,1792.1,166.9,52.2,70.3,4.26,Rice,5.47,0
62.9,28.4,63.2,598.1,40.8,69.9,52.7,5.64,Soybean,2.7,636
64.8,27.0,55.9,768.5,111.5,54.6,64.2,4.15,Maize,5.84,524
63.8,22.1,79.8,539.9,194.1,55.1,74.7,2.72,Rice,2.8,726
28.0,29.3,56.4,163.6,76.2,37.8,49.0,1.19,Jowar,2.11,493
49.0,25.3,55.7,962.1,31.5,51.1,81.9,4.71,Groundnut,2.27,215
75.4,32.9,74.7,1091.2,162.1,70.4,85.1,3.23,Rice,4.81,410
48.5,25.6,61.0,841.9,40.3,51.3,59.5,3.53,Groundnut,1.81,483
67.8,25.6,74.0,1154.2,113.9,34.8,64.2,1.4,Maize,5.42,333
59.1,28.5,60.1,939.6,31.1,71.9,51.3,0.5,Soybean,2.63,200
54.8,26.9,63.7,774.1,38.9,54.8,74.9,5.53,Soybean,2.21,591
56.7,23.6,69.5,594.5,34.2,55.5,67.2,4.1,Groundnut,2.05,761
42.1,30.3,54.8,578.0,26.0,46.5,55.8,2.99,Groundnut,2.29,322
67.2,12.0,72.3,1433.1,153.5,44.0,39.0,3.72,Maize,2.84,558
76.6,27.9,70.8,1586.8,250.0,78.4,186.7,4.49,Sugarcane,11.77,281
59.6,33.3,66.3,2125.4,205.5,60.4,86.4,3.54,Rice,3.16,703
77.9,31.1,77.0,1184.4,157.7,56.6,59.8,3.4,Rice,4.95,439
46.1,29.3,57.2,646.4,109.3,48.5,79.7,3.29,Cotton,2.71,562
67.9,33.8,89.1,903.0,165.2,64.9,87.6,4.35,Rice,3.93,490
46.9,21.2,63.0,662.5,91.8,52.8,51.2,1.49,Wheat,3.91,626
73.3,26.7,71.5,1944.2,143.7,57.9,66.7,4.34,Rice,4.97,232
54.9,26.2,58.8,577.8,122.3,45.1,33.8,2.62,Maize,5.0,698
38.9,27.2,44.6,447.3,71.9,35.0,49.2,3.23,Bajra,1.84,627
71.3,25.4,74.2,1835.9,217.2,31.9,90.6,4.02,Rice,5.58,40
53.1,22.0,69.0,629.8,110.2,50.5,38.9,2.51,Wheat,4.05,816
66.4,20.8,57.6,1283.0,46.7,69.8,65.3,1.81,Soybean,1.63,453
57.2,28.3,42.6,781.7,119.2,44.5,75.1,1.42,Cotton,2.57,588
31.3,27.6,28.2,206.2,57.9,40.2,48.4,4.51,Bajra,1.88,877
53.7,30.7,63.5,600.6,23.6,76.7,83.9,1.72,Groundnut,2.06,307
85.3,28.1,83.1,1822.7,142.8,70.9,91.0,2.53,Rice,4.75,52
66.1,30.0,61.1,540.0,44.4,49.1,54.7,5.51,Soybean,1.94,497
55.7,21.0,62.2,473.8,146.9,42.6,48.1,3.35,Wheat,4.19,494
50.6,24.2,53.9,576.9,144.3,47.3,49.5,2.37,Wheat,4.91,636
32.0,37.3,46.8,461.2,52.2,36.8,39.8,3.7,Bajra,1.79,863
62.2,22.7,64.0,1410.9,124.5,42.6,48.3,4.01,Maize,4.88,368
56.7,32.9,63.0,339.6,26.0,71.3,53.1,3.15,Groundnut,1.69,661
51.7,30.4,72.0,897.7,29.6,64.1,45.4,1.52,Soybean,2.33,537
65.7,30.3,71.4,1748.3,172.0,55.6,73.2,4.45,Rice,5.06,178
78.6,21.7,73.8,1354.7,177.3,65.5,105.9,0.73,Rice,4.7,410
47.6,28.2,64.6,760.1,31.6,73.7,72.1,2.15,Groundnut,2.66,373
47.7,25.8,71.0,1137.3,38.6,37.5,36.6,3.49,Soybean,2.02,587
72.8,28.5,82.7,803.5,46.0,55.7,51.6,2.1,Soybean,2.05,446
86.6,24.3,97.6,1910.0,188.6,49.8,89.5,0.5,Rice,4.46,181
43.3,32.6,50.0,411.3,129.5,49.6,82.3,3.03,Cotton,2.5,465
61.3,22.1,68.2,833.9,154.4,37.3,63.5,1.89,Maize,4.61,500
73.6,27.5,82.8,1701.1,193.8,52.5,75.1,5.35,Rice,5.08,157
78.0,23.5,76.7,1360.9,159.5,47.3,104.4,3.62,Rice,4.77,463
53.7,24.3,72.3,471.6,38.7,55.2,34.2,3.22,Soybean,2.07,477
70.7,27.3,69.9,1076.6,37.5,51.3,45.5,3.22,Soybean,1.88,312
60.9,22.3,69.1,616.3,117.2,30.8,54.1,1.46,Wheat,4.86,646
32.5,24.9,45.3,631.0,79.2,38.1,42.2,1.06,Jowar,1.84,792
62.2,28.3,44.0,588.0,135.5,33.3,55.2,4.48,Maize,4.89,602
62.9,30.8,73.8,1058.9,37.5,52.0,34.7,2.51,Soybean,2.05,591
56.4,18.2,52.0,587.9,142.3,53.3,33.5,5.39,Wheat,4.6,591
58.1,27.4,51.1,569.4,113.6,27.5,72.4,4.79,Cotton,2.56,598
54.8,16.9,49.4,389.3,115.0,35.9,41.6,4.07,Wheat,3.96,698
66.4,19.7,38.6,378.5,119.8,40.8,43.5,1.74,Wheat,4.29,635
23.0,16.6,33.1,399.3,24.1,38.1,34.4,2.29,Chickpea,1.5,713
34.6,15.8,53.0,343.2,26.6,43.6,32.7,6.42,Chickpea,1.81,634
75.3,28.9,75.4,1512.2,164.0,72.9,78.7,2.74,Rice,5.9,582
39.9,30.1,50.2,418.4,53.4,41.3,42.9,3.82,Bajra,1.95,903
60.9,22.2,61.4,329.2,137.7,45.3,58.6,2.65,Wheat,4.88,558
85.9,33.1,65.8,2084.4,250.0,80.0,144.1,2.96,Sugarcane,9.27,597
48.3,27.0,57.4,540.3,76.3,31.9,31.9,2.36,Jowar,2.11,596
56.2,28.4,55.4,705.5,35.9,42.4,35.9,1.55,Soybean,2.63,657
63.8,16.1,57.5,833.1,139.2,30.3,53.7,3.02,Wheat,3.99,702
39.7,18.0,56.6,446.6,26.3,49.4,29.7,1.53,Chickpea,2.01,666
70.0,26.2,55.3,513.5,151.2,47.0,62.5,3.63,Maize,4.87,996
51.4,30.6,56.5,782.4,117.8,43.2,40.9,3.49,Maize,4.53,617
38.0,27.4,50.0,1414.3,119.6,35.8,52.9,3.51,Cotton,2.08,365
40.6,19.9,56.5,485.4,20.0,49.2,42.7,2.42,Chickpea,1.81,819
65.5,27.2,78.2,1601.3,124.5,49.1,105.6,3.02,Rice,5.32,252
53.2,27.1,46.9,555.3,130.9,61.5,49.8,1.86,Wheat,4.34,631
37.7,33.0,57.0,836.1,47.7,35.9,45.5,3.44,Jowar,1.54,105
38.3,22.0,48.5,493.4,23.8,43.2,32.6,2.71,Chickpea,1.89,829
56.6,19.9,64.1,401.8,97.0,51.3,33.9,2.81,Wheat,3.87,696
57.8,24.8,73.0,980.1,49.6,52.3,68.1,1.39,Soybean,2.36,550
19.0,32.3,50.6,0.0,64.2,27.9,45.4,3.99,Bajra,1.38,866
82.1,34.7,78.1,2290.6,180.8,58.6,85.1,2.41,Rice,3.63,509
35.7,25.7,52.2,301.3,47.6,28.8,29.8,3.35,Bajra,1.45,663
67.9,31.0,67.7,604.5,138.4,55.9,74.3,4.32,Cotton,2.24,660
55.4,28.4,62.8,820.6,21.0,65.5,57.6,2.96,Groundnut,1.91,410
81.9,27.4,88.9,1894.7,147.5,43.6,83.2,2.07,Rice,5.8,168
59.6,23.9,69.2,1346.5,46.1,76.3,62.8,3.33,Soybean,1.93,574
61.4,17.6,59.7,759.8,156.3,68.6,39.6,2.16,Wheat,4.29,618
32.2,30.8,45.0,624.5,62.0,30.3,31.4,3.22,Bajra,2.08,477
45.7,23.6,53.5,251.8,30.7,47.7,33.0,3.44,Chickpea,1.79,722
55.0,32.1,50.9,721.3,22.2,52.8,62.1,2.07,Groundnut,2.14,601
41.3,18.4,47.7,602.9,32.1,54.8,36.5,4.23,Chickpea,1.74,540
64.0,24.9,68.4,1163.5,54.5,64.0,65.1,4.55,Soybean,2.07,506
59.3,32.4,55.3,896.1,47.6,65.6,65.2,5.65,Soybean,1.81,512
62.7,30.7,75.8,968.0,47.4,47.0,54.2,1.76,Soybean,2.33,163
32.5,29.4,38.8,620.2,64.8,28.7,37.4,1.11,Bajra,2.06,553
47.3,26.6,70.3,372.5,73.1,34.4,51.1,4.37,Jowar,1.96,798
62.9,18.0,70.3,1039.1,106.9,38.5,50.2,3.31,Maize,3.91,205
59.5,26.7,69.1,1210.7,141.7,33.5,55.2,5.09,Maize,5.33,462
72.9,28.1,74.1,510.0,170.6,60.7,83.1,1.83,Rice,4.25,571
89.3,28.4,75.9,1971.9,145.3,54.2,89.5,1.97,Rice,4.79,391
47.6,25.7,59.7,962.2,45.2,69.2,55.9,2.55,Soybean,2.3,342
77.2,27.3,86.2,1665.0,205.5,67.3,59.8,2.14,Rice,6.56,209
78.1,32.2,75.5,1787.7,250.0,81.1,222.6,1.88,Sugarcane,10.83,335
36.0,14.2,50.6,375.8,27.4,31.8,33.4,4.37,Chickpea,1.86,796
39.8,33.0,59.0,229.8,36.2,59.6,44.1,2.46,Groundnut,1.67,529
64.5,27.8,72.0,771.2,49.9,80.1,58.9,4.79,Soybean,2.14,280
42.4,19.2,55.1,744.6,110.6,45.1,44.5,4.58,Wheat,4.35,750
48.2,32.4,70.8,1066.2,35.7,61.6,53.4,5.12,Groundnut,1.91,604
36.8,15.7,37.7,568.1,28.5,41.2,28.1,3.19,Chickpea,1.53,795
37.6,20.3,63.9,13.3,29.9,39.6,28.0,1.08,Chickpea,1.4,524
54.6,21.2,53.1,633.8,113.1,59.2,35.7,5.65,Wheat,5.16,687
67.8,32.8,81.3,1555.2,191.1,31.9,85.9,5.6,Rice,5.27,317
34.7,20.3,55.1,298.4,29.7,36.7,28.6,1.58,Chickpea,1.9,779
67.6,29.2,73.2,1384.6,212.7,32.1,99.4,4.34,Rice,6.61,182
46.6,15.1,67.5,670.7,32.3,63.6,31.8,3.68,Chickpea,1.72,526
48.7,17.8,56.6,355.5,115.2,54.3,52.8,4.35,Wheat,3.89,607
80.7,25.5,81.6,2268.4,207.3,64.3,88.6,1.72,Rice,4.62,57
60.2,14.3,59.5,613.3,133.1,58.1,35.1,6.11,Wheat,3.75,611
52.2,30.6,49.6,585.7,103.6,32.5,39.8,2.16,Cotton,2.55,661
85.0,26.6,75.2,1266.4,232.8,53.8,96.3,3.97,Rice,5.17,311
44.9,19.6,53.4,346.4,26.1,63.1,46.2,5.37,Chickpea,1.94,717
80.5,31.4,80.1,2500.0,250.0,117.2,158.2,1.89,Sugarcane,9.84,0
71.9,30.4,81.8,905.0,187.0,61.3,122.7,4.25,Rice,4.21,362
72.3,16.2,80.0,493.2,151.5,35.3,53.0,4.6,Wheat,3.97,500
91.5,25.1,86.4,2000.4,136.0,59.0,99.4,0.58,Rice,4.81,271
32.9,25.7,42.3,629.5,80.9,34.8,41.3,4.48,Jowar,1.86,868
73.5,30.8,75.1,1896.3,198.7,64.3,102.7,0.5,Rice,4.92,118
69.1,18.0,75.5,759.4,150.3,67.1,36.8,4.94,Wheat,3.45,201
34.0,32.5,49.1,254.2,61.2,30.3,47.0,4.0,Bajra,1.59,734
45.0,32.2,55.7,785.0,113.9,58.0,70.3,4.02,Cotton,3.21,656
60.5,36.9,64.3,713.3,123.6,41.0,53.1,3.99,Maize,4.18,856
40.2,29.5,43.3,732.2,119.0,48.2,73.8,5.92,Cotton,3.12,778
70.8,23.8,52.2,777.9,146.2,45.0,44.3,4.82,Maize,5.49,477
91.2,29.9,76.0,1441.4,110.7,42.8,75.1,2.39,Rice,4.66,474
41.9,17.4,60.5,339.1,20.8,37.0,32.9,2.43,Chickpea,1.75,473
49.4,16.5,73.9,754.9,94.9,51.9,48.7,1.42,Wheat,3.84,217
56.8,26.2,64.7,678.5,39.0,55.1,70.6,4.63,Soybean,2.14,933
42.6,30.6,46.1,680.7,72.9,37.9,45.7,2.99,Jowar,2.35,720
43.0,15.0,58.5,385.9,24.8,36.7,37.6,2.65,Chickpea,1.83,724
37.9,27.5,63.8,690.6,94.1,27.0,93.4,3.52,Cotton,2.87,622
36.6,23.6,51.2,474.7,39.9,47.5,83.5,4.52,Groundnut,1.84,938
56.9,19.9,54.0,539.4,116.3,50.0,49.6,5.6,Wheat,4.48,672
60.8,13.9,55.2,422.0,176.7,53.5,39.0,4.25,Wheat,4.13,822
92.0,26.0,92.7,2500.0,177.0,56.6,76.6,3.73,Rice,3.72,0
48.5,22.6,52.4,389.7,122.3,56.8,52.9,4.33,Wheat,4.48,442
36.7,32.2,45.2,293.9,53.1,37.1,38.7,3.83,Bajra,1.98,939
47.8,26.8,59.3,570.6,69.4,38.0,35.1,2.06,Bajra,1.65,813
83.9,28.6,75.3,2124.0,160.8,58.8,81.2,2.02,Rice,5.01,359
57.1,21.7,60.4,585.0,135.4,60.0,58.7,3.16,Wheat,4.98,609
69.3,22.8,66.7,725.5,45.8,74.9,57.6,5.33,Soybean,1.85,533
58.0,18.9,56.7,761.9,28.8,39.4,34.9,0.5,Chickpea,1.42,474
79.2,31.4,70.7,773.0,34.4,66.5,64.9,3.65,Soybean,2.04,709
85.6,29.6,73.4,1363.7,156.2,54.6,89.4,5.69,Rice,5.01,479
51.3,22.3,50.3,429.4,116.8,39.4,69.1,1.71,Maize,4.31,747
72.5,30.5,55.3,1001.8,169.6,45.5,49.0,2.25,Maize,4.37,619
43.8,21.9,57.3,149.3,29.2,37.4,39.5,1.59,Chickpea,1.67,813
80.4,30.4,62.0,1681.0,242.4,98.5,194.1,1.51,Sugarcane,12.0,501
73.0,29.7,79.9,906.3,201.6,53.6,128.7,1.71,Rice,4.56,499
67.1,30.1,89.7,1457.5,228.8,34.9,106.3,3.45,Rice,5.81,77
89.8,30.4,82.9,1246.1,164.1,50.7,66.9,1.79,Rice,4.19,402
73.9,28.9,65.9,1722.3,143.0,70.6,96.5,3.35,Rice,5.81,728
52.9,24.6,46.6,585.5,69.4,42.0,49.5,3.06,Jowar,1.87,596
72.0,25.7,75.6,2151.6,200.5,55.8,110.6,2.58,Rice,5.57,255
70.9,30.3,89.0,1354.9,160.8,55.0,99.3,4.63,Rice,5.58,411
48.9,27.5,58.4,796.1,111.8,44.6,75.1,2.07,Cotton,2.42,712
40.7,31.9,47.9,530.7,65.1,34.4,35.4,2.77,Bajra,2.0,770
58.2,22.4,45.5,286.7,130.1,54.4,51.9,3.12,Wheat,4.34,466
70.6,28.9,83.5,2500.0,250.0,79.6,227.3,1.01,Sugarcane,8.4,277
54.8,24.4,52.2,404.4,172.2,71.4,64.0,0.5,Wheat,3.81,474
74.5,26.5,60.8,880.9,129.0,48.1,61.6,4.72,Maize,5.57,406
67.1,31.9,74.9,1254.5,184.8,79.0,211.7,2.11,Sugarcane,8.44,464
50.2,11.7,58.1,513.7,27.1,53.3,49.2,3.08,Chickpea,1.48,555
60.7,19.5,66.8,436.0,113.3,63.3,48.0,5.09,Wheat,4.76,669
56.2,32.1,63.3,433.9,61.7,26.2,57.2,3.26,Jowar,1.72,1023
46.1,28.4,46.5,370.2,104.6,37.6,57.1,0.5,Cotton,3.05,822
47.0,29.0,41.8,509.8,117.3,41.6,62.7,2.92,Cotton,2.75,830
45.8,16.3,41.3,150.3,28.0,57.5,39.1,2.55,Chickpea,1.56,619
37.4,30.1,84.6,1003.7,31.8,41.8,58.1,3.0,Groundnut,1.87,239
54.6,16.7,69.6,474.8,144.0,63.2,53.6,3.86,Wheat,4.66,352
58.5,12.0,58.9,460.8,145.5,54.7,51.4,3.35,Wheat,3.24,519
50.2,22.1,62.4,337.2,41.0,58.8,71.7,4.49,Groundnut,1.91,421
47.0,18.8,42.7,372.6,102.5,50.3,49.2,2.79,Wheat,4.34,624
44.5,21.4,44.7,388.1,33.9,41.7,41.2,3.3,Chickpea,2.03,679
60.6,25.2,50.8,548.5,78.4,47.1,59.2,4.36,Wheat,4.82,496
34.2,30.1,39.2,380.8,68.4,35.5,32.7,3.65,Jowar,2.28,528
83.7,28.3,80.1,1403.2,186.5,40.4,136.0,2.69,Rice,5.18,114
52.6,27.4,57.2,720.1,138.7,43.8,51.6,4.47,Maize,4.4,652
59.5,21.5,46.9,810.0,116.7,42.4,50.8,4.26,Wheat,3.66,657
45.9,18.2,39.6,234.3,26.0,26.2,40.2,1.54,Chickpea,1.87,919
55.2,20.7,51.0,692.1,117.7,43.4,35.2,2.26,Wheat,5.03,794
50.6,14.8,45.1,412.1,32.3,36.1,52.8,4.11,Chickpea,1.53,653
71.5,22.9,84.8,847.3,159.5,53.0,119.2,4.61,Rice,3.63,459
40.3,13.8,54.4,164.0,24.1,42.5,28.6,3.44,Chickpea,1.46,447
59.9,16.5,45.1,339.5,135.8,53.0,43.0,3.32,Wheat,3.83,1023
67.9,28.8,68.8,1539.9,140.6,36.7,79.6,0.5,Rice,5.86,575
41.1,32.4,49.1,725.1,147.5,41.2,72.9,4.24,Cotton,3.02,609
58.5,26.2,50.2,938.6,71.1,31.0,58.8,1.26,Cotton,2.06,428
59.4,24.6,46.8,843.0,106.8,31.3,104.2,2.58,Cotton,2.28,704
36.8,19.3,56.1,523.7,27.9,47.2,24.7,3.12,Chickpea,1.87,325
65.8,22.9,69.5,1137.8,44.8,71.4,67.8,2.7,Soybean,2.02,313
77.2,30.0,87.4,1488.1,163.2,64.3,96.2,2.33,Rice,5.55,385
33.1,30.8,55.2,578.8,77.3,29.3,36.9,3.9,Jowar,1.94,626
56.6,21.1,44.3,657.7,109.0,59.6,54.4,3.85,Wheat,5.52,608
83.3,32.4,79.0,1865.9,182.7,73.7,127.3,0.5,Sugarcane,9.62,430
54.8,32.1,57.7,618.1,35.5,62.1,65.5,4.43,Groundnut,1.89,430
84.3,30.5,81.7,1706.1,133.3,50.1,121.3,2.57,Rice,4.57,326
63.7,26.2,54.9,476.7,151.1,55.7,45.7,3.48,Maize,4.77,552
49.6,21.6,50.2,331.1,151.8,57.1,39.1,1.31,Wheat,4.24,549
31.4,30.0,53.0,344.6,107.7,51.9,82.1,3.18,Cotton,2.09,731
76.6,30.0,75.4,1967.4,188.1,70.9,111.0,1.78,Rice,6.73,141
79.7,26.3,75.6,1627.4,178.3,57.6,71.3,4.31,Rice,6.17,625
59.4,21.9,46.4,382.3,99.8,55.3,59.5,2.12,Wheat,4.34,610
52.2,23.8,61.8,220.8,92.6,53.4,47.2,4.8,Wheat,4.16,917
85.0,30.8,80.6,1984.4,250.0,76.5,235.8,1.22,Sugarcane,11.27,92
84.3,27.1,78.4,1523.0,153.4,49.6,62.1,6.35,Rice,5.69,417
28.8,27.1,56.0,345.2,42.5,34.0,56.1,1.42,Bajra,1.62,451
56.7,17.9,67.9,915.6,167.4,52.7,62.7,4.38,Maize,4.06,266
83.4,32.6,87.5,2436.2,131.3,61.5,94.6,3.73,Rice,3.46,210
78.0,27.1,88.0,1953.9,171.3,48.7,100.2,3.33,Rice,5.67,327
43.7,28.7,53.1,885.3,115.4,46.7,68.3,1.19,Cotton,3.23,395
60.4,19.4,51.8,141.6,130.4,53.2,50.4,2.75,Wheat,3.77,874
49.1,29.4,59.8,577.4,36.1,44.3,75.6,5.28,Groundnut,2.29,456
86.4,31.4,81.1,2140.0,249.4,79.7,179.8,2.75,Sugarcane,9.79,264
35.6,31.6,57.8,445.9,38.0,32.2,102.1,4.17,Groundnut,1.68,670
70.8,14.6,55.8,638.9,106.5,42.5,52.9,5.82,Wheat,4.13,695
85.6,33.1,82.1,2417.7,215.6,78.0,203.0,5.17,Sugarcane,8.02,0
73.2,26.7,80.6,1489.8,188.5,62.5,73.6,4.16,Rice,6.62,563
53.1,30.4,56.3,525.1,27.6,56.5,86.8,2.39,Groundnut,1.83,700
78.2,21.2,66.0,877.2,84.3,37.3,62.5,3.82,Maize,3.7,427
55.4,29.7,56.9,756.3,131.1,33.5,77.7,6.62,Maize,5.17,421
47.9,23.9,61.6,810.1,30.0,31.5,76.7,6.54,Groundnut,2.12,274
68.0,27.6,87.2,1213.3,179.6,50.5,105.1,3.11,Rice,5.52,87
68.9,28.5,71.5,212.2,107.3,72.3,134.5,2.8,Rice,4.57,620
59.1,18.0,57.8,293.6,119.4,50.6,51.5,2.6,Wheat,3.85,577
66.1,23.8,67.5,775.1,27.8,66.1,41.3,5.91,Soybean,1.78,319
61.3,15.3,65.8,548.8,125.1,58.9,54.1,4.32,Wheat,4.3,455
43.3,28.5,56.1,471.6,50.3,29.1,37.6,3.33,Jowar,2.69,863
65.0,31.7,64.8,1675.1,154.7,53.6,88.6,1.57,Rice,5.13,351
36.7,21.0,48.7,22.8,28.7,31.6,35.3,4.7,Chickpea,1.35,634
82.4,31.8,79.5,1606.8,183.9,67.0,52.0,3.45,Rice,5.3,516
86.3,24.7,76.2,1832.0,143.2,59.2,97.6,4.58,Rice,5.43,376
89.1,27.2,83.2,1661.5,228.8,52.9,125.0,4.34,Rice,5.28,284
53.2,32.2,54.7,1101.4,108.7,45.6,51.5,3.58,Cotton,2.58,459
45.0,19.0,60.8,750.1,33.3,59.3,29.5,2.1,Chickpea,1.44,310
74.7,27.1,78.4,1780.4,149.8,58.2,96.4,1.37,Rice,5.71,114
48.1,25.6,52.3,482.1,109.1,56.2,64.9,2.24,Wheat,3.9,573
75.9,28.5,78.8,894.7,52.6,47.3,39.1,3.04,Soybean,2.31,359
82.8,28.2,70.7,1632.4,250.0,96.8,246.5,2.55,Sugarcane,10.18,420
56.9,27.5,84.1,1013.0,31.0,55.4,92.7,4.28,Groundnut,1.98,427
52.5,19.7,55.8,605.2,156.3,32.5,52.6,4.81,Wheat,4.34,641
37.0,19.6,52.4,94.4,37.2,41.2,44.6,4.86,Chickpea,1.6,726
71.9,20.7,66.8,1772.4,112.4,65.4,224.5,1.88,Sugarcane,8.3,220
57.6,21.3,60.9,530.0,156.9,48.5,45.2,2.51,Wheat,5.08,243
69.7,23.3,70.6,948.3,42.2,62.6,59.7,0.5,Soybean,2.22,368
47.9,17.4,61.3,385.9,132.0,48.7,44.8,3.5,Wheat,3.97,444
44.6,28.8,52.9,388.4,72.9,39.5,42.2,3.82,Jowar,1.99,553
73.5,27.4,78.1,1368.2,185.2,59.9,89.3,3.66,Rice,6.19,300
50.6,32.6,59.8,853.1,112.3,49.3,91.1,0.84,Cotton,2.62,352
75.8,22.6,79.8,1494.4,155.8,43.2,89.0,4.89,Rice,5.77,145
50.1,21.6,53.6,272.2,31.2,48.1,40.7,3.59,Chickpea,1.35,648
60.1,29.2,55.0,866.0,105.0,49.0,59.1,6.61,Maize,5.67,599
43.4,31.5,64.4,963.3,31.4,81.4,40.6,1.84,Groundnut,2.02,393
48.9,27.0,53.3,432.6,115.5,53.3,39.5,3.72,Wheat,3.87,724
63.5,25.2,58.3,618.2,103.7,46.1,38.7,4.26,Wheat,4.28,552
59.1,30.3,72.1,958.5,33.7,73.6,53.0,1.73,Groundnut,1.77,278
56.8,20.6,44.1,252.8,30.9,59.1,23.7,2.72,Chickpea,1.51,736
56.3,22.7,60.2,577.9,133.3,59.2,49.0,1.76,Wheat,4.83,868
44.5,22.0,66.3,731.1,148.9,66.0,46.9,1.98,Wheat,4.62,405
79.6,24.7,86.9,2056.5,155.3,53.4,78.4,4.02,Rice,4.19,400
81.5,29.0,82.3,1538.3,159.4,74.5,58.6,2.27,Rice,5.54,509
53.6,30.6,54.6,630.0,97.9,38.6,86.8,0.78,Cotton,2.97,845
48.8,15.5,49.3,511.5,27.0,40.9,36.6,3.81,Chickpea,1.75,538
55.6,25.2,64.2,769.2,46.4,56.9,66.0,2.04,Soybean,2.21,834
47.2,25.1,70.3,414.8,151.0,41.1,48.7,2.96,Wheat,4.25,537
68.5,23.4,69.6,510.5,45.8,91.4,39.7,2.3,Soybean,1.62,473
73.0,22.7,77.0,1539.9,200.7,50.4,90.4,1.56,Rice,6.12,295
84.3,29.7,72.0,2234.3,217.2,52.5,75.2,2.62,Rice,4.7,382
59.4,31.3,71.8,885.8,45.7,57.6,42.8,2.85,Soybean,2.09,455
48.9,16.3,61.9,638.8,123.8,63.0,47.0,4.31,Wheat,4.18,528
43.0,32.6,44.1,536.3,98.7,24.2,53.8,3.16,Cotton,2.89,898
66.4,20.5,58.3,851.8,176.1,49.8,47.8,4.21,Wheat,3.58,445
45.4,27.9,51.4,547.6,41.1,26.0,61.6,3.21,Groundnut,2.27,485
67.4,23.5,63.8,1173.9,148.8,47.6,59.4,3.6,Maize,5.75,596
75.2,29.9,80.9,1351.4,189.9,47.0,132.2,5.48,Rice,5.49,434
73.8,15.7,53.5,561.0,131.0,59.9,33.1,4.98,Wheat,3.45,799
49.3,18.4,60.3,660.9,130.0,41.0,48.2,3.17,Wheat,4.49,399
63.4,27.2,68.8,594.7,120.9,57.5,34.2,3.45,Wheat,3.36,675
56.4,20.8,59.1,806.0,130.8,43.7,38.2,2.37,Wheat,4.2,631
65.6,16.4,65.8,596.5,103.2,55.0,55.4,3.53,Wheat,4.73,804
56.6,33.2,83.2,650.7,42.8,62.5,62.6,3.03,Soybean,1.94,197
67.2,21.6,71.3,998.4,47.2,51.5,61.9,4.78,Soybean,1.65,471
63.7,28.4,81.0,897.8,150.1,36.6,47.3,3.14,Maize,5.57,334
80.3,24.9,80.8,1813.9,238.6,36.1,74.1,3.45,Rice,6.26,30
46.4,23.9,69.2,820.5,114.1,35.1,50.8,3.77,Maize,5.2,365
44.9,17.5,33.7,61.4,30.8,42.6,35.8,5.75,Chickpea,1.74,983
61.2,23.0,76.2,880.4,40.8,58.2,31.0,2.83,Soybean,1.92,342
53.7,35.2,48.3,541.9,95.6,43.6,80.1,2.93,Cotton,2.14,558
37.7,29.5,64.0,709.2,61.4,22.4,30.3,3.34,Bajra,1.56,665
37.9,26.5,66.5,610.0,36.5,56.7,66.0,4.05,Groundnut,2.18,677
35.8,15.6,64.2,272.3,33.0,41.5,24.7,2.64,Chickpea,1.48,737
77.6,30.8,74.3,1434.0,136.9,52.8,67.6,1.64,Rice,5.63,239
61.9,23.0,51.7,390.5,138.9,60.2,36.6,2.26,Wheat,4.46,654
33.2,30.9,58.1,38.4,65.3,35.4,30.4,4.02,Bajra,2.02,818
59.0,25.3,71.8,910.5,43.1,68.6,52.1,1.78,Soybean,2.68,342
40.1,26.3,34.1,410.3,57.1,26.9,39.9,3.75,Jowar,1.71,659
48.4,20.5,62.3,472.3,67.9,70.8,49.9,3.83,Soybean,1.74,702
42.6,27.3,69.6,790.7,36.7,46.4,51.0,5.56,Groundnut,2.2,719
37.8,25.1,32.1,423.6,58.8,34.9,42.9,5.03,Jowar,2.13,607
74.8,22.2,65.5,455.3,96.8,34.4,45.5,4.34,Wheat,3.52,149
60.3,30.3,71.9,807.4,44.3,76.2,69.1,3.41,Soybean,2.43,232
36.0,24.4,43.2,482.1,70.9,32.4,42.6,2.66,Jowar,2.21,554
40.1,33.5,56.7,469.7,63.1,38.9,26.6,3.53,Jowar,2.18,595
60.6,19.9,63.0,781.6,151.3,32.9,43.6,1.71,Wheat,5.73,625
35.6,25.1,48.2,685.8,70.3,32.4,39.7,5.96,Jowar,1.88,631
59.9,16.1,70.3,715.7,148.4,38.1,42.3,1.77,Wheat,4.25,372
92.0,25.9,89.9,1064.1,115.2,69.1,97.0,1.24,Rice,4.98,320
36.1,17.3,58.7,335.3,28.3,49.0,39.2,5.05,Chickpea,1.78,469
66.1,29.6,55.6,571.6,162.6,36.7,54.4,4.72,Maize,5.15,605
71.8,28.7,82.1,1700.8,158.0,55.5,95.4,2.43,Rice,6.41,181
43.6,30.5,48.0,243.1,56.2,30.8,42.1,4.08,Bajra,1.76,1023
51.8,13.5,46.9,93.6,20.0,58.2,27.7,5.69,Chickpea,1.27,855
79.6,26.7,79.5,2151.4,176.4,52.9,102.8,3.27,Rice,4.9,122
72.0,19.0,60.5,419.6,119.7,54.6,43.4,3.56,Wheat,4.43,440
48.6,34.9,52.4,684.9,72.5,54.5,79.4,0.96,Cotton,2.27,555
50.7,22.9,60.9,1059.6,33.6,61.1,50.5,2.01,Soybean,1.91,255
44.1,31.2,41.0,0.0,64.0,32.6,32.3,2.98,Bajra,1.53,661
36.4,37.3,45.0,371.7,56.3,29.9,50.4,2.43,Bajra,1.79,597
80.4,23.4,83.6,1684.0,151.9,56.6,79.7,3.06,Rice,5.09,410
78.6,29.0,76.2,2010.7,167.9,56.7,93.4,3.51,Rice,5.51,219
38.6,27.5,46.6,432.4,109.1,45.0,67.5,1.47,Cotton,2.31,571
52.2,33.9,63.7,737.0,56.3,54.4,58.2,3.79,Soybean,1.7,322
77.1,26.3,80.7,2070.1,161.5,65.7,80.4,5.23,Rice,5.83,70
83.9,22.7,75.4,2500.0,250.0,100.6,217.4,0.5,Sugarcane,7.38,232
47.6,15.5,77.4,793.5,115.1,52.0,39.0,7.01,Wheat,4.06,383
55.2,28.2,53.1,951.9,64.1,57.5,52.2,2.42,Soybean,2.26,760
66.0,30.0,79.3,1058.8,240.9,48.4,107.9,0.5,Rice,5.28,272
59.1,33.2,50.5,734.3,30.8,57.0,60.2,5.88,Groundnut,1.7,795
58.1,18.0,62.6,30.1,128.2,76.9,50.6,4.46,Wheat,3.46,666
65.1,25.0,75.5,1403.8,191.6,34.6,65.8,3.38,Rice,5.01,356
85.8,27.3,79.1,1065.4,228.9,70.5,239.2,4.19,Sugarcane,9.04,59
44.8,23.4,54.9,763.0,67.6,33.8,39.9,2.03,Jowar,1.52,394
77.2,26.7,82.1,1681.9,176.4,60.8,97.6,3.19,Rice,5.17,397
31.1,26.0,43.0,710.8,60.1,24.9,30.9,5.89,Jowar,2.32,904
38.6,26.9,59.5,363.6,113.8,50.5,94.6,4.08,Cotton,2.56,641
47.7,36.3,54.4,384.8,37.0,36.6,31.6,7.32,Bajra,1.52,762
38.1,30.2,49.2,186.5,65.3,28.4,40.8,4.28,Jowar,1.98,640
31.8,25.3,52.9,546.5,47.2,35.4,36.1,4.3,Bajra,1.6,578
66.2,23.3,80.4,1102.3,156.7,51.4,80.3,6.06,Rice,4.4,254
54.2,28.7,60.4,1022.8,128.2,39.3,38.2,2.37,Cotton,2.84,670
41.8,22.7,71.2,293.4,28.1,49.6,44.8,4.67,Chickpea,1.5,580
92.0,26.7,82.2,1718.7,153.0,51.8,73.4,3.15,Rice,5.51,241
58.3,22.3,80.3,611.0,135.5,42.0,51.1,1.28,Maize,5.26,366
53.6,14.7,45.2,322.7,27.5,43.9,43.3,3.85,Chickpea,1.65,801
67.5,25.0,63.5,1204.4,147.1,44.8,49.5,0.98,Maize,4.65,521
53.4,28.0,65.1,532.7,31.3,67.4,68.8,3.59,Groundnut,2.3,415
55.3,20.8,62.7,563.7,134.7,34.2,44.6,0.5,Wheat,5.3,825
50.3,17.2,33.4,318.9,98.8,62.0,46.0,4.14,Wheat,4.55,827
49.5,22.4,56.0,840.1,145.3,48.5,35.1,4.53,Maize,5.66,578
75.1,28.8,56.6,801.4,144.2,51.3,49.7,0.5,Maize,5.53,805
26.7,28.7,44.6,332.3,68.1,34.6,41.6,2.45,Bajra,2.0,877
55.8,19.5,70.8,678.3,139.9,45.7,37.7,3.92,Wheat,4.42,468
62.0,24.4,51.4,605.5,154.7,51.7,42.0,5.5,Maize,5.45,723
53.4,25.9,49.8,422.6,80.9,44.2,48.1,3.09,Wheat,3.22,507
52.3,26.6,64.1,743.2,29.9,65.8,70.1,4.46,Groundnut,2.39,426
58.9,29.7,65.2,1064.3,47.8,52.9,60.1,5.69,Soybean,2.34,126
62.0,21.8,64.0,577.4,137.3,71.5,49.0,3.33,Wheat,4.64,736
39.7,24.8,39.0,515.6,62.7,35.9,45.5,2.4,Jowar,2.0,441
58.7,23.5,71.1,393.0,43.0,66.0,74.1,3.64,Soybean,2.13,621
82.3,26.3,79.7,1215.7,210.2,34.3,99.2,1.93,Rice,5.92,220
59.7,21.1,65.3,549.7,141.6,52.6,45.3,3.78,Maize,4.69,389
44.7,31.5,70.8,942.4,35.1,58.4,61.1,4.02,Soybean,1.64,418
59.8,22.3,61.1,649.0,43.7,74.4,51.8,4.14,Soybean,2.29,602
43.0,19.2,63.6,440.3,35.3,32.2,37.4,3.38,Chickpea,1.96,663
42.9,30.2,44.3,593.6,71.9,33.5,41.2,2.96,Bajra,1.98,966
58.9,24.7,61.3,994.0,180.1,38.6,42.7,4.67,Maize,4.91,571
40.8,32.0,53.3,470.7,91.9,49.0,57.5,2.99,Cotton,2.33,778
45.2,20.1,41.7,531.4,29.9,50.1,29.4,4.1,Chickpea,1.68,623
79.3,33.3,82.3,1461.0,128.8,58.8,85.7,3.74,Rice,4.51,415
35.1,30.7,48.9,569.8,62.5,34.2,38.1,0.5,Jowar,2.22,686
55.5,23.8,90.8,1901.0,226.0,55.9,105.4,3.87,Rice,4.74,140
47.3,20.6,57.0,354.5,33.4,46.5,29.3,2.97,Chickpea,1.78,614
54.7,25.1,57.2,863.0,40.5,55.1,55.3,2.79,Soybean,2.37,554
60.3,20.4,69.2,547.2,100.4,48.5,35.8,7.66,Wheat,4.79,540
62.2,27.3,57.3,810.4,98.5,52.2,38.2,2.85,Maize,4.33,632
54.3,29.4,67.6,1220.5,44.2,54.2,31.6,1.22,Soybean,2.15,359
45.1,28.2,46.0,331.1,50.4,24.8,37.2,2.77,Jowar,2.13,594
55.1,24.5,66.4,316.2,152.6,26.0,63.3,1.74,Wheat,3.85,678
65.6,19.8,76.6,611.2,154.2,58.9,56.4,4.61,Maize,3.97,182
37.8,33.4,26.5,370.3,31.5,20.4,42.0,3.79,Bajra,1.99,724
78.3,32.1,82.7,1230.3,181.7,65.5,103.2,4.95,Rice,6.23,567
51.8,14.0,80.5,800.2,124.2,50.0,43.1,3.17,Wheat,3.59,0
44.4,27.1,50.6,817.1,28.7,60.5,102.4,3.25,Groundnut,2.24,513
83.7,26.8,74.2,1887.2,185.3,52.1,155.2,3.29,Rice,5.37,418
53.3,21.7,63.3,1188.6,141.2,48.3,47.5,4.44,Maize,4.76,219
31.6,12.8,47.0,393.0,33.3,39.2,24.6,4.16,Chickpea,1.43,1023
44.8,31.4,64.7,886.1,59.2,36.4,45.0,5.32,Jowar,1.35,101
55.8,27.1,61.0,999.4,44.6,41.4,84.4,2.19,Soybean,2.33,740
53.6,27.8,65.1,682.6,126.5,44.3,41.3,3.01,Wheat,3.29,767
43.7,31.1,54.0,1231.1,37.3,59.3,70.9,2.73,Groundnut,1.6,684
47.8,23.0,62.1,0.0,145.9,47.1,63.8,3.6,Maize,3.75,599
69.4,27.9,77.5,1880.9,203.9,28.9,106.7,3.84,Rice,5.62,346
53.9,16.8,57.0,521.6,128.8,71.1,57.5,0.5,Wheat,4.5,469
42.4,22.9,54.6,182.1,22.8,48.5,37.6,0.5,Chickpea,1.45,792
27.1,32.3,47.1,448.1,48.1,58.2,38.4,2.91,Jowar,1.8,515
25.9,28.7,46.5,150.6,60.3,46.0,37.7,4.32,Bajra,1.52,683
79.6,24.5,55.5,1243.2,94.5,34.1,68.8,2.98,Maize,3.82,683
63.0,18.4,71.5,768.7,106.0,43.7,43.2,2.8,Wheat,4.22,292
41.2,23.6,38.1,674.5,45.4,36.7,20.0,4.76,Bajra,1.43,668
72.2,27.2,76.9,1022.0,171.6,53.4,91.1,6.25,Rice,5.76,417
49.6,29.0,63.7,795.0,39.5,75.5,67.6,3.85,Groundnut,1.75,314
45.7,29.9,56.2,904.6,129.5,41.8,53.5,1.77,Cotton,2.99,747
75.7,30.7,69.2,2360.4,204.5,106.1,181.6,0.97,Sugarcane,10.11,347
66.6,15.5,70.4,449.7,125.8,40.8,56.4,3.17,Wheat,3.57,279
58.2,26.2,84.0,799.9,52.2,59.7,51.5,2.23,Soybean,2.66,359
46.1,29.8,52.6,691.7,58.2,29.1,29.1,1.3,Jowar,1.99,500
53.4,25.0,63.8,444.9,40.7,71.8,51.8,1.96,Soybean,1.59,464
73.4,28.2,89.6,1640.1,149.9,60.9,92.7,1.65,Rice,5.67,253
70.8,28.6,84.2,1131.7,207.7,52.7,108.1,4.84,Rice,6.32,217
76.6,29.0,80.4,913.2,203.2,41.6,82.7,4.86,Rice,4.24,529
44.8,17.2,47.6,506.0,28.7,51.2,26.8,3.48,Chickpea,1.83,569
52.0,24.3,49.0,332.6,31.8,33.2,38.7,5.37,Chickpea,1.34,841
56.7,17.1,71.0,349.5,136.8,41.1,60.8,0.58,Wheat,4.28,515
45.7,23.7,59.6,1197.0,68.7,25.0,59.3,4.44,Cotton,1.88,635
47.0,13.9,66.7,795.4,142.1,59.7,48.7,2.18,Wheat,3.3,414
63.9,31.4,84.4,1238.6,174.4,50.0,75.9,3.86,Rice,4.52,236
70.5,27.8,59.0,1125.3,151.4,35.5,44.1,2.6,Maize,4.76,338
48.5,26.0,54.4,1126.6,30.7,58.5,68.4,0.5,Groundnut,1.87,642
71.2,31.2,74.0,1465.5,205.4,37.9,102.1,3.33,Rice,5.41,506
55.1,19.8,59.4,853.5,114.3,57.9,51.3,5.12,Wheat,3.82,877
80.0,27.2,85.4,1439.1,211.2,66.3,93.6,4.23,Rice,5.96,486
54.2,22.0,61.0,313.3,132.7,53.8,49.2,4.78,Wheat,3.96,642
47.8,21.7,49.6,46.2,34.1,54.5,37.5,4.44,Chickpea,1.53,683
46.0,28.1,48.7,350.6,108.3,37.3,45.6,2.96,Cotton,2.4,749
61.0,27.3,62.5,886.3,48.3,59.2,43.3,5.09,Soybean,2.31,515
77.3,24.0,67.8,722.0,160.9,42.9,63.8,5.79,Maize,4.98,726
74.9,31.2,73.6,1580.7,163.4,57.7,114.7,0.63,Rice,4.48,496
68.9,30.3,67.7,946.8,35.4,58.3,41.6,6.09,Soybean,2.12,342
80.4,30.2,73.3,1706.2,184.4,55.5,83.5,3.26,Rice,5.47,231
62.9,20.7,71.0,629.8,35.7,49.3,45.5,3.33,Groundnut,1.65,698
59.4,18.4,59.6,783.2,173.3,35.2,37.2,5.13,Wheat,4.5,603
41.5,15.0,37.1,214.4,25.1,50.6,33.9,4.04,Chickpea,1.43,740
30.7,19.3,51.7,191.9,29.5,38.7,33.4,4.49,Chickpea,1.76,870
62.5,16.2,59.7,882.4,131.6,46.1,46.9,6.67,Wheat,3.32,482
49.2,27.6,55.4,748.4,106.9,42.9,54.3,5.91,Wheat,3.3,549
32.2,35.8,47.2,505.9,86.4,57.0,68.7,1.78,Cotton,2.32,610
37.0,36.6,50.1,100.8,70.1,39.5,35.6,6.22,Bajra,1.52,403
55.7,21.9,47.3,442.7,182.0,42.0,38.0,4.65,Wheat,4.99,822
64.4,20.0,82.2,753.4,48.7,73.0,67.4,3.04,Soybean,1.89,198
53.9,11.6,71.4,705.5,123.4,46.7,57.4,3.73,Wheat,3.0,385
23.5,27.1,54.7,580.2,62.3,26.1,29.6,6.93,Bajra,1.9,503
76.2,28.8,79.0,1544.5,189.1,97.5,96.4,3.87,Rice,6.64,429
51.2,20.0,46.0,349.1,108.4,49.5,42.6,1.34,Wheat,5.25,696
47.2,17.2,46.0,378.5,23.8,34.8,37.4,2.06,Chickpea,2.08,706
31.7,27.2,36.4,837.7,98.3,36.9,66.6,2.11,Cotton,2.57,458
84.3,27.4,78.8,1373.2,114.0,68.1,80.7,1.04,Rice,5.48,324
49.6,20.2,59.3,641.2,134.2,55.8,39.0,0.5,Wheat,4.81,347
45.7,23.1,51.4,545.0,53.6,43.0,45.5,3.91,Jowar,1.91,695
61.3,27.2,76.7,1535.6,116.4,55.0,99.1,2.26,Rice,5.93,390
37.5,22.4,42.2,455.1,31.2,47.3,89.9,3.92,Groundnut,1.73,718
52.1,25.6,55.6,884.5,39.7,73.5,48.1,3.8,Soybean,2.22,890
92.0,27.7,82.8,1142.3,181.9,66.9,106.4,3.87,Rice,5.4,417
46.1,26.3,54.6,967.0,132.3,55.7,83.1,3.73,Cotton,2.72,663
64.7,22.8,73.8,1082.8,136.1,38.9,80.8,2.86,Maize,5.4,430
50.8,18.5,52.3,409.9,39.3,34.4,34.1,3.52,Chickpea,2.03,626
46.0,31.7,57.1,698.3,34.7,66.7,38.0,2.44,Groundnut,1.98,735
53.3,24.0,53.8,548.4,30.0,49.0,43.8,1.91,Chickpea,1.41,800
92.0,34.0,80.6,1639.8,150.5,52.8,81.2,3.0,Rice,3.83,94
65.9,27.8,75.4,1181.1,64.2,64.0,64.9,3.53,Soybean,2.44,547
59.8,25.5,60.4,932.3,56.1,42.7,54.9,1.65,Soybean,2.32,610
58.4,15.4,50.6,605.6,28.8,44.2,30.3,3.61,Chickpea,1.22,794
64.1,26.0,60.1,1122.5,42.9,53.8,56.0,2.43,Soybean,2.41,581
39.4,24.9,45.6,424.9,30.9,39.8,24.3,0.88,Chickpea,1.49,509
59.5,31.0,57.0,745.0,88.1,38.1,81.1,2.29,Cotton,2.14,399
66.3,29.6,74.1,1430.1,165.8,53.3,63.2,2.19,Maize,3.76,647
37.6,28.0,51.6,685.1,35.8,47.3,78.2,2.08,Groundnut,2.42,668
29.2,35.5,36.6,437.0,58.4,34.2,43.6,5.86,Bajra,1.85,538
60.6,22.3,66.4,646.5,123.6,41.7,29.4,4.17,Wheat,3.97,574
60.9,30.5,72.2,1262.2,132.1,41.5,64.3,3.67,Cotton,2.18,342
46.5,24.4,50.9,1294.3,103.0,55.9,38.9,1.89,Wheat,3.35,273
51.9,17.4,67.9,382.8,90.5,56.9,59.4,6.7,Wheat,4.28,187
58.3,21.6,66.8,632.8,36.7,62.5,65.0,2.35,Soybean,1.6,270
61.9,29.7,85.6,1770.2,194.3,44.8,101.4,4.7,Rice,5.21,294
60.7,16.4,45.1,340.5,128.5,59.3,41.7,5.11,Wheat,4.33,707
57.9,25.8,51.7,706.8,116.6,35.8,87.1,6.37,Cotton,2.82,587
66.1,23.1,58.5,577.8,139.7,42.1,49.0,4.1,Maize,4.01,634
59.3,29.5,77.8,715.4,133.2,52.1,101.6,2.89,Rice,4.52,516
66.9,29.3,75.2,1177.8,153.6,54.1,73.9,2.63,Rice,5.86,60
29.4,29.6,55.4,127.9,39.7,56.1,74.1,4.87,Groundnut,1.77,620
76.5,27.8,66.4,1910.1,250.0,69.4,241.8,3.58,Sugarcane,11.13,235
84.1,34.3,81.5,1478.5,176.4,16.5,88.2,3.16,Rice,3.52,116
37.9,26.2,37.5,626.9,72.4,38.4,37.2,2.88,Jowar,1.86,648
57.5,26.7,48.6,1034.5,160.3,34.0,68.4,5.69,Cotton,2.19,589
37.3,33.7,52.0,438.7,112.6,33.5,96.8,2.18,Cotton,2.29,614
74.5,28.2,66.9,1257.7,124.4,40.5,67.3,3.32,Maize,4.46,213
57.0,22.1,79.8,631.4,136.9,41.1,41.1,0.5,Wheat,4.44,343
60.1,26.7,71.3,583.1,34.8,57.8,49.8,5.74,Soybean,2.43,802
42.0,23.7,46.7,638.1,46.9,39.2,41.3,3.8,Jowar,1.91,506
41.1,28.0,67.0,530.8,56.4,35.4,43.2,1.99,Bajra,1.6,268
43.0,25.4,60.8,669.9,45.3,59.9,46.6,4.46,Soybean,1.98,603
47.7,26.2,65.5,1263.6,47.4,66.8,47.1,4.57,Soybean,1.93,541
61.4,20.4,78.9,583.7,123.8,56.5,50.1,2.38,Maize,4.48,502
49.5,23.4,80.6,737.8,30.1,41.3,64.8,1.68,Groundnut,1.75,225
71.3,29.1,69.6,1529.5,149.4,66.1,93.3,1.57,Rice,6.74,539
79.9,33.0,78.3,1414.8,168.4,51.3,74.7,2.9,Rice,5.71,214
28.2,27.2,35.8,371.7,89.0,29.6,49.5,2.85,Cotton,1.86,593
55.3,23.4,43.5,230.6,20.0,61.9,37.4,2.41,Chickpea,1.48,642
79.7,27.9,70.7,959.5,250.0,40.8,101.9,4.97,Rice,4.83,430
92.0,33.0,84.3,1841.7,193.9,78.8,89.2,3.57,Rice,4.01,364
76.1,26.1,78.9,876.2,50.7,57.2,65.6,2.14,Soybean,2.18,491
80.1,29.2,82.2,1835.9,125.1,50.4,38.7,0.5,Rice,5.88,263
85.0,26.7,74.7,1728.5,178.5,86.7,182.4,0.77,Sugarcane,11.13,470
85.3,25.5,84.8,1918.0,166.3,55.1,74.1,4.57,Rice,4.92,256
86.9,28.1,96.5,2067.5,195.2,75.9,101.5,1.27,Rice,5.19,311
81.5,27.2,78.6,1186.6,185.4,59.3,99.4,0.7,Rice,5.39,142
59.8,25.3,71.5,749.7,109.1,32.8,65.5,3.54,Maize,4.53,223
58.4,27.2,68.7,934.9,50.3,63.2,57.1,2.46,Soybean,2.39,585
86.2,25.3,85.7,2344.4,228.5,80.4,99.8,4.67,Sugarcane,8.57,0
55.4,23.3,63.2,532.7,116.3,47.3,39.9,1.02,Wheat,4.43,512
75.1,34.1,65.9,984.2,130.8,25.8,51.4,3.44,Maize,3.45,465
58.0,29.8,57.2,759.8,42.1,67.9,82.9,1.52,Soybean,2.27,501
60.0,26.6,63.4,822.7,195.8,36.8,59.2,0.5,Maize,5.54,450
67.8,27.5,88.3,1619.3,130.5,60.0,111.4,0.96,Rice,5.82,467
66.9,16.5,60.1,407.8,75.0,59.9,52.1,3.59,Wheat,4.1,207
56.0,25.0,56.8,298.5,135.7,29.5,31.8,4.22,Wheat,3.81,774
64.4,25.7,68.1,804.7,35.2,68.3,58.7,4.63,Soybean,2.17,842
89.6,36.7,70.9,1845.4,162.7,95.2,197.3,2.77,Sugarcane,9.23,342
54.1,24.4,56.0,484.6,116.9,34.3,55.0,3.47,Maize,4.98,617
44.2,28.3,55.7,383.6,75.0,17.8,46.4,4.48,Jowar,2.07,747
73.3,24.5,84.1,1175.4,155.4,57.3,108.4,2.27,Rice,5.65,606
63.9,27.1,83.5,1657.7,179.5,61.7,74.9,4.83,Rice,4.79,92
51.1,20.0,61.5,930.1,136.5,66.1,47.2,4.18,Wheat,4.24,536
48.5,27.6,49.6,959.4,27.3,67.0,48.0,4.78,Groundnut,2.14,581
75.8,25.5,71.2,1121.2,162.4,78.6,110.5,2.88,Rice,5.7,509
69.5,20.7,66.8,440.2,112.3,72.2,40.0,4.69,Wheat,4.38,568
75.0,28.1,81.8,2060.9,102.8,42.1,115.2,4.48,Rice,4.14,349
53.5,20.8,59.8,491.3,111.6,59.3,45.5,4.71,Wheat,4.11,525
81.7,29.8,88.9,1972.8,199.7,52.3,65.6,3.57,Rice,4.87,223
50.6,25.6,72.4,1232.3,166.7,35.3,57.4,2.82,Maize,3.73,296
68.7,28.4,73.5,1548.1,132.3,55.5,96.9,1.18,Rice,5.69,251
85.3,25.8,77.6,2432.0,187.5,51.9,92.1,3.72,Rice,4.55,215
70.8,30.5,66.7,1089.2,135.4,39.8,29.2,2.56,Maize,3.38,439
50.2,17.4,40.0,197.3,123.7,42.3,43.0,4.22,Wheat,3.48,579
54.2,18.9,58.1,358.6,113.9,46.4,45.7,0.88,Wheat,4.25,863
51.4,29.0,50.8,752.7,67.8,33.9,57.9,3.57,Cotton,2.5,605
49.6,22.7,63.9,666.0,50.2,45.0,64.3,6.06,Soybean,2.02,322
54.9,27.3,67.8,587.9,66.2,61.6,57.3,5.94,Soybean,2.22,687
81.5,27.0,84.0,1825.0,150.5,65.5,87.6,3.08,Rice,5.82,140
58.4,29.0,63.7,701.5,56.3,76.3,31.3,0.5,Soybean,2.21,613
41.9,27.9,40.0,347.3,56.6,30.0,40.7,4.75,Bajra,1.83,743
79.4,28.3,77.4,1964.3,166.0,40.4,93.7,2.5,Rice,5.97,322
46.9,24.3,52.6,1160.7,34.2,44.0,79.4,5.69,Groundnut,1.66,589
39.4,35.9,68.8,806.6,117.3,65.5,78.3,3.91,Cotton,2.58,391
48.9,28.6,59.0,771.1,103.7,39.6,60.8,3.71,Cotton,3.52,568
67.2,32.5,77.6,1136.2,184.2,74.9,107.4,4.01,Rice,4.72,688
52.4,33.6,63.3,769.0,109.1,45.4,73.6,3.68,Cotton,2.46,182
77.4,26.5,72.7,2262.7,197.7,76.2,203.3,2.94,Sugarcane,10.26,292
68.3,23.1,56.8,764.9,47.0,48.1,70.5,2.16,Soybean,2.29,647
81.2,21.5,78.0,1488.5,173.2,38.0,85.1,2.3,Rice,4.95,167
66.3,23.0,50.2,1025.1,135.9,55.8,59.9,4.66,Wheat,3.15,385
84.5,27.3,90.4,2259.3,166.4,90.8,179.8,4.34,Sugarcane,10.38,520
56.9,31.2,62.1,752.6,152.9,55.2,55.8,4.34,Maize,4.45,482
58.0,24.0,81.8,1038.1,47.0,52.8,49.3,4.11,Soybean,2.06,677
50.2,26.6,65.8,1108.3,50.9,60.1,55.1,6.03,Soybean,2.4,549
76.6,25.5,81.0,1783.0,188.4,59.3,97.1,0.63,Rice,5.31,291
38.2,26.4,60.4,791.9,78.5,25.4,34.7,1.7,Jowar,1.84,622
56.2,27.7,49.6,889.3,60.9,58.5,77.8,0.5,Soybean,2.36,717
52.5,27.3,44.4,316.0,134.1,47.3,89.7,3.15,Cotton,2.06,904
48.0,21.5,44.3,355.5,25.7,53.3,38.9,2.21,Chickpea,1.78,785
76.6,28.0,77.8,1280.2,179.5,51.9,102.5,0.5,Rice,7.25,377
65.1,30.8,66.4,763.0,34.6,55.0,38.4,2.66,Soybean,2.02,532
43.5,26.4,61.4,411.0,36.5,43.3,79.3,2.48,Groundnut,1.89,798
56.5,17.7,56.1,550.6,25.3,58.8,24.9,1.99,Chickpea,1.56,738
24.0,30.5,42.3,365.3,58.9,29.3,37.9,4.44,Bajra,1.97,574
72.4,25.2,81.0,1718.7,122.9,57.6,101.6,2.73,Rice,5.16,187
51.2,10.8,66.1,561.4,141.1,55.4,32.5,2.27,Wheat,3.64,584
61.3,29.2,59.5,1110.5,122.4,50.8,61.8,3.75,Maize,4.82,418
43.5,20.8,39.3,395.1,31.1,39.0,50.8,4.73,Chickpea,1.9,687
44.7,15.7,43.2,175.2,35.4,41.2,41.6,2.02,Chickpea,1.75,595
32.8,17.5,62.6,290.4,31.5,60.0,38.3,0.5,Chickpea,1.79,554
70.4,31.6,69.9,1530.1,220.3,98.9,152.9,3.81,Sugarcane,10.12,448
62.5,13.9,61.0,634.3,127.2,48.5,50.1,4.53,Wheat,4.5,718
65.2,25.5,67.0,1090.1,124.5,47.1,54.3,4.71,Maize,5.34,460
69.6,27.9,77.0,913.6,181.1,65.1,91.8,2.73,Rice,4.4,726
64.7,25.7,72.6,967.6,133.0,44.8,116.4,2.44,Rice,5.23,419
64.8,32.1,56.3,774.0,166.0,39.8,60.6,5.33,Maize,5.08,1023
59.6,31.7,64.5,1365.3,120.0,23.6,71.1,2.78,Cotton,2.26,599
68.7,24.0,70.6,1365.4,57.8,91.6,53.3,2.87,Soybean,1.78,474
82.5,32.6,73.1,924.9,203.1,57.3,96.7,1.31,Rice,4.65,355
64.6,28.1,61.6,1043.5,194.8,40.5,69.5,2.8,Maize,5.85,69
51.3,20.8,80.8,943.8,113.2,58.7,29.5,2.2,Wheat,3.77,349
59.9,28.2,60.2,1278.1,96.4,53.5,78.7,1.99,Maize,4.61,515
66.1,18.2,72.0,1121.5,142.0,27.6,57.8,2.01,Maize,3.85,714
67.7,25.2,82.8,993.9,173.2,41.0,54.3,2.69,Maize,4.85,139
72.3,25.7,64.3,917.2,132.7,55.6,36.2,3.7,Maize,5.3,797
42.8,26.8,66.2,824.3,31.5,33.7,52.3,3.38,Groundnut,1.9,460
47.5,31.7,54.9,1028.9,128.0,36.1,68.3,5.45,Cotton,2.82,673
59.8,13.1,54.8,606.5,124.2,41.6,41.9,3.29,Wheat,3.74,221
46.8,32.4,45.0,332.2,59.6,27.7,44.5,3.6,Bajra,2.11,737
69.0,10.9,50.3,716.2,145.0,60.2,56.7,2.46,Wheat,3.14,581
63.9,19.5,44.2,232.9,103.5,54.0,36.9,2.89,Wheat,3.96,837
37.2,16.8,64.8,410.5,28.9,65.5,45.4,3.81,Chickpea,1.81,576
84.7,25.7,82.6,1908.2,182.6,53.3,96.0,3.34,Rice,4.1,80
57.3,16.4,57.7,494.8,160.9,57.8,29.8,4.66,Wheat,4.08,753
52.6,30.6,50.4,723.9,44.9,50.7,46.8,1.18,Soybean,2.15,741
73.5,28.2,76.7,1204.9,186.5,51.6,59.4,1.86,Rice,6.61,464
86.2,30.2,75.4,1555.1,177.7,37.9,102.6,4.42,Rice,5.0,497
55.8,24.6,69.5,613.0,47.0,45.2,50.4,2.17,Soybean,2.35,670
45.8,27.3,53.3,552.7,57.7,39.2,40.6,1.99,Jowar,2.42,629
59.3,22.3,57.4,178.0,145.5,44.2,54.5,0.51,Wheat,3.63,436
63.9,21.8,63.2,720.7,124.3,43.5,41.6,3.08,Wheat,4.37,321
62.9,26.3,67.3,1132.7,193.6,60.4,63.1,3.97,Rice,4.53,660
64.9,27.1,48.2,1267.9,82.0,35.1,86.2,5.56,Cotton,1.72,693
42.9,27.4,52.2,947.9,125.9,48.4,63.5,3.97,Cotton,2.68,608
62.0,30.6,69.5,678.0,37.7,66.9,53.1,2.68,Soybean,2.14,424
53.4,23.8,46.6,482.0,35.7,42.9,33.6,3.99,Chickpea,1.58,693
37.4,22.0,41.5,463.6,24.6,45.5,40.2,4.58,Chickpea,1.67,728
58.0,25.8,54.2,1065.7,86.2,48.3,58.9,4.66,Maize,5.71,509
57.7,26.3,70.3,686.9,40.9,35.7,74.3,1.68,Soybean,2.16,376
57.4,22.7,73.6,929.9,57.9,55.6,52.4,2.16,Soybean,1.98,763
41.9,15.8,58.5,549.5,30.4,45.3,34.1,3.69,Chickpea,1.67,629
56.5,27.1,56.4,1165.4,126.1,39.7,51.4,4.6,Maize,5.36,438
83.4,28.4,73.9,1342.3,167.4,52.4,75.0,3.43,Rice,5.55,174
29.9,25.4,52.8,369.3,76.6,29.1,51.2,4.15,Jowar,1.98,545
42.0,27.6,37.0,790.3,50.5,31.5,47.7,3.19,Jowar,1.72,831
63.5,25.9,68.0,595.2,40.8,66.3,71.1,4.01,Groundnut,2.12,631
64.6,24.7,79.2,1837.8,192.6,15.9,95.8,1.86,Rice,5.34,251
42.6,29.6,51.7,504.8,49.1,30.4,52.0,4.99,Bajra,1.62,658
85.8,27.4,91.1,1778.0,193.3,81.0,86.4,2.17,Rice,4.8,174
44.3,29.4,42.5,560.8,65.6,30.9,47.5,3.63,Jowar,2.25,536
75.6,23.7,81.5,1769.5,146.6,63.8,103.4,2.87,Rice,5.22,479
80.1,25.5,80.1,1544.7,163.6,34.3,78.4,2.45,Rice,5.49,367
72.1,21.6,69.0,1106.6,250.0,113.4,181.1,2.86,Sugarcane,7.06,825
85.9,27.6,82.2,1235.2,200.9,70.7,101.7,0.68,Rice,5.96,212
79.8,29.0,79.8,1826.1,184.4,53.7,97.1,3.13,Rice,5.67,261
47.0,19.7,63.1,559.9,21.0,44.6,45.8,3.69,Chickpea,1.64,693
50.7,19.4,53.8,373.5,123.9,47.7,51.4,4.23,Wheat,4.92,612
51.7,31.8,46.9,433.7,66.1,42.2,43.9,5.56,Jowar,1.83,477
82.3,22.4,90.0,1604.8,171.3,64.4,90.1,0.5,Rice,4.8,95
87.6,20.6,90.7,2231.9,232.1,54.7,96.0,2.95,Rice,3.31,202
30.3,35.1,62.4,776.8,64.7,32.7,33.2,1.81,Bajra,1.65,588
48.7,22.8,57.2,256.7,139.3,46.0,44.4,0.5,Maize,4.12,624
81.7,31.1,73.7,1685.6,152.5,66.5,70.6,4.09,Rice,5.15,493
49.4,27.1,73.8,1027.2,125.6,51.9,81.4,2.8,Cotton,2.65,568
55.0,19.5,69.4,829.6,119.6,50.0,53.4,3.95,Wheat,4.78,523
67.3,24.4,75.8,1299.6,150.7,56.1,73.4,9.92,Rice,4.78,371
51.8,27.2,51.5,536.0,35.2,59.0,63.8,4.4,Groundnut,2.34,608
73.2,20.0,60.0,841.3,45.1,71.5,79.1,4.54,Soybean,1.86,630
75.4,17.8,84.3,776.6,102.4,51.8,63.9,4.12,Wheat,4.79,510
50.3,33.1,59.9,1022.2,36.9,66.5,76.5,5.21,Groundnut,1.71,532
37.5,34.3,46.9,444.9,58.2,31.3,48.6,4.24,Bajra,1.74,760
69.2,31.3,89.8,2067.4,191.6,70.2,87.8,0.5,Rice,4.72,153
48.8,25.1,72.8,983.5,37.9,66.4,62.2,2.77,Groundnut,1.95,209
81.2,32.6,78.5,1021.6,169.0,52.3,88.9,1.1,Rice,5.13,225
75.8,32.9,86.9,1872.2,192.9,42.8,93.7,4.65,Rice,5.0,354
40.6,23.6,41.8,303.7,29.6,57.1,30.1,5.14,Chickpea,1.54,808
65.7,23.8,75.7,1911.7,126.9,55.1,62.4,3.81,Rice,4.86,546
47.8,26.3,64.9,1026.5,91.4,42.9,56.6,4.53,Cotton,2.58,492
49.1,26.2,61.7,1047.2,56.9,34.3,75.6,4.22,Cotton,2.5,639
44.8,30.1,49.2,776.5,72.5,32.8,49.0,3.17,Bajra,1.63,840
62.9,29.4,67.8,1193.8,41.2,56.4,38.9,2.56,Groundnut,1.56,594
33.4,28.5,49.7,48.5,144.1,43.0,71.7,1.27,Cotton,2.08,621
69.9,27.6,77.4,1203.4,203.1,53.1,104.7,3.07,Rice,5.62,338
80.7,26.7,86.5,903.7,136.9,47.4,85.1,2.37,Rice,5.04,357
34.5,14.1,34.9,196.6,27.9,63.8,34.2,2.6,Chickpea,1.46,637
57.6,27.3,56.6,737.7,35.1,51.2,22.8,1.1,Soybean,1.9,658
88.4,32.5,79.6,1881.0,188.4,51.1,105.0,2.85,Rice,4.51,436
50.6,20.6,58.8,393.2,20.2,40.1,54.2,4.73,Chickpea,1.61,536
53.9,25.9,60.7,1105.7,54.5,69.0,47.7,2.48,Soybean,2.34,812
47.1,24.4,39.2,613.4,80.4,42.3,38.1,3.35,Jowar,1.87,678
39.7,29.8,59.2,759.7,49.7,37.9,41.7,2.39,Bajra,1.72,530
90.1,30.8,75.3,2026.7,198.5,75.1,181.8,2.64,Sugarcane,9.9,253
48.8,31.0,44.4,555.5,134.9,42.5,57.4,3.05,Cotton,3.19,585
54.3,16.1,69.3,1041.9,136.3,30.9,44.1,3.35,Wheat,2.59,512
74.2,34.1,93.4,2083.8,198.4,69.2,113.6,2.75,Rice,3.97,188
79.2,24.8,79.6,1328.7,173.1,36.3,73.5,0.5,Maize,4.14,594
57.5,19.7,51.1,203.7,27.5,44.2,41.7,1.59,Chickpea,1.56,783
54.3,17.7,57.7,706.9,132.5,54.0,51.4,0.82,Maize,4.07,663
81.7,31.8,79.0,1182.0,158.3,51.2,74.7,5.86,Rice,5.3,323
58.1,23.7,63.3,824.3,111.6,43.2,38.9,4.67,Wheat,3.8,302
53.9,33.6,45.5,401.7,70.0,31.2,38.7,4.23,Jowar,1.6,691
71.3,28.4,80.1,1164.1,171.2,52.8,98.0,1.99,Rice,5.15,220
54.8,27.0,47.0,640.6,50.8,32.2,37.6,3.23,Jowar,2.0,815
62.3,25.6,68.5,585.3,38.7,48.3,56.8,3.04,Soybean,2.12,506
71.4,24.1,71.4,1501.3,194.4,52.5,86.8,3.25,Rice,4.43,633
57.6,20.7,73.8,269.9,150.9,47.7,44.1,3.09,Wheat,4.63,624
78.2,24.4,77.2,827.4,197.0,62.1,79.9,1.39,Rice,4.43,543
41.9,23.0,52.7,668.6,20.9,53.2,35.7,3.77,Chickpea,1.64,658
43.2,28.3,52.6,254.6,103.4,41.0,80.5,1.31,Cotton,2.5,705
63.6,18.1,56.2,796.3,136.7,37.5,44.6,5.25,Wheat,4.04,681
53.8,28.5,54.3,864.5,41.8,59.8,28.8,0.89,Soybean,2.28,729
67.9,31.2,83.6,1883.1,217.3,42.4,110.1,1.7,Rice,4.02,143
51.0,31.0,45.2,445.2,40.8,56.6,63.2,4.11,Groundnut,1.82,778
60.8,24.0,62.4,575.2,144.3,48.8,28.7,3.71,Wheat,4.67,966
59.4,13.5,55.2,528.6,163.1,49.0,47.2,3.34,Wheat,4.75,607
54.1,28.1,59.7,884.9,85.9,34.0,68.3,2.18,Cotton,2.55,502
43.2,24.7,59.7,1327.6,122.4,22.3,92.4,1.63,Cotton,2.15,378
76.1,17.0,56.7,929.7,144.5,60.9,57.4,6.07,Maize,3.34,335
61.8,21.7,46.0,411.2,106.9,58.8,39.3,2.92,Wheat,3.7,885
38.0,32.2,57.8,447.3,79.3,36.9,46.8,3.08,Jowar,1.74,621
40.7,34.0,37.0,325.3,61.0,31.1,35.1,3.32,Bajra,1.68,813
53.7,19.7,61.9,418.0,115.3,36.2,43.8,2.6,Wheat,4.98,870
41.5,20.8,61.4,647.3,153.8,49.8,48.8,3.24,Wheat,4.61,948
87.6,29.1,84.1,2164.6,177.7,50.6,102.6,3.6,Rice,5.54,87
73.4,23.9,61.4,1182.1,156.8,40.6,60.8,2.07,Maize,3.98,654
45.6,32.0,64.6,558.4,105.8,46.0,49.2,6.14,Cotton,3.2,642
31.5,26.5,36.2,254.2,48.4,23.1,39.3,1.34,Jowar,1.92,839
32.9,23.6,44.1,249.3,28.9,50.8,21.1,1.41,Chickpea,1.35,805
80.8,31.2,70.2,1553.3,185.6,70.3,80.8,1.13,Rice,4.72,374
43.1,27.1,73.5,561.3,68.9,31.8,45.5,1.59,Jowar,1.56,722
56.7,12.6,68.8,89.3,141.7,62.6,49.9,2.62,Wheat,3.26,667
81.5,28.0,90.3,1546.9,149.7,54.1,107.6,1.3,Rice,6.49,300
61.1,23.0,55.4,421.5,134.2,25.2,39.5,5.94,Wheat,3.73,826
56.1,22.5,75.4,779.6,52.8,39.9,63.0,3.58,Soybean,2.09,572
36.0,30.5,48.8,864.7,102.0,44.3,61.7,2.04,Cotton,2.58,699
76.1,31.7,67.3,2175.6,237.3,107.9,199.1,1.02,Sugarcane,10.51,377
53.3,38.4,55.8,480.0,62.9,43.3,29.1,4.96,Bajra,1.21,895
36.0,26.6,46.0,472.3,33.9,58.7,56.2,3.27,Groundnut,1.37,773
59.1,20.9,59.0,576.6,105.6,37.6,27.9,6.3,Wheat,4.17,573
54.7,27.5,73.7,846.1,163.6,19.9,60.6,5.44,Maize,5.59,305
82.0,30.7,87.4,1207.0,154.3,58.7,127.4,4.89,Rice,5.35,245
80.0,33.0,71.5,1446.8,181.5,112.3,208.8,1.94,Sugarcane,8.6,218
80.9,32.4,82.6,1330.1,176.4,65.6,64.2,0.95,Rice,4.92,333
45.5,18.2,62.8,22.9,123.8,51.1,49.4,3.15,Wheat,3.86,666
68.5,30.1,71.3,1402.1,250.0,120.0,195.9,6.32,Sugarcane,8.93,70
59.2,20.3,61.4,632.9,111.7,51.2,56.6,4.32,Wheat,4.85,564
68.3,30.2,76.4,1684.1,189.2,51.7,87.4,4.46,Rice,6.18,420
77.7,29.3,78.9,1881.2,228.3,55.6,95.2,3.72,Rice,4.45,308
58.4,21.6,60.4,402.1,120.7,73.8,32.8,2.88,Wheat,5.69,450
42.6,18.8,58.8,359.4,124.1,42.5,48.9,2.43,Wheat,4.25,812
74.5,26.6,85.7,1913.5,152.2,50.5,68.7,5.3,Rice,5.2,131
33.3,23.4,52.6,380.1,53.5,27.8,55.3,2.8,Bajra,1.66,468
69.0,24.6,68.8,1263.2,115.8,40.1,55.0,4.84,Maize,3.94,256
88.2,27.0,79.0,1778.7,145.1,60.6,81.1,4.6,Rice,5.12,290
54.6,26.4,68.0,887.5,35.8,35.5,56.9,5.54,Soybean,2.16,629
54.5,32.2,51.9,358.1,143.0,61.1,34.8,1.41,Maize,4.41,846
76.6,22.6,79.8,1800.5,181.0,72.5,91.3,4.26,Rice,4.56,317
85.2,23.4,79.8,1456.7,178.1,60.6,78.0,4.02,Rice,5.03,136
55.1,21.9,68.2,1217.9,61.0,68.1,68.2,1.81,Soybean,1.49,332
73.8,29.4,84.6,1418.9,160.3,72.6,71.0,3.26,Rice,6.23,155
57.0,22.8,53.2,848.9,42.8,64.1,55.6,5.2,Soybean,2.03,569
39.4,24.9,49.4,287.3,24.9,45.4,28.2,1.04,Chickpea,1.66,416
86.7,31.1,57.7,822.7,119.6,46.1,55.2,6.28,Maize,4.02,583
43.6,20.5,57.7,597.1,29.9,47.6,28.2,0.81,Chickpea,1.62,694
61.6,26.2,74.3,792.1,126.8,46.5,70.0,5.0,Maize,5.62,417
69.9,28.7,49.6,210.0,43.0,41.6,80.3,4.75,Soybean,1.81,770
76.4,31.7,78.5,1125.7,120.3,58.5,110.6,0.5,Rice,5.07,222
61.3,26.2,72.4,1175.6,28.7,58.9,73.6,2.84,Soybean,2.23,181
55.9,25.1,56.4,761.2,123.9,44.0,65.5,0.89,Maize,4.42,484
62.9,21.7,59.9,1062.1,61.8,48.4,43.6,3.68,Soybean,2.11,697
52.1,27.9,52.0,1308.2,128.5,41.5,74.4,3.21,Cotton,2.45,708
48.0,16.9,56.6,672.0,118.4,50.0,49.6,3.95,Wheat,4.2,522
73.3,29.2,64.5,1095.1,230.1,51.1,85.8,3.04,Rice,5.95,664
45.3,31.8,46.3,410.9,66.5,43.9,45.5,2.09,Bajra,2.03,648
67.2,30.7,63.6,793.9,42.2,57.6,44.3,3.31,Soybean,1.84,757
45.5,19.5,56.7,122.4,30.3,44.0,45.1,2.05,Chickpea,1.42,733
58.6,23.5,70.4,462.9,121.1,62.9,42.2,4.2,Wheat,4.74,442
60.7,29.3,67.1,858.3,25.4,44.6,73.7,2.93,Groundnut,1.91,611
37.1,30.6,58.8,350.0,64.6,24.5,31.9,2.14,Jowar,2.23,496
74.3,26.8,60.7,1237.9,174.3,39.9,49.0,5.48,Maize,4.51,344
37.7,32.2,62.1,794.3,64.1,36.2,41.0,5.46,Bajra,1.52,310
66.6,30.7,81.2,1166.8,205.6,41.8,43.3,1.22,Maize,3.74,384
64.4,21.0,66.0,413.3,180.2,73.2,58.8,4.49,Wheat,3.83,544
65.5,27.4,68.0,767.5,39.7,50.0,62.7,0.5,Soybean,2.33,480
48.5,20.6,49.9,529.5,165.3,46.1,40.6,4.6,Wheat,4.93,596
54.1,22.5,72.6,725.8,143.7,45.7,29.8,5.84,Wheat,4.71,684
67.5,28.6,81.9,897.4,176.6,54.9,82.6,0.99,Rice,4.75,304
36.2,27.9,45.4,294.3,41.1,40.3,50.4,4.2,Bajra,2.12,605
34.7,32.9,28.6,219.1,47.9,30.3,38.3,1.67,Bajra,1.76,1014
65.0,25.6,58.0,669.3,162.3,46.4,62.1,3.08,Maize,5.72,802
88.6,28.5,83.7,1713.2,100.4,58.3,93.7,2.58,Rice,5.22,322
37.5,30.4,45.1,534.1,52.9,31.7,34.8,1.72,Bajra,1.79,423
60.2,23.0,42.7,338.8,119.2,56.5,38.6,1.68,Wheat,3.34,637
75.5,34.3,76.7,1329.5,125.8,55.3,91.8,3.81,Rice,5.67,452
89.6,27.6,87.5,1970.2,146.3,44.3,96.7,4.76,Rice,4.92,226
85.5,27.0,79.4,1665.8,201.1,53.3,105.7,1.68,Rice,6.59,542
50.5,28.0,68.1,790.6,76.8,51.2,58.5,4.27,Cotton,2.96,276
53.3,31.5,50.7,1053.6,66.0,25.3,34.9,3.34,Bajra,1.41,695
50.6,28.2,37.8,478.6,136.7,33.2,39.0,4.14,Cotton,2.67,649
79.3,26.7,82.6,1564.5,139.7,61.8,86.9,4.56,Rice,5.59,496
45.9,19.7,61.5,395.1,20.0,32.1,42.9,4.38,Chickpea,1.67,578
52.9,33.0,60.3,1177.9,88.2,26.0,76.3,2.37,Cotton,2.43,659
33.0,24.3,45.1,347.3,135.5,25.5,70.2,3.72,Cotton,1.71,613
59.1,19.5,61.5,634.3,95.6,51.8,54.8,5.3,Wheat,4.17,341
64.7,27.4,71.4,1021.5,48.9,49.0,61.4,5.73,Soybean,2.22,261
82.5,28.3,75.3,2270.8,210.4,112.5,184.4,4.42,Sugarcane,11.76,171
83.4,20.6,77.7,1504.6,145.7,30.5,90.3,3.64,Rice,3.74,171
21.8,29.5,35.4,166.1,66.4,21.2,48.6,4.07,Bajra,1.43,976
48.2,31.8,49.9,325.7,51.7,23.1,35.5,3.28,Jowar,1.91,891
52.6,14.7,59.9,713.2,29.5,46.6,29.4,1.66,Chickpea,1.21,604
64.1,27.2,81.3,898.4,39.3,72.7,71.4,1.75,Soybean,2.22,214
51.0,29.3,66.1,654.5,31.1,29.2,72.1,4.61,Groundnut,1.93,503
55.0,26.2,75.4,778.5,99.6,44.4,59.2,2.23,Wheat,3.38,327
81.8,27.0,84.9,1648.2,135.1,48.8,81.0,2.35,Rice,6.38,494
53.3,21.0,63.7,673.0,137.0,59.3,42.3,2.62,Wheat,4.12,586
28.2,29.8,43.7,963.8,43.5,33.8,46.8,4.22,Jowar,1.68,729
57.1,21.5,67.6,825.7,111.6,60.6,36.0,0.72,Wheat,4.26,426
89.9,27.7,77.0,1942.5,193.0,48.5,61.5,4.23,Rice,5.1,0
67.4,29.7,64.2,513.1,160.9,48.2,61.9,2.24,Maize,5.32,434
45.7,19.7,40.7,202.3,27.5,54.6,38.9,2.05,Chickpea,1.91,583
63.2,23.8,67.9,767.3,150.6,63.2,33.1,3.52,Wheat,4.1,550
78.4,23.0,88.6,1470.1,229.4,65.5,124.0,0.5,Rice,4.52,278
39.8,13.9,54.7,278.5,25.2,43.3,40.0,2.79,Chickpea,1.35,530
89.1,26.7,81.1,2152.2,169.3,56.3,86.9,2.12,Rice,4.91,182
77.0,31.2,85.2,1502.6,126.4,50.2,106.6,3.89,Rice,4.85,524
65.8,28.4,79.2,1297.4,140.6,41.0,50.9,5.6,Maize,4.77,194
63.1,28.6,70.2,708.6,90.8,41.1,70.2,2.21,Maize,5.16,340
62.4,24.1,54.2,750.5,42.9,76.2,57.1,5.28,Soybean,2.11,566
38.9,31.8,48.7,375.7,50.5,29.5,37.4,3.06,Bajra,2.1,577
65.1,27.4,78.1,1457.2,239.0,46.3,103.4,1.82,Rice,5.74,266
46.7,21.4,56.8,597.4,46.2,30.5,50.5,3.39,Bajra,1.41,683
64.6,16.6,76.2,785.2,144.4,58.1,22.4,2.88,Wheat,3.83,695
62.7,27.2,64.3,779.4,44.9,69.4,34.5,3.33,Soybean,2.32,243
50.1,17.6,59.6,738.4,140.8,54.8,47.1,4.56,Wheat,3.21,558
53.7,29.0,65.5,316.6,45.4,48.7,44.1,0.5,Soybean,2.1,575
53.7,28.2,60.7,481.8,34.6,47.8,62.2,0.98,Groundnut,2.31,572
75.7,31.7,73.4,1706.7,208.2,63.1,76.0,2.85,Rice,6.13,308
43.5,17.2,58.7,374.3,25.9,29.4,28.2,4.51,Chickpea,1.91,561
62.5,22.6,72.8,1088.6,143.2,46.5,44.8,3.34,Maize,5.25,570
28.2,35.6,35.5,436.6,63.8,35.1,39.1,4.58,Bajra,1.76,692
71.1,23.3,67.3,1761.9,183.9,53.9,107.6,2.84,Rice,4.73,354
50.1,18.5,43.5,681.0,24.8,59.6,40.7,2.33,Chickpea,1.36,687
60.0,22.6,56.8,959.0,49.5,53.5,52.8,3.66,Soybean,2.06,572
69.2,29.4,72.6,1851.7,157.1,46.4,80.4,1.9,Rice,5.03,300
63.9,26.2,60.9,982.8,128.6,37.0,49.5,3.71,Maize,5.05,675
52.3,29.1,66.8,686.7,24.7,48.1,69.8,3.16,Groundnut,2.31,510
77.1,25.5,88.6,1808.3,178.5,58.3,107.3,5.31,Rice,5.68,259
52.0,18.5,48.2,328.8,29.0,42.8,28.9,4.44,Chickpea,1.53,686
45.9,29.4,52.2,627.4,138.2,56.3,73.6,1.86,Cotton,3.21,476
55.5,24.3,72.8,1209.8,53.3,64.6,70.5,3.43,Soybean,2.35,271
48.3,16.8,46.9,324.5,106.7,37.5,48.8,2.5,Wheat,4.15,541
45.5,26.0,64.0,971.6,119.0,33.5,79.6,4.74,Cotton,2.35,527
47.2,15.1,56.9,491.6,25.9,48.9,47.3,2.68,Chickpea,1.81,502
70.7,21.8,73.2,936.3,126.9,55.8,26.1,3.15,Wheat,3.44,266
57.3,20.4,47.0,249.6,134.9,36.0,42.4,0.61,Wheat,4.52,748
56.8,25.1,58.7,414.8,131.7,46.5,39.3,1.88,Wheat,3.69,690
43.5,12.8,47.1,156.5,23.2,44.4,29.6,5.19,Chickpea,1.33,448
91.1,25.4,77.7,1758.2,215.8,45.3,99.2,1.72,Rice,5.35,564
34.0,25.3,42.9,420.2,57.4,28.7,39.6,5.05,Jowar,2.48,725
70.6,28.1,80.6,1466.4,168.0,57.8,95.3,4.66,Rice,5.58,298
60.0,24.0,77.8,811.6,39.1,64.6,75.4,3.16,Groundnut,2.16,576
33.5,30.6,59.3,1094.5,63.3,37.4,92.3,1.63,Cotton,2.25,529
47.3,23.2,58.5,617.7,188.3,42.3,42.3,3.94,Maize,4.81,491
30.6,34.6,31.1,439.8,47.7,21.4,39.3,5.18,Bajra,1.95,1023
81.9,29.5,81.5,2289.4,205.4,112.9,188.3,3.57,Sugarcane,9.93,61
41.1,26.9,64.6,664.8,32.9,31.0,41.0,3.87,Bajra,1.62,516
49.5,27.8,64.4,850.4,129.6,49.1,71.7,2.52,Maize,5.08,641
46.2,21.3,49.6,705.8,138.9,34.5,45.0,3.15,Wheat,4.46,475
58.7,22.6,74.0,778.3,52.2,67.0,51.0,3.2,Soybean,1.79,428
35.5,26.8,43.9,377.0,48.1,29.4,29.7,5.33,Jowar,1.95,778
33.8,29.9,58.4,594.4,115.1,29.1,84.1,0.5,Cotton,2.81,961
71.5,29.2,67.5,1182.5,54.1,36.3,59.8,3.04,Soybean,1.86,305
55.3,23.0,75.9,553.8,163.0,47.5,53.8,1.91,Maize,4.69,450
56.5,23.3,70.6,788.3,47.9,65.0,67.8,4.22,Soybean,2.16,571
49.6,30.9,60.5,387.6,50.5,73.0,56.9,4.24,Soybean,1.62,611
62.9,26.2,65.5,470.7,45.5,63.5,39.8,1.42,Soybean,2.39,363
71.4,25.7,76.6,1357.5,165.5,60.8,77.9,1.01,Rice,5.44,418
92.0,27.9,81.4,2203.8,213.2,96.2,156.0,3.86,Sugarcane,9.02,253
74.2,32.9,74.3,1311.2,202.7,57.0,59.4,3.21,Rice,4.99,445
54.0,16.8,48.9,306.4,105.5,47.9,37.1,2.79,Wheat,3.52,868
80.8,22.3,78.1,1966.4,160.9,52.7,87.3,2.6,Rice,3.99,435
48.0,25.4,69.1,425.1,132.5,62.8,65.5,0.5,Wheat,3.76,590
79.7,29.5,83.9,2212.5,250.0,83.1,199.5,3.79,Sugarcane,10.73,270
53.9,35.3,34.1,452.7,77.6,27.5,62.8,5.61,Cotton,2.2,601
62.9,25.4,58.5,724.3,163.9,59.9,44.1,3.31,Wheat,3.29,551
55.4,26.8,62.7,827.1,45.8,49.5,66.0,3.65,Groundnut,2.11,560
34.4,37.2,56.9,757.6,55.6,39.4,30.4,3.92,Bajra,1.44,517
86.5,27.4,88.5,1812.1,143.7,42.7,115.4,2.06,Rice,5.65,247
50.5,23.0,64.9,518.4,122.3,35.5,47.8,6.18,Maize,4.61,420
57.1,23.6,58.1,545.8,38.0,44.7,85.6,4.4,Groundnut,1.85,835
53.9,28.4,50.3,994.2,23.0,51.1,76.1,2.95,Groundnut,1.81,934
77.3,24.5,83.7,1680.8,167.7,54.4,93.3,4.25,Rice,6.03,212
65.9,27.2,76.9,956.8,43.8,80.3,63.8,3.38,Soybean,2.34,462
41.2,29.5,28.5,486.0,68.1,26.6,20.1,6.12,Jowar,2.39,763
67.6,27.2,86.6,1528.7,128.0,60.3,89.5,3.14,Rice,5.66,466
66.1,24.2,64.0,774.0,40.1,65.9,57.5,2.17,Soybean,2.51,590
74.0,20.1,78.5,1159.2,113.6,38.6,69.1,2.94,Maize,3.54,376
46.7,21.7,65.1,50.5,131.5,60.0,44.1,3.52,Wheat,3.4,570
50.3,27.4,77.9,786.3,120.0,33.0,75.4,1.27,Cotton,2.46,433
56.3,19.5,81.5,477.0,167.1,42.1,57.8,1.77,Wheat,4.5,269
59.5,20.8,69.0,939.0,133.4,62.0,43.6,2.4,Wheat,3.83,567
66.1,25.4,75.9,1292.2,66.0,57.2,45.4,4.52,Soybean,2.0,256
38.1,28.3,51.3,616.2,83.2,26.9,33.9,3.28,Jowar,2.23,722
87.7,25.5,73.9,1906.2,154.7,41.7,94.4,2.89,Rice,5.61,332
77.1,24.9,86.4,1389.7,208.9,61.4,66.6,2.2,Rice,5.59,455
51.0,29.2,59.6,247.4,146.7,30.0,60.2,4.46,Cotton,2.39,620
44.5,21.7,53.7,540.2,99.7,47.9,44.5,2.55,Wheat,4.33,789
63.7,27.9,78.1,1453.5,142.3,53.5,103.0,2.59,Rice,5.26,190
39.6,31.2,49.8,315.1,63.1,34.0,38.2,3.52,Bajra,1.97,779
78.9,28.9,66.6,1822.4,203.1,92.3,154.6,3.14,Sugarcane,12.0,337
36.9,32.0,55.9,638.3,62.7,33.6,23.2,5.21,Bajra,2.06,632
37.7,26.1,67.8,713.1,31.1,33.8,67.2,3.44,Groundnut,2.2,511
39.9,28.7,45.9,477.6,130.9,29.7,74.9,2.44,Cotton,2.64,839
45.4,27.3,62.1,1034.1,37.9,59.2,71.0,3.68,Soybean,2.35,191
53.5,34.3,66.3,901.3,160.6,56.7,59.5,4.06,Maize,4.41,538
59.1,24.7,69.3,1034.8,167.7,49.0,55.8,3.69,Maize,5.61,216
59.5,26.4,50.4,894.8,83.3,41.0,82.4,4.11,Cotton,2.22,799
72.6,24.1,87.5,1555.1,163.4,56.7,107.4,5.04,Rice,5.47,0
43.6,32.7,40.2,279.7,53.3,27.8,44.9,4.74,Jowar,2.26,596
39.4,16.4,43.9,217.8,34.2,29.9,34.5,3.97,Chickpea,1.73,475
85.7,28.3,77.5,1325.0,206.2,49.1,109.7,1.63,Rice,5.8,606
31.4,34.2,56.1,626.0,57.2,36.0,42.0,2.85,Jowar,1.88,402
49.8,30.6,55.8,535.2,111.0,31.1,70.8,1.42,Cotton,2.68,633
83.2,24.5,77.4,1682.7,184.4,74.5,63.3,1.05,Rice,5.64,229
67.5,25.1,62.8,822.5,145.7,32.1,70.7,0.92,Maize,5.48,247
29.5,29.2,54.9,751.2,95.9,36.8,57.1,4.21,Cotton,2.68,543
41.0,23.9,43.2,272.3,85.3,27.4,41.9,3.98,Jowar,1.77,836
65.6,24.9,60.0,769.0,52.0,44.0,60.8,3.95,Soybean,1.97,526
39.9,34.4,51.1,384.0,75.6,24.5,37.1,3.68,Jowar,1.87,814
38.0,23.8,62.6,667.4,28.3,40.7,95.9,1.8,Groundnut,2.04,491
50.0,25.9,72.7,525.5,48.7,43.8,55.4,3.42,Soybean,2.08,487
42.5,26.0,49.1,556.9,67.6,38.4,36.4,2.01,Jowar,2.33,602
59.3,29.6,54.4,602.9,34.8,42.6,62.5,2.53,Soybean,1.85,671
87.3,30.9,79.0,1700.4,176.3,76.7,91.5,2.94,Rice,5.27,594
84.1,27.8,78.5,908.4,175.7,74.6,75.4,1.85,Rice,5.76,450
74.1,27.6,75.8,1594.0,250.0,90.5,237.9,3.53,Sugarcane,11.78,363
66.3,19.7,60.1,674.2,116.2,47.9,43.2,5.28,Wheat,4.04,470
75.4,26.2,70.6,1041.2,153.3,42.0,77.8,3.76,Maize,5.37,320
49.9,31.7,48.6,956.8,137.5,40.8,86.8,1.64,Cotton,2.85,845
61.5,31.0,60.9,509.7,149.3,40.3,74.6,3.57,Maize,5.01,407
73.1,25.8,87.2,1095.6,169.8,57.6,94.1,0.5,Rice,5.96,169
68.3,20.2,63.4,457.3,146.1,59.9,59.9,4.11,Wheat,4.43,552
78.4,29.2,88.6,1719.0,195.1,52.9,113.0,2.82,Rice,6.07,174
68.2,20.2,47.1,1593.7,143.2,46.4,60.4,4.14,Maize,3.47,853
40.5,22.3,54.3,343.4,23.9,43.1,25.0,3.33,Chickpea,1.75,283
62.2,31.5,49.6,443.3,69.7,55.7,52.5,1.47,Maize,3.9,728
58.7,26.5,73.7,737.5,32.9,48.7,60.4,0.61,Groundnut,1.92,562
64.2,29.4,59.4,936.9,42.6,69.8,42.6,5.58,Soybean,2.04,364
49.2,34.4,47.1,476.9,57.2,30.7,47.6,3.7,Jowar,1.97,585
67.2,29.1,83.6,1575.9,162.4,54.1,93.6,1.28,Rice,5.66,351
66.2,26.0,51.1,774.5,136.9,52.4,48.5,5.69,Maize,5.1,874
34.8,29.3,47.1,664.9,153.6,48.1,80.7,3.17,Cotton,3.18,521
75.4,29.9,82.3,1304.2,190.7,76.5,130.2,3.45,Sugarcane,10.92,76
55.1,30.9,58.2,659.2,21.4,50.2,50.1,5.42,Groundnut,1.78,733
38.6,34.6,58.4,824.0,85.6,56.1,49.9,2.99,Cotton,2.55,796
91.8,26.1,84.9,1322.5,162.9,77.8,102.7,2.35,Rice,5.09,250
56.9,25.2,61.8,399.2,101.9,30.0,51.7,2.13,Maize,4.27,244
81.9,32.4,84.5,1565.7,151.8,48.2,73.3,2.36,Rice,3.99,504
38.2,34.3,25.0,93.3,59.4,29.1,39.9,3.73,Bajra,1.49,817
49.9,17.9,38.0,523.7,33.0,40.7,25.3,1.61,Chickpea,1.78,915
88.9,25.0,79.0,1535.3,151.5,55.9,93.4,1.56,Rice,5.9,311
73.7,32.0,83.7,1356.2,179.3,53.6,52.4,3.4,Rice,5.64,248
74.5,26.8,67.7,1227.0,153.4,60.9,106.9,4.55,Rice,5.28,366
49.5,27.4,66.4,640.0,36.8,56.3,66.5,4.79,Soybean,2.23,749
60.0,28.3,56.1,873.5,82.3,38.8,55.7,1.78,Cotton,2.78,794
34.6,35.8,54.0,281.2,56.3,29.0,31.0,4.73,Bajra,1.82,328
61.9,25.9,72.8,761.8,118.3,53.8,56.9,4.65,Maize,5.03,310
76.6,30.1,86.8,906.8,127.0,71.9,93.9,1.72,Rice,4.9,610
48.2,22.6,57.3,582.1,128.3,41.3,54.6,6.48,Wheat,4.11,541
62.4,27.2,68.8,800.5,128.4,25.7,51.5,2.39,Maize,5.33,270
60.9,16.4,60.3,698.6,147.2,46.9,47.1,3.25,Wheat,3.95,561
52.1,15.8,49.1,563.1,180.5,63.3,34.9,3.75,Wheat,4.28,645
77.4,27.7,82.1,1504.8,205.1,46.2,102.0,2.53,Rice,5.99,285
56.4,31.1,70.2,1042.4,47.5,50.1,44.8,0.67,Soybean,2.18,366
55.0,17.5,64.7,362.5,175.2,50.0,49.9,5.76,Wheat,4.58,521
38.3,29.9,51.8,743.5,119.2,40.8,36.1,1.04,Cotton,3.14,549
78.7,30.1,82.4,2071.1,218.1,60.1,140.1,2.19,Sugarcane,12.0,294
57.9,24.3,72.4,822.7,33.6,64.1,57.4,1.29,Soybean,2.24,325
48.2,21.2,54.9,59.4,137.1,40.7,53.7,5.16,Wheat,3.55,634
57.8,25.1,68.5,633.5,50.9,58.8,75.5,4.65,Soybean,2.27,483
56.9,29.7,73.2,961.5,42.3,77.3,92.6,2.18,Groundnut,1.84,629
71.5,15.5,55.7,717.5,88.7,57.3,29.5,4.49,Wheat,3.12,652
56.3,29.2,68.8,1062.1,28.2,75.1,71.5,4.56,Soybean,2.51,431
43.6,17.6,55.2,420.8,22.2,27.0,46.0,3.81,Chickpea,2.01,717
50.1,31.6,56.2,900.0,104.9,33.5,64.3,2.78,Cotton,3.25,630
48.7,21.0,40.7,293.9,30.9,39.2,41.2,2.01,Chickpea,1.68,916
85.2,30.7,76.8,2396.0,198.0,42.8,84.1,2.79,Rice,5.18,323
89.7,29.7,74.4,1790.3,250.0,109.1,173.7,2.48,Sugarcane,9.44,599
81.7,27.0,84.3,1552.4,234.2,82.0,143.2,4.11,Rice,5.66,490
55.1,24.6,57.1,394.7,45.7,52.3,72.0,0.94,Soybean,1.85,617
92.0,26.1,81.1,1831.2,131.6,70.8,74.8,3.01,Rice,5.75,209
44.9,33.6,73.7,634.7,76.0,51.0,44.5,2.46,Cotton,2.53,601
61.1,18.9,61.8,236.5,143.6,37.0,45.6,4.87,Wheat,4.08,687
57.7,21.4,58.5,543.1,115.0,31.6,40.0,5.01,Wheat,4.98,579
48.4,15.3,71.8,383.0,33.5,37.7,28.1,2.62,Chickpea,1.61,282
43.1,30.7,62.6,794.8,28.7,47.3,73.9,1.19,Groundnut,2.05,247
67.5,24.2,59.6,1136.6,114.1,42.4,65.9,0.98,Maize,5.71,564
59.6,19.7,70.3,602.3,106.8,32.0,43.5,4.66,Wheat,4.04,614
37.1,28.7,46.7,490.2,58.2,31.4,60.2,2.91,Jowar,2.02,811
50.4,16.5,60.3,451.9,139.5,49.1,38.3,4.8,Wheat,3.89,392
34.9,32.3,40.5,237.7,75.2,30.9,46.7,2.17,Jowar,1.83,915
75.7,27.9,82.5,1227.1,194.9,82.6,105.5,3.05,Rice,6.18,245
54.6,22.7,69.5,628.2,167.0,45.6,49.4,4.16,Wheat,3.74,558
32.8,28.7,59.4,544.8,139.4,45.2,50.4,0.5,Cotton,2.59,652
49.2,32.5,63.2,700.9,129.0,40.6,58.5,1.03,Cotton,2.71,413
41.1,15.9,72.3,433.1,33.4,43.2,37.8,4.79,Chickpea,1.7,409
30.2,31.5,39.4,494.1,47.5,25.8,43.9,1.44,Bajra,2.04,413
85.8,32.2,69.5,2237.7,214.9,88.7,144.0,2.68,Sugarcane,10.32,163
32.9,29.7,38.7,582.0,64.1,41.3,37.2,5.58,Jowar,2.17,451
32.5,25.7,57.0,424.2,68.6,42.3,35.5,5.38,Jowar,1.85,688
26.1,27.4,48.2,600.4,69.0,31.6,39.6,5.83,Jowar,2.0,673
67.4,23.3,80.8,1029.8,173.8,61.3,106.6,0.86,Rice,4.16,504
86.2,22.0,78.6,1174.8,84.1,40.2,51.1,4.36,Maize,3.51,417
56.3,26.8,67.6,1068.1,177.3,43.2,54.0,3.93,Maize,5.22,358
29.0,30.3,49.2,716.1,64.4,31.7,36.6,6.01,Bajra,1.68,696
61.6,22.0,61.2,938.0,36.6,66.7,46.3,3.0,Soybean,2.1,463
52.2,28.8,77.5,1211.1,39.7,45.5,58.5,2.05,Soybean,2.03,459
51.7,35.9,64.0,725.3,37.4,54.3,41.9,1.39,Groundnut,1.62,577
78.3,30.7,80.8,1446.4,189.8,98.8,222.0,5.21,Sugarcane,10.96,162
42.8,18.3,51.4,445.6,36.2,39.6,32.5,3.12,Chickpea,1.84,659
41.3,19.5,43.0,144.7,32.4,55.7,39.3,3.87,Chickpea,1.71,756
33.9,32.4,56.7,301.0,33.0,32.1,40.1,5.98,Bajra,1.79,590
49.4,26.2,59.8,826.4,47.1,71.7,49.5,0.5,Soybean,2.54,687
33.9,32.6,41.5,0.0,91.4,41.3,83.9,3.36,Cotton,2.46,1023
46.9,21.9,67.8,604.8,75.5,23.8,35.4,4.63,Jowar,1.84,457
62.8,24.9,45.7,642.8,94.5,40.5,63.1,2.18,Maize,4.88,622
59.8,27.2,61.7,887.1,176.7,64.3,62.2,2.86,Maize,4.97,177
35.7,32.8,54.6,222.7,62.6,21.3,40.7,4.33,Bajra,1.73,642
38.3,27.6,59.5,623.3,111.0,29.7,49.2,3.32,Cotton,2.43,509
59.5,14.0,55.9,423.1,96.6,73.3,41.1,2.94,Wheat,3.67,293
83.9,29.5,89.4,1873.6,180.4,43.4,80.4,2.21,Rice,5.05,266
71.9,29.3,80.1,2382.0,124.9,44.3,66.6,5.17,Rice,4.42,319
30.0,37.0,30.5,0.0,47.6,21.8,40.5,3.56,Bajra,1.32,716
91.9,27.1,82.1,717.9,192.5,54.3,106.7,5.7,Rice,4.73,332
81.2,29.8,76.4,1086.3,156.1,25.8,101.8,2.41,Rice,4.74,238
60.6,23.6,73.4,218.5,109.3,53.2,38.3,4.96,Wheat,3.37,638
80.8,28.9,62.2,1778.6,224.7,120.0,184.6,3.55,Sugarcane,11.07,174
34.0,29.6,42.0,458.2,70.8,38.5,54.5,5.67,Jowar,2.14,673
52.4,23.2,52.8,691.3,23.1,60.4,77.0,0.58,Groundnut,2.11,921
83.3,26.3,80.9,1594.8,163.9,45.6,86.4,4.36,Rice,6.57,307
92.0,32.9,79.9,2256.6,250.0,118.7,193.5,3.48,Sugarcane,8.83,312
44.0,18.2,45.9,393.8,25.9,33.6,38.8,3.63,Chickpea,1.99,680
78.8,26.0,75.9,1122.5,178.4,66.9,86.9,1.55,Rice,5.09,205
59.8,14.6,62.0,478.5,103.1,64.8,55.2,4.92,Wheat,4.1,570
37.6,18.4,51.6,318.9,28.5,51.2,24.5,5.95,Chickpea,1.94,735
51.3,20.7,49.9,464.6,137.2,39.1,41.4,3.38,Wheat,4.4,509
85.5,26.4,82.0,1583.2,189.0,89.2,199.1,2.68,Sugarcane,10.48,346
40.8,30.4,43.7,437.1,62.5,21.0,54.4,1.36,Jowar,1.9,906
47.9,27.9,58.5,319.0,139.3,41.3,42.9,4.06,Maize,4.1,787
56.1,28.1,74.6,1316.0,42.5,68.4,32.9,4.01,Soybean,2.04,128
50.7,17.4,47.3,612.8,21.9,50.4,33.7,5.0,Chickpea,1.64,517
67.1,21.1,56.4,479.7,110.9,41.9,48.1,6.03,Wheat,4.93,368
60.0,25.3,79.3,979.9,38.9,68.4,56.1,1.82,Soybean,2.66,545
69.3,27.4,62.5,886.3,41.5,63.5,63.5,2.84,Soybean,2.17,614
38.7,25.4,54.0,604.9,120.6,39.0,87.3,3.99,Cotton,2.86,729
61.3,31.2,71.0,1071.7,29.6,43.8,72.6,3.88,Groundnut,1.62,294
72.6,26.7,90.0,1523.2,177.9,49.7,95.0,3.38,Rice,6.17,69
60.6,27.7,67.3,1165.2,49.1,68.0,61.2,3.81,Soybean,2.09,459
47.6,14.2,50.1,406.0,36.5,50.1,40.5,2.76,Chickpea,1.57,688
51.7,23.0,59.6,429.6,191.4,62.6,56.7,4.21,Wheat,4.72,467
39.3,26.5,46.7,172.2,54.8,37.2,20.0,5.05,Jowar,1.76,743
58.2,28.8,60.6,453.9,48.9,47.2,52.1,4.27,Soybean,2.1,689
59.3,24.0,69.1,582.0,102.9,40.8,46.5,1.57,Wheat,4.36,542
81.9,27.1,77.7,1841.8,227.2,72.3,121.2,0.5,Rice,6.09,132
28.0,33.7,38.0,671.0,54.2,38.8,50.4,2.65,Jowar,1.69,398
60.9,25.9,60.4,630.6,119.5,43.2,67.3,3.62,Maize,4.92,528
61.7,21.5,68.0,938.2,117.6,75.0,43.9,3.53,Wheat,4.02,496
33.8,29.5,58.8,469.0,89.3,41.0,52.9,3.74,Cotton,2.7,561
89.4,27.7,85.2,1574.9,178.5,43.1,87.0,1.29,Rice,5.47,207
45.7,35.4,43.4,332.6,52.8,20.5,41.7,3.35,Bajra,1.5,619
76.0,20.4,62.9,937.7,47.9,82.7,59.8,6.49,Soybean,1.84,621
62.0,25.6,64.2,727.4,42.9,57.2,50.0,1.25,Soybean,2.19,519
29.2,27.3,60.4,282.2,80.9,33.3,43.2,5.36,Bajra,1.63,631
58.1,23.6,58.1,630.0,52.3,40.9,64.5,2.16,Soybean,1.55,436
58.5,22.7,52.5,454.7,151.9,44.9,46.5,5.14,Wheat,4.96,553
50.7,27.8,65.5,669.8,52.0,68.4,55.1,1.89,Soybean,2.25,549
50.5,30.5,39.3,1045.3,104.5,44.1,84.7,4.6,Cotton,2.44,519
77.0,28.2,88.4,1740.4,145.5,46.6,95.0,3.36,Rice,5.84,44
43.3,30.8,39.2,310.0,53.9,29.6,44.8,5.04,Bajra,2.13,704
36.1,31.2,45.0,282.8,58.2,33.3,29.8,3.43,Bajra,1.4,907
71.1,26.5,73.4,766.1,45.8,45.6,55.7,3.25,Soybean,2.35,480
76.5,28.0,83.0,1917.4,190.5,51.7,98.8,6.29,Rice,5.65,480
51.3,29.5,53.6,626.8,84.7,20.4,78.2,1.6,Cotton,2.94,600
68.8,29.1,74.6,498.3,207.0,105.9,173.1,1.36,Sugarcane,7.76,426
56.1,12.4,62.9,950.6,110.2,39.5,47.5,2.84,Wheat,4.0,293
51.2,21.8,66.4,374.7,27.6,57.3,60.8,5.61,Groundnut,1.4,465
72.4,26.8,70.2,1492.0,169.4,48.0,83.4,4.59,Rice,5.91,607
29.2,17.8,41.9,140.2,28.4,44.9,39.4,4.29,Chickpea,1.49,806
40.4,30.7,64.6,229.9,65.8,39.9,41.5,1.41,Bajra,1.86,700
55.6,25.9,59.9,530.0,63.8,29.3,47.1,4.65,Jowar,1.62,694
44.9,26.4,48.7,646.3,140.4,40.1,87.0,1.6,Cotton,2.6,653
52.6,21.9,58.3,761.9,141.0,33.2,35.6,3.04,Maize,4.69,536
46.7,18.1,50.3,737.2,151.7,62.5,40.5,1.79,Wheat,4.4,650
37.3,26.2,54.6,183.4,57.6,33.3,53.6,2.63,Jowar,2.06,770
40.8,27.6,42.6,371.4,65.0,32.7,34.9,3.25,Bajra,1.99,798
57.8,25.9,73.4,877.8,129.3,56.6,58.4,2.77,Maize,5.96,512
34.5,30.3,66.7,557.0,85.3,49.3,71.4,1.99,Cotton,2.59,553
44.8,31.1,49.8,474.7,51.4,28.0,49.4,3.43,Jowar,2.38,547
80.6,30.8,70.5,2175.2,207.0,97.4,175.1,2.72,Sugarcane,9.53,264
86.3,30.3,79.6,1497.4,231.5,58.5,81.8,3.6,Rice,6.49,172
71.6,29.1,75.4,964.1,219.1,47.7,68.4,3.66,Rice,5.83,566
51.0,16.8,51.1,469.9,22.3,51.2,30.3,1.73,Chickpea,1.7,332
64.0,23.6,70.1,1082.9,55.4,82.7,63.0,4.74,Soybean,1.98,402
83.0,26.9,95.8,2022.3,166.3,57.6,86.3,4.89,Rice,5.48,548
44.1,32.1,50.5,218.5,69.3,33.6,45.0,3.22,Jowar,1.85,638
87.7,21.8,93.1,2349.2,143.9,73.3,110.9,1.87,Rice,3.08,0
49.1,23.3,65.9,774.9,33.0,55.1,54.7,3.93,Groundnut,1.9,504
43.9,31.4,63.4,557.5,50.1,59.7,64.0,3.36,Soybean,1.96,754
37.7,30.1,40.3,534.4,46.7,24.4,37.5,6.51,Bajra,2.19,700
56.1,23.6,71.2,1204.1,153.2,48.3,29.4,3.96,Maize,5.09,507
26.1,28.3,51.1,378.1,70.9,30.8,41.8,4.21,Bajra,1.94,684
74.7,21.7,60.1,170.1,158.4,48.2,40.8,1.07,Wheat,3.02,570
75.1,29.8,80.5,830.8,167.2,55.0,99.8,0.5,Rice,4.35,877
58.2,23.4,63.3,634.0,40.2,69.7,41.4,2.06,Soybean,1.74,557
59.1,28.0,68.8,731.1,129.9,47.4,58.0,5.2,Maize,5.6,407
71.3,22.5,55.4,862.4,40.1,49.2,51.1,3.74,Soybean,1.95,502
57.3,27.0,65.5,1047.3,44.3,62.2,34.3,3.42,Soybean,2.61,535
31.2,29.4,47.6,0.0,46.9,32.0,41.7,3.04,Bajra,1.75,797
80.2,31.2,87.5,1962.1,169.8,50.9,71.6,2.94,Rice,5.63,344
60.5,20.0,66.5,644.5,118.5,51.7,52.9,2.59,Wheat,4.01,541
51.8,12.6,54.4,733.6,144.2,52.4,45.6,1.01,Wheat,3.94,380
56.2,31.5,53.1,533.7,80.0,31.2,42.5,3.39,Jowar,2.18,718
49.6,31.5,57.6,44.5,52.0,35.9,49.4,5.68,Bajra,1.5,613
52.0,17.2,61.7,583.7,131.2,68.7,45.1,4.14,Wheat,4.69,520
59.6,21.4,66.1,748.7,153.0,37.4,44.1,0.94,Maize,4.23,279
63.8,31.4,62.0,533.3,40.5,61.4,53.7,4.9,Soybean,1.93,480
66.2,29.9,70.6,1695.4,229.7,78.6,131.1,1.93,Sugarcane,10.17,245
59.8,27.3,69.0,895.3,64.4,60.9,48.7,6.42,Soybean,2.71,462
42.9,27.5,62.2,792.6,115.6,38.0,54.3,4.34,Cotton,2.6,309
37.4,27.9,62.7,535.4,62.7,29.6,53.7,4.09,Bajra,1.7,571
81.2,30.0,85.6,1377.3,167.2,33.6,87.2,3.85,Rice,5.01,311
48.9,32.0,54.3,328.3,33.2,46.7,69.3,2.46,Groundnut,1.53,478
59.4,22.0,68.8,325.3,115.1,42.8,42.2,0.5,Wheat,4.59,445
47.2,22.0,76.9,636.0,110.1,36.5,53.9,2.47,Wheat,4.33,306
86.0,33.4,73.5,1460.6,226.2,95.3,215.1,0.5,Sugarcane,8.15,505
77.7,25.3,81.9,1052.3,192.5,35.1,92.3,1.84,Rice,4.99,0
60.5,20.9,68.0,912.3,140.3,30.6,70.4,3.2,Maize,4.83,420
37.3,27.1,47.7,605.9,35.5,34.1,43.5,1.62,Jowar,1.96,409
37.0,28.4,39.2,453.0,47.5,20.5,47.5,4.69,Bajra,2.04,673
71.2,27.5,81.9,1776.5,179.4,36.3,55.6,4.96,Rice,5.87,405
84.2,28.4,82.9,1549.8,230.0,115.3,95.5,4.03,Sugarcane,9.52,193
77.8,29.6,82.8,1787.1,250.0,49.1,122.3,0.77,Sugarcane,10.4,289
58.5,27.0,65.1,846.0,92.6,39.1,33.7,6.44,Maize,5.55,374
66.5,19.4,67.8,597.0,120.8,55.5,45.5,0.5,Wheat,4.51,816
74.5,25.4,83.3,1024.0,101.2,68.8,64.6,0.55,Rice,5.52,487
56.6,25.2,62.9,954.4,32.2,60.8,54.0,3.67,Soybean,2.22,683
46.8,34.5,44.9,721.0,114.1,31.6,86.0,4.18,Cotton,2.27,467
54.9,23.4,34.1,511.8,44.7,31.3,49.3,3.05,Jowar,1.44,595
44.1,28.6,55.1,187.3,58.2,27.7,50.7,4.68,Jowar,1.84,830
52.3,21.7,47.6,508.6,146.7,33.4,61.4,3.64,Cotton,2.46,648
42.2,21.2,78.9,341.6,20.5,42.6,42.6,5.95,Chickpea,1.82,421
46.1,28.3,50.1,580.7,29.3,76.9,68.9,3.41,Groundnut,2.08,704
77.9,33.8,81.6,1738.6,247.6,96.3,188.6,2.17,Sugarcane,8.99,85
57.5,25.2,75.3,668.0,83.4,46.0,60.4,1.7,Maize,5.18,567
67.6,20.9,57.8,646.0,124.7,53.9,50.0,3.42,Wheat,4.99,589
37.4,33.8,49.9,368.6,124.8,37.7,60.5,3.49,Cotton,1.92,752
60.8,17.1,55.3,547.0,146.8,38.8,40.3,3.39,Wheat,4.53,514
88.9,30.1,71.5,1937.6,126.8,62.0,97.1,4.54,Sugarcane,10.89,404
45.8,17.0,61.8,240.3,26.4,36.5,40.4,0.5,Chickpea,1.87,497
55.6,29.3,55.1,860.4,116.9,25.9,76.5,3.72,Cotton,3.25,728
47.6,28.6,65.6,602.7,70.5,26.7,39.1,2.94,Jowar,2.04,707
26.4,28.8,28.6,287.3,80.6,33.1,36.6,2.4,Jowar,2.11,957
63.8,26.7,58.6,764.4,129.1,37.6,51.9,4.82,Wheat,4.03,646
76.3,27.8,83.6,2026.6,176.4,84.2,212.0,3.75,Sugarcane,11.47,338
53.7,26.1,66.7,1035.8,182.9,37.6,47.6,2.8,Maize,6.07,48
57.7,29.0,57.4,917.3,44.7,61.9,61.0,5.09,Soybean,2.39,685
47.6,30.0,50.4,155.8,48.3,27.5,35.3,2.15,Bajra,1.61,656
61.0,20.2,80.2,1314.7,98.2,53.7,30.6,1.25,Wheat,4.37,349
35.1,33.7,50.9,591.4,75.1,33.0,36.3,1.94,Jowar,2.01,601
47.2,24.8,40.8,230.1,30.6,61.7,74.7,4.6,Groundnut,1.73,537
55.5,32.9,63.7,1145.1,149.0,65.2,37.6,3.85,Maize,3.6,394
62.2,32.5,88.1,873.3,43.2,55.4,51.6,2.38,Soybean,2.12,431
78.8,31.1,78.1,1681.3,250.0,108.3,214.4,6.37,Sugarcane,12.0,528
51.4,29.0,49.9,988.6,116.6,39.4,65.2,5.16,Cotton,2.33,508
57.6,30.2,66.2,544.2,127.9,37.8,61.2,1.85,Maize,4.53,394
62.4,15.4,68.5,749.1,74.3,61.1,47.4,8.11,Wheat,3.88,715
39.9,22.1,36.2,152.2,38.1,32.3,37.0,2.62,Jowar,1.53,650
49.9,24.7,64.3,586.5,47.1,69.5,46.7,3.79,Soybean,2.03,865
52.4,29.0,66.1,723.2,30.1,45.5,84.3,2.84,Groundnut,1.98,520
76.8,26.2,85.7,2082.2,148.9,78.5,54.4,2.2,Rice,5.6,86
76.5,26.6,75.3,1822.4,166.5,67.5,70.0,4.59,Rice,4.26,464
58.8,15.6,71.1,786.2,129.2,62.8,45.4,3.74,Wheat,3.93,728
45.1,11.8,51.3,233.3,32.3,44.7,28.2,1.02,Chickpea,1.22,461
42.0,28.2,41.2,409.0,99.4,39.9,95.1,5.11,Cotton,2.32,974
87.0,32.1,72.8,2500.0,153.3,58.3,103.4,4.53,Rice,3.81,214
73.3,24.2,69.3,955.0,98.6,45.5,49.8,0.98,Maize,4.41,688
66.9,29.1,68.6,1511.5,216.8,59.9,67.7,3.82,Rice,6.2,335
45.2,28.5,62.6,656.2,41.6,51.8,82.8,2.72,Groundnut,1.9,304
40.2,25.7,50.7,300.9,60.8,31.1,49.2,2.25,Jowar,1.62,758
74.7,30.3,81.9,1861.7,144.9,57.0,84.3,3.15,Rice,6.1,409
53.8,18.7,65.9,624.8,109.9,52.7,40.7,1.93,Wheat,5.37,851
68.1,14.3,58.1,941.2,141.8,51.3,44.6,2.71,Wheat,3.16,814
61.8,19.6,55.7,430.2,168.7,30.6,55.4,3.68,Wheat,5.04,737
41.3,30.7,33.9,346.2,74.0,31.0,43.4,6.01,Bajra,1.8,745
78.4,31.2,73.1,2001.8,211.3,89.2,197.5,1.4,Sugarcane,10.44,226
67.9,25.9,75.8,1435.2,101.6,54.4,88.9,3.43,Rice,4.86,305
67.2,31.7,66.4,656.9,91.9,36.1,46.3,3.78,Cotton,2.56,390
50.4,24.3,67.7,306.5,109.3,46.5,51.9,5.71,Wheat,3.21,510
64.5,17.3,63.6,734.2,152.8,66.7,36.0,2.0,Wheat,4.08,136
84.0,30.3,68.3,1807.1,104.6,39.9,80.1,2.34,Rice,5.16,389
67.5,20.4,77.8,761.5,140.3,60.7,63.3,3.69,Maize,4.35,412
56.3,22.7,74.2,1584.3,156.8,56.7,71.4,3.58,Maize,4.19,743
78.9,29.4,84.0,2315.1,151.4,59.0,94.9,5.91,Rice,4.94,330
92.0,27.7,84.4,2102.6,199.1,78.2,204.2,2.04,Sugarcane,10.78,154
77.3,23.7,86.2,1129.3,181.2,54.8,77.0,1.75,Rice,4.66,401
75.2,28.7,87.9,2072.7,147.2,29.9,70.0,3.24,Rice,5.83,23
60.3,16.7,66.8,438.3,140.5,51.9,32.1,3.52,Wheat,4.15,450
51.0,33.5,43.4,425.3,101.6,35.9,54.4,1.86,Cotton,2.46,427
78.7,25.2,67.0,1005.6,144.7,44.5,89.7,0.61,Rice,5.22,692
45.0,27.2,58.8,442.9,33.6,63.5,80.8,3.81,Groundnut,1.9,696
80.8,27.0,75.7,1279.7,250.0,100.6,168.4,4.11,Sugarcane,9.68,188
69.1,24.5,52.7,533.7,132.2,53.3,54.3,5.9,Wheat,4.32,629
41.2,32.4,35.8,456.3,63.5,27.4,46.4,3.9,Bajra,2.34,908
43.2,35.4,49.4,643.3,62.5,43.4,45.4,6.44,Bajra,1.62,727
34.4,33.3,52.1,368.4,56.0,31.9,50.0,4.94,Bajra,1.8,722
79.1,28.5,82.1,1690.7,122.3,51.2,98.6,5.41,Rice,5.33,148
63.2,28.8,83.7,637.5,30.6,62.9,73.8,6.6,Soybean,2.04,289
50.6,21.8,65.6,477.4,95.5,44.8,39.4,2.47,Wheat,4.45,562
79.5,34.4,74.2,1548.3,118.2,61.9,103.1,4.92,Rice,4.66,492
62.5,20.4,67.6,569.5,154.6,54.0,33.5,4.54,Wheat,3.99,392
67.5,19.0,51.3,517.2,150.5,39.0,43.4,3.49,Wheat,4.37,477
83.2,28.7,86.8,775.2,189.1,54.7,106.0,3.71,Rice,4.7,527
78.7,24.7,86.8,1557.2,97.0,54.6,103.8,2.55,Rice,5.67,122
65.4,32.1,68.9,963.2,149.3,43.6,54.4,1.52,Maize,4.71,627
47.9,28.0,81.3,952.1,33.6,35.2,51.4,3.43,Groundnut,1.99,406
55.2,23.4,71.5,582.9,112.8,48.9,50.1,2.28,Wheat,4.57,625
58.5,27.8,64.3,855.9,42.1,63.5,76.2,5.29,Soybean,2.31,780
60.4,21.1,57.2,437.1,125.1,51.0,52.7,4.27,Wheat,4.92,724
54.1,30.6,61.0,547.1,30.3,61.9,61.9,4.04,Soybean,2.01,695
71.2,27.0,81.4,1235.3,160.2,30.3,78.0,2.18,Rice,5.86,192
31.1,26.5,47.9,243.8,43.9,34.4,59.5,4.67,Bajra,1.72,598
77.7,27.6,95.2,1334.7,206.7,49.9,99.5,3.92,Rice,5.48,338
63.8,21.6,71.8,728.6,36.8,60.8,50.5,3.37,Soybean,1.66,705
65.4,25.8,72.9,671.7,161.0,44.3,49.9,2.53,Maize,5.25,682
72.2,26.9,74.4,1002.9,135.2,36.9,65.2,4.59,Maize,5.58,772
47.9,24.3,65.8,599.8,158.1,45.0,49.7,4.05,Wheat,4.77,579
55.7,29.3,57.4,842.6,121.2,34.1,37.6,2.39,Cotton,3.12,596
68.2,26.4,65.6,1843.5,224.4,107.3,143.4,1.62,Sugarcane,9.84,532
69.0,27.8,79.1,1847.4,116.3,38.1,98.9,2.86,Rice,4.36,287
48.6,25.2,59.8,570.6,72.5,26.2,29.1,3.65,Jowar,2.15,571
48.1,27.2,54.0,603.9,61.2,40.0,51.1,3.15,Jowar,2.07,458
44.4,27.9,70.6,439.7,34.4,52.8,59.7,2.29,Groundnut,2.02,667
69.2,27.9,90.0,2500.0,163.3,58.3,89.5,2.28,Rice,3.93,3
34.4,18.5,42.2,247.0,24.6,57.0,38.8,2.61,Chickpea,1.8,822
92.0,30.6,77.0,2045.9,211.6,73.8,155.0,1.6,Sugarcane,10.51,57
43.7,16.6,55.1,419.3,25.6,39.8,32.6,2.29,Chickpea,1.68,805
31.0,31.8,41.2,186.8,67.5,52.4,43.3,0.5,Jowar,1.96,595
41.5,19.2,49.1,220.0,24.2,56.3,35.0,2.51,Chickpea,1.57,831
34.9,30.2,30.9,214.1,59.6,40.3,50.0,4.24,Bajra,2.17,564
77.5,30.9,80.6,1832.6,140.1,37.8,109.2,3.93,Rice,5.21,208
60.8,24.6,67.1,1350.1,39.7,57.6,54.3,2.82,Soybean,2.04,608
49.7,34.0,63.6,479.6,35.2,36.4,58.6,3.97,Groundnut,1.78,438
44.2,28.5,47.7,570.5,68.1,31.1,35.5,3.7,Jowar,1.73,681
51.4,20.4,70.5,610.0,82.9,50.9,45.2,4.53,Wheat,5.07,418
52.5,20.6,65.2,629.7,148.4,38.3,38.1,2.74,Wheat,5.25,173
39.7,33.1,39.2,32.7,76.3,39.8,27.1,0.9,Jowar,1.26,829
86.2,31.7,77.8,1349.9,185.4,61.0,77.1,2.19,Rice,4.8,414
63.5,21.0,63.6,741.3,125.1,62.7,49.6,2.37,Wheat,4.94,358
45.9,24.2,57.1,615.1,28.4,66.4,53.5,3.45,Groundnut,1.77,685
73.6,24.1,62.0,858.5,144.3,29.2,53.4,0.5,Maize,5.6,404
56.9,26.0,62.8,434.7,152.6,57.5,55.8,2.57,Wheat,4.44,419
63.9,28.3,83.5,1826.0,171.7,57.0,79.1,1.14,Rice,5.4,260
44.7,28.3,66.2,491.9,127.3,48.6,70.4,3.71,Maize,4.09,435
53.3,20.6,53.1,396.9,122.5,64.4,47.3,1.57,Wheat,5.4,1007
70.0,28.2,74.5,1570.6,171.4,53.1,66.5,1.96,Rice,5.41,104
36.3,33.3,61.1,419.1,57.8,32.1,59.9,3.77,Bajra,2.01,704
30.8,16.9,53.7,324.3,28.2,46.9,37.4,4.52,Chickpea,1.65,810
90.6,26.4,82.8,1557.1,155.8,50.4,74.7,1.45,Rice,5.21,0
53.4,31.4,60.6,1511.0,105.4,51.6,69.2,1.67,Cotton,2.37,187
49.3,28.7,61.9,882.0,120.2,36.3,59.9,3.15,Cotton,2.59,612
52.2,25.6,56.1,461.1,25.5,59.9,58.6,2.65,Groundnut,2.04,548
69.3,31.0,77.8,1518.4,193.2,17.0,118.8,1.37,Rice,5.36,387
47.5,30.1,68.1,962.7,20.0,58.4,69.4,2.5,Groundnut,2.01,643
68.6,32.4,73.1,1077.9,160.3,34.2,115.7,2.72,Rice,4.34,356
47.7,30.5,53.9,999.2,126.2,48.0,65.1,4.13,Cotton,3.17,407
43.0,27.0,51.6,1041.7,105.0,26.4,77.8,2.79,Cotton,2.83,162
30.0,31.5,27.9,110.1,55.8,43.7,41.7,5.75,Bajra,1.66,865
37.8,24.5,68.8,749.9,40.3,58.2,65.1,3.16,Groundnut,2.11,344
43.5,31.7,52.0,936.6,110.0,47.8,77.1,3.14,Cotton,2.93,643
45.0,33.6,45.2,175.3,73.1,38.1,36.3,2.77,Bajra,1.48,767
63.1,21.7,70.9,1066.0,115.1,46.7,61.7,2.66,Maize,4.58,217
38.7,37.0,47.5,515.7,59.8,37.8,41.1,4.66,Bajra,1.7,945
77.4,24.6,81.4,1437.0,170.5,44.5,85.4,1.81,Rice,5.33,480
90.7,21.6,81.5,1788.2,170.9,110.3,155.3,1.52,Sugarcane,7.26,407
56.1,25.0,56.2,757.0,110.8,48.6,38.6,2.76,Wheat,3.44,401
61.8,23.7,74.8,1293.8,160.8,45.3,83.1,4.43,Rice,3.96,312
44.2,28.8,53.3,644.0,30.1,50.7,70.9,2.42,Groundnut,2.25,536
68.9,27.9,77.6,708.4,35.1,60.8,43.4,5.56,Soybean,2.14,361
37.3,26.2,69.0,689.7,45.1,31.9,40.0,2.57,Bajra,1.55,320
41.9,19.8,42.4,432.8,25.5,48.5,27.1,5.46,Chickpea,1.76,789
37.9,27.3,65.7,655.8,66.0,23.8,40.4,5.08,Bajra,1.49,560
61.0,22.5,61.1,509.4,46.4,58.1,56.7,3.89,Soybean,1.5,635
71.0,26.6,88.5,1419.8,188.7,55.3,72.8,4.25,Rice,5.39,191
40.1,25.2,66.6,1023.0,32.5,48.6,66.2,4.68,Groundnut,1.83,670
46.6,34.2,46.3,535.8,48.2,22.4,42.8,5.5,Bajra,1.43,713
64.5,30.0,65.0,1048.1,39.7,39.1,51.5,2.65,Soybean,2.12,55
60.0,28.5,60.9,1003.9,157.4,33.4,56.0,3.41,Maize,5.75,418
31.7,33.0,46.1,37.5,51.4,22.8,54.7,3.75,Bajra,1.43,731
54.3,32.2,44.1,349.9,162.2,39.4,61.2,3.53,Maize,3.58,869
71.3,24.3,74.3,973.9,48.4,48.8,68.6,4.57,Soybean,1.77,371
53.7,27.6,69.6,823.1,34.0,49.9,63.2,2.82,Groundnut,2.01,433
41.1,33.8,68.4,491.7,41.4,51.9,75.8,2.29,Groundnut,1.73,421
53.7,17.8,48.2,408.8,27.7,62.9,21.6,4.32,Chickpea,1.64,789
40.4,27.1,52.5,432.3,85.4,36.7,57.1,1.84,Jowar,1.96,583
60.2,26.8,64.4,1064.9,49.5,71.1,53.9,1.48,Soybean,2.39,389
73.6,28.6,87.5,1783.2,165.5,116.5,177.4,2.23,Sugarcane,11.65,125
53.7,29.5,62.9,428.3,83.1,60.9,72.5,2.73,Maize,4.44,661
51.5,17.6,42.4,180.1,31.3,58.8,42.1,4.51,Chickpea,1.6,665
57.1,31.4,59.3,990.2,132.1,39.9,56.7,3.48,Maize,4.72,272
58.4,28.1,68.9,770.0,30.7,43.6,66.4,1.48,Groundnut,2.27,581
73.2,27.9,81.4,1284.2,209.4,59.0,74.5,0.5,Rice,5.41,221
39.3,33.9,61.7,676.6,82.7,36.7,34.9,4.2,Jowar,2.04,608
61.6,21.9,70.3,369.4,155.8,34.8,56.8,1.92,Wheat,4.25,583
36.8,32.3,38.2,292.1,56.7,37.8,38.7,5.3,Bajra,2.13,949
38.9,30.1,56.8,888.2,101.2,30.7,40.5,5.02,Cotton,2.9,726
50.2,21.1,51.2,602.4,21.7,35.4,44.3,0.67,Chickpea,1.76,552
70.2,18.4,75.1,1176.5,41.6,73.9,56.6,3.45,Soybean,1.37,361
43.9,31.9,46.6,503.0,50.3,23.8,47.0,3.57,Bajra,1.89,486
66.3,23.7,87.5,795.6,62.0,76.8,54.7,3.37,Soybean,2.18,602
52.5,26.6,67.4,455.7,139.6,36.5,67.5,2.27,Cotton,2.26,605
50.6,27.2,57.6,738.5,34.0,63.6,53.8,4.56,Groundnut,2.26,793
82.9,30.9,90.8,1972.2,175.9,101.1,274.7,1.59,Sugarcane,11.82,157
47.8,24.0,55.4,641.4,32.1,54.3,69.1,3.95,Groundnut,1.6,288
65.6,23.4,65.6,104.7,105.2,31.3,51.7,4.01,Maize,4.08,832
70.1,31.6,65.2,790.9,165.8,51.5,41.8,5.12,Maize,5.35,525
77.2,27.5,73.7,973.9,178.3,50.5,108.6,1.88,Rice,4.58,442
72.1,33.0,85.6,1399.1,161.1,57.0,94.1,2.8,Rice,5.35,298
64.1,20.7,52.3,744.3,109.7,52.6,41.2,3.89,Wheat,4.47,716
56.0,24.8,59.8,1036.2,113.9,40.3,56.2,4.26,Maize,5.71,604
51.5,33.7,61.5,1181.5,98.8,35.9,79.9,3.87,Cotton,2.04,243
35.4,28.7,44.2,267.0,78.3,28.1,28.8,2.1,Jowar,2.53,896
86.5,26.6,86.1,1507.1,188.8,50.9,94.2,0.5,Rice,5.61,193
55.6,26.5,69.5,1405.3,42.7,64.4,52.3,3.79,Soybean,2.03,328
61.1,29.8,53.1,517.8,164.0,59.3,68.3,2.64,Maize,4.14,905
88.4,28.7,87.8,1541.7,208.7,42.9,97.2,0.93,Rice,5.8,404
61.6,28.8,57.6,959.8,33.4,30.5,64.1,0.5,Soybean,2.38,496
35.8,24.0,48.9,383.1,64.6,20.1,48.9,1.79,Bajra,1.58,396
58.0,25.0,64.3,603.4,27.7,57.1,60.3,2.47,Groundnut,2.11,567
82.4,23.5,81.1,1935.6,158.0,55.3,105.7,5.2,Rice,5.34,346
73.7,25.0,73.2,636.2,44.9,47.1,56.2,3.65,Soybean,2.07,455
37.8,34.2,64.6,292.2,65.9,29.9,48.9,3.8,Bajra,2.34,386
59.7,24.6,74.5,878.2,62.5,51.8,58.4,1.73,Soybean,1.76,305
58.6,23.8,50.7,875.1,121.8,46.5,81.5,2.07,Cotton,2.01,418
55.5,18.1,61.3,255.5,107.5,51.8,41.8,1.8,Wheat,3.75,642
72.3,25.5,76.8,246.1,123.7,52.1,58.3,4.31,Maize,4.41,616
53.7,16.5,48.8,287.3,26.7,47.1,27.5,3.5,Chickpea,1.59,854
57.6,29.8,65.1,1140.6,126.7,41.1,63.4,2.64,Maize,4.32,353
42.8,29.1,43.1,161.5,47.9,19.6,42.7,4.26,Bajra,1.81,782
56.2,15.1,70.1,693.3,140.2,40.0,39.6,1.66,Wheat,3.74,571
68.0,32.8,76.4,1211.5,181.6,48.9,92.7,1.14,Rice,4.77,294
47.4,17.8,75.4,545.2,136.9,23.7,39.9,3.31,Wheat,4.35,439
69.6,24.2,78.6,1151.0,114.4,47.3,56.8,5.39,Maize,4.86,693
48.3,22.8,50.8,243.6,22.5,37.1,37.5,0.5,Chickpea,1.46,718
40.3,24.1,51.5,558.1,75.2,39.4,39.1,2.08,Jowar,1.84,781
41.9,29.1,34.1,475.0,102.1,41.7,75.8,3.04,Cotton,2.95,701
76.2,27.3,74.9,2120.4,218.6,94.5,124.6,2.58,Sugarcane,9.11,289
63.4,29.0,73.5,728.2,135.0,41.3,55.8,5.38,Maize,4.52,188
61.8,19.3,48.5,572.0,113.6,52.9,52.4,2.01,Maize,4.08,661
55.0,27.0,78.3,643.8,42.7,50.2,70.8,1.82,Soybean,2.29,612
55.0,15.7,41.4,610.9,157.8,35.0,64.1,3.86,Wheat,4.71,1023
77.6,29.4,77.9,1766.9,115.8,49.4,82.1,3.43,Rice,5.49,486
81.7,24.4,61.7,2277.1,118.2,50.4,82.0,4.83,Rice,4.02,460
38.4,28.3,68.3,810.1,27.9,40.7,72.2,4.41,Groundnut,2.26,492
53.7,25.1,69.5,513.6,36.4,55.9,47.5,4.12,Soybean,1.94,419
55.0,15.4,66.9,796.1,119.0,60.8,42.8,0.69,Wheat,4.43,472
78.6,30.4,68.6,1696.5,174.8,74.3,163.5,4.19,Sugarcane,11.3,467
53.4,24.5,66.6,887.4,163.8,50.5,69.1,1.55,Maize,4.59,366
76.4,28.6,73.0,1633.9,250.0,120.0,168.6,2.78,Sugarcane,11.71,493
72.5,31.8,80.7,1345.8,250.0,50.6,146.1,4.1,Sugarcane,9.26,175
48.5,26.2,75.6,779.0,34.9,45.6,61.3,4.11,Groundnut,2.14,156
51.9,25.8,71.6,718.2,34.7,71.6,46.8,0.5,Groundnut,2.16,313
55.7,24.6,69.0,601.9,46.6,72.7,55.6,3.15,Soybean,1.99,247
38.9,19.0,49.1,83.4,26.0,47.4,43.4,5.31,Chickpea,1.66,503
63.8,28.8,66.4,367.9,136.1,55.3,29.4,5.24,Wheat,3.1,731
92.0,32.6,77.6,2500.0,137.2,120.0,155.6,4.13,Sugarcane,7.54,199
55.1,20.6,53.9,557.5,95.7,51.9,45.6,4.47,Wheat,5.23,661
46.5,19.8,59.0,367.4,106.1,43.9,45.8,3.24,Wheat,3.79,792
47.5,31.2,59.1,687.6,99.2,44.0,63.6,3.29,Cotton,3.11,767
43.4,21.7,57.7,631.6,74.9,44.7,42.3,4.5,Jowar,1.85,511
45.6,20.1,46.7,255.3,29.3,38.4,41.0,3.78,Chickpea,1.58,918
80.5,30.6,64.8,1538.7,249.5,98.5,196.2,3.25,Sugarcane,11.76,479
67.8,16.1,69.5,907.4,176.5,56.9,42.0,5.1,Wheat,3.46,463
56.8,29.3,68.2,1199.5,39.1,33.8,59.8,5.91,Soybean,2.45,504
81.5,28.2,74.6,1163.8,183.7,43.1,112.9,4.84,Rice,4.96,171
54.7,25.0,62.9,899.7,25.6,44.6,83.0,1.84,Groundnut,1.63,393
62.7,24.4,62.6,484.3,144.9,36.3,44.9,3.14,Wheat,4.03,553
39.6,23.9,50.8,900.7,139.7,49.5,73.4,3.99,Cotton,2.75,703
46.9,15.3,53.8,338.1,126.0,20.8,35.4,2.16,Wheat,3.9,596
83.4,23.5,81.9,1907.4,174.2,56.6,79.4,0.97,Rice,4.73,241
64.6,21.4,57.9,1048.6,155.8,40.7,53.0,1.81,Maize,4.48,685
64.6,29.4,85.5,1823.5,136.7,41.5,92.1,0.5,Rice,5.52,467
33.6,26.1,48.7,523.8,56.2,43.3,46.3,3.04,Jowar,1.99,788
54.8,32.6,49.5,758.6,122.8,42.0,65.3,2.24,Cotton,2.26,832
51.4,22.7,48.3,610.0,121.2,39.5,39.2,1.7,Wheat,4.17,599
53.4,22.4,50.5,521.3,35.2,43.2,33.8,4.05,Chickpea,1.42,609
65.3,22.2,82.8,1502.9,177.2,66.3,89.1,4.25,Rice,4.9,346
38.0,17.5,47.2,189.3,32.2,51.8,34.8,2.93,Chickpea,1.82,670
63.8,28.2,69.8,1133.8,147.4,30.6,58.3,3.69,Maize,5.19,353
57.8,27.4,69.8,546.7,32.2,50.0,52.5,1.36,Groundnut,2.37,762
51.4,29.0,72.0,767.8,28.4,50.8,67.3,2.6,Groundnut,2.12,429
49.7,29.0,58.7,313.5,38.1,46.7,59.2,3.42,Groundnut,2.13,471
58.3,20.1,54.9,985.3,108.9,30.9,38.5,2.22,Wheat,3.34,642
43.9,29.3,46.6,534.5,92.9,36.0,71.1,5.05,Cotton,2.9,967
52.9,17.4,77.7,546.4,155.7,51.7,47.0,5.0,Wheat,4.91,457
54.1,25.9,74.1,44.0,121.6,41.9,71.8,3.76,Cotton,1.64,727
61.7,26.2,71.6,553.2,120.1,51.7,45.6,2.78,Wheat,4.43,423
72.7,27.3,75.7,1873.8,103.5,39.4,87.6,1.72,Rice,4.99,227
71.0,30.0,68.2,1328.4,133.5,43.4,90.0,4.6,Rice,5.29,313
68.0,26.3,63.2,1056.9,142.5,38.6,31.9,7.0,Maize,4.78,470
61.3,25.3,52.9,664.8,53.8,52.3,57.7,3.27,Soybean,1.96,906
51.8,27.9,45.0,505.7,88.8,39.4,80.5,4.26,Cotton,2.02,517
72.9,31.7,80.6,1890.4,166.9,63.7,73.4,4.7,Rice,4.92,524
57.3,19.3,48.2,954.6,143.2,53.7,53.5,0.5,Wheat,3.84,465
57.0,21.5,44.6,742.1,127.3,51.1,37.2,2.6,Wheat,4.22,636
67.9,18.6,62.8,854.1,145.1,47.0,42.2,3.19,Wheat,3.67,651
66.3,24.7,59.6,1226.7,35.0,53.2,59.7,3.59,Soybean,1.89,597
57.0,29.2,76.0,709.1,38.2,74.6,41.1,4.16,Soybean,2.37,481
31.4,34.7,38.9,522.3,92.0,48.4,75.2,3.55,Cotton,2.64,479
49.5,22.3,42.2,472.2,125.3,55.6,51.9,2.19,Wheat,4.33,775
52.1,26.3,54.0,721.6,120.8,65.7,68.2,0.5,Maize,5.67,448
68.2,27.8,73.8,626.8,169.8,55.3,67.0,4.21,Maize,4.93,863
60.3,26.2,59.3,745.7,89.4,46.0,82.0,1.68,Maize,4.96,529
54.8,26.5,62.0,820.8,55.6,29.6,36.7,3.63,Bajra,1.23,561
67.8,28.5,67.0,1368.8,23.7,75.0,58.3,3.36,Soybean,1.88,246
52.2,22.8,71.3,812.5,167.1,55.7,48.0,2.91,Maize,5.51,386
60.3,24.7,63.2,913.5,31.5,53.4,38.4,4.94,Soybean,2.47,311
55.8,18.4,55.0,815.3,111.1,48.2,28.9,6.33,Wheat,4.24,739
46.5,19.0,67.2,135.9,139.0,43.9,37.7,4.49,Wheat,3.98,538
49.8,26.6,57.8,789.4,97.3,44.7,70.2,6.72,Cotton,2.47,656
64.2,22.0,48.3,587.4,95.1,71.8,52.9,4.3,Wheat,4.18,558
45.9,26.3,78.7,559.4,34.3,72.4,48.6,1.19,Soybean,1.99,357
67.4,26.3,53.5,605.6,112.6,50.2,39.3,1.56,Maize,5.41,824
52.4,29.9,51.2,625.6,26.0,53.9,67.6,3.69,Groundnut,2.16,488
74.1,30.7,84.2,1352.8,182.4,57.0,71.5,2.42,Rice,5.32,24
84.0,27.2,78.1,1861.0,250.0,82.3,133.9,0.61,Sugarcane,9.7,352
66.7,26.1,65.0,612.9,143.2,33.8,35.6,2.28,Maize,4.65,358
84.1,29.2,84.9,1866.9,199.6,31.3,106.4,6.38,Rice,5.64,179
68.2,23.9,54.0,360.4,124.0,44.9,48.1,3.98,Wheat,4.73,791
60.2,19.5,59.7,697.6,157.4,74.6,42.7,1.64,Wheat,4.76,439
34.8,25.3,46.2,653.6,79.5,33.1,38.5,0.5,Jowar,1.87,808
92.0,32.8,83.4,1856.2,195.0,54.3,61.2,2.5,Rice,3.77,151
83.3,28.2,74.0,1740.9,233.7,120.0,223.5,3.62,Sugarcane,10.17,560
86.0,29.3,85.1,1331.8,182.8,67.4,113.5,5.84,Rice,5.16,505
81.6,27.5,80.6,1618.1,150.3,56.8,86.7,4.89,Rice,6.9,225
44.6,24.1,57.7,478.2,31.9,45.8,64.4,3.0,Groundnut,1.9,575
36.5,17.8,58.3,515.5,29.5,25.5,32.8,2.93,Chickpea,1.88,470
72.9,23.9,75.9,1201.1,210.1,53.6,96.2,1.22,Rice,5.08,409
85.3,28.9,97.7,2033.6,139.3,58.6,89.0,1.72,Rice,5.56,347
47.9,30.4,73.1,718.3,37.9,34.2,52.6,2.63,Soybean,2.22,234
81.7,24.7,75.4,1309.5,156.7,44.2,112.7,3.72,Rice,5.18,511
55.7,24.4,76.9,800.6,53.0,65.4,52.9,1.8,Soybean,2.31,214
42.4,22.6,49.1,451.1,23.8,43.1,38.9,2.72,Chickpea,1.91,541
57.0,27.8,68.9,784.1,202.6,40.9,50.9,0.5,Maize,5.42,206
73.1,25.4,58.9,1012.5,55.8,61.3,34.2,5.71,Soybean,2.23,858
67.9,19.8,62.1,786.2,126.3,31.3,39.0,2.05,Wheat,4.41,545
59.2,26.6,65.0,649.8,58.2,61.3,31.8,2.02,Soybean,2.37,568
45.8,19.0,50.7,574.4,25.8,38.9,49.8,4.43,Chickpea,1.56,544
80.1,33.3,71.1,1469.2,201.5,82.6,103.2,2.3,Sugarcane,8.74,546
54.6,18.1,62.8,637.1,107.3,62.1,35.9,4.4,Wheat,4.86,223
59.2,22.2,67.0,693.1,111.9,55.6,20.0,4.69,Wheat,3.96,513
36.7,27.6,50.6,402.5,57.2,22.4,40.2,4.63,Bajra,1.88,1011
48.1,31.1,70.1,823.7,155.9,51.4,50.4,4.19,Maize,4.47,409
53.2,28.7,68.4,1030.6,35.7,56.5,77.1,2.17,Groundnut,2.08,458
73.4,25.9,77.4,1380.6,213.1,81.4,143.5,5.23,Sugarcane,8.01,450
85.7,29.7,82.3,2292.9,174.6,83.1,189.5,4.67,Sugarcane,9.14,97
35.6,28.7,62.2,861.2,122.4,41.7,69.8,2.59,Cotton,2.66,529
42.6,14.3,60.3,338.4,34.8,54.4,30.6,1.25,Chickpea,1.65,755
48.5,18.4,62.6,273.5,25.3,46.4,22.3,4.16,Chickpea,1.55,626
45.1,34.0,47.3,735.1,50.7,29.5,26.5,2.52,Bajra,1.44,712
34.8,30.7,50.2,452.0,61.6,20.6,41.1,5.21,Bajra,2.22,612
44.8,17.7,64.5,348.8,26.4,29.9,31.8,3.07,Chickpea,1.62,621
38.8,23.5,63.1,592.5,136.1,52.1,64.0,4.62,Wheat,3.27,561
60.5,30.1,75.0,1861.9,203.2,70.3,102.6,2.36,Rice,4.96,534
39.4,18.1,56.2,480.3,29.1,27.1,34.0,4.98,Chickpea,1.92,732
78.3,30.0,82.8,1974.7,174.7,51.7,71.4,3.01,Rice,5.16,211
65.0,25.0,68.2,757.0,38.1,80.6,59.2,3.48,Soybean,2.31,112
53.8,27.6,50.0,490.4,62.9,28.4,49.4,6.52,Jowar,1.86,774
42.2,23.5,53.9,644.5,133.6,44.6,79.8,0.5,Maize,4.02,733
80.1,28.5,80.8,1491.0,189.7,64.7,96.9,1.87,Rice,4.73,168
66.2,31.5,55.6,1198.7,64.1,93.9,57.5,4.33,Soybean,2.07,224
43.5,28.8,61.8,894.7,126.4,36.7,62.1,2.34,Cotton,3.16,347
54.3,28.5,64.9,778.8,55.4,53.4,46.2,4.01,Soybean,2.49,658
87.8,26.3,67.2,1929.9,238.7,98.3,141.3,2.09,Sugarcane,10.47,190
48.9,33.3,43.2,331.2,75.5,38.0,45.9,5.02,Jowar,1.78,656
32.8,33.1,57.5,47.2,84.8,30.1,32.2,2.48,Jowar,1.58,696
35.1,28.9,53.6,560.8,57.9,30.5,34.6,1.12,Bajra,1.94,819
81.8,29.6,75.7,1396.1,191.1,101.9,184.5,4.07,Sugarcane,10.97,353
22.9,32.3,37.4,263.0,66.0,22.2,50.1,2.91,Bajra,1.7,754
86.9,30.0,86.8,2395.6,179.6,49.2,77.6,2.71,Rice,4.03,107
65.0,31.5,67.7,524.2,126.4,55.6,57.6,1.42,Maize,3.97,778
59.6,19.0,46.8,352.5,139.3,41.1,49.6,2.88,Wheat,4.83,867
87.7,24.3,80.2,1516.5,178.5,62.5,80.6,2.72,Rice,5.8,297
41.2,26.5,60.1,633.8,35.9,46.4,89.8,3.87,Groundnut,2.14,354
54.0,29.1,71.5,962.2,45.9,36.6,60.2,2.4,Soybean,2.31,317
48.3,32.9,47.1,493.5,95.4,27.8,58.2,4.4,Cotton,2.17,773
82.6,25.3,76.2,1461.1,229.6,28.0,81.7,4.04,Rice,5.56,233
51.7,28.9,49.8,564.7,63.5,32.9,38.0,5.11,Bajra,1.55,794
46.6,30.1,60.2,691.3,138.9,28.6,61.6,4.98,Maize,4.25,618
91.5,29.2,82.4,1417.1,148.5,55.7,109.4,3.22,Rice,5.46,353
54.6,24.6,67.0,1203.7,147.9,33.9,52.9,4.51,Maize,4.95,546
32.6,31.5,42.1,540.0,60.6,30.2,30.7,2.49,Bajra,1.9,790
58.6,35.0,48.5,530.1,113.6,44.2,91.7,3.48,Cotton,2.17,537
43.1,32.0,51.9,251.5,82.5,34.8,40.5,4.51,Jowar,1.74,627
61.7,20.5,56.7,435.2,115.5,46.1,38.1,3.17,Wheat,4.92,984
46.7,28.5,52.7,887.1,144.5,37.9,61.1,5.19,Cotton,3.08,408
89.3,23.2,83.0,1879.0,180.5,54.1,93.3,4.29,Rice,5.18,184
68.8,26.5,89.9,1339.1,181.7,66.1,85.7,4.43,Rice,6.07,434
45.7,28.2,53.1,1013.5,86.8,48.7,40.8,3.38,Cotton,3.03,552
67.9,28.4,66.5,1076.6,123.4,31.0,71.1,1.47,Maize,4.96,338
79.1,28.2,81.7,1330.6,140.3,49.2,86.5,3.87,Rice,4.38,117
62.8,27.4,50.0,664.6,135.0,36.2,76.9,5.91,Maize,4.6,726
59.9,17.5,66.2,728.9,158.1,40.4,43.9,4.27,Wheat,4.2,669
43.2,22.2,57.7,224.0,21.1,37.4,32.3,4.99,Chickpea,1.53,856
59.5,26.3,74.0,1006.4,49.3,76.4,53.8,3.27,Soybean,2.59,424
46.0,16.9,41.7,247.6,24.8,46.5,40.5,1.73,Chickpea,1.44,907
37.8,16.5,62.7,473.6,33.4,43.9,36.9,2.73,Chickpea,1.8,410
44.1,17.9,41.2,399.3,27.4,44.2,37.9,4.77,Chickpea,2.01,759
41.9,22.0,52.3,375.2,26.1,61.4,35.3,2.02,Chickpea,1.71,555
29.4,32.9,37.6,353.8,60.0,28.2,24.2,2.97,Bajra,2.09,787
80.7,24.3,81.5,1565.5,197.4,40.6,115.8,4.2,Rice,5.47,414
40.3,31.5,67.5,805.2,71.9,38.1,49.1,2.52,Jowar,2.1,657
67.3,25.3,76.9,1245.0,202.1,35.6,99.6,3.37,Rice,6.01,212
73.0,30.0,60.3,1550.5,169.9,110.3,194.9,3.95,Sugarcane,12.0,649
44.0,17.8,54.2,748.1,142.0,59.5,39.8,3.29,Wheat,4.06,528
48.6,25.2,43.5,514.6,59.0,43.5,33.9,4.11,Jowar,1.86,547
49.9,25.3,61.2,1179.1,34.9,62.3,49.9,1.74,Soybean,1.95,466
45.1,21.9,61.3,565.8,100.3,49.2,42.5,2.53,Wheat,3.41,343
67.7,20.3,59.4,370.7,106.2,38.2,31.1,3.74,Wheat,3.68,609
51.6,31.2,62.9,419.0,32.1,63.6,49.3,1.71,Groundnut,2.1,621
34.8,27.9,60.1,484.9,57.8,34.0,52.8,3.49,Jowar,1.95,558
80.2,22.9,89.8,822.9,167.4,31.9,89.0,2.31,Rice,4.5,406
58.7,28.8,59.8,592.1,174.0,54.6,70.3,4.61,Maize,4.51,529
49.6,14.8,70.1,586.1,145.1,33.0,46.8,2.46,Wheat,4.33,499
59.7,31.2,75.0,444.4,30.8,34.1,55.7,5.47,Soybean,1.67,255
46.9,33.4,72.6,826.4,26.4,51.3,58.7,2.45,Groundnut,1.92,455
79.8,29.1,78.5,1411.7,168.3,57.5,89.2,0.59,Rice,5.62,203
53.9,23.8,69.9,627.2,145.0,41.5,42.9,1.95,Wheat,4.82,425
66.8,21.3,66.1,1088.5,37.9,55.2,35.7,6.17,Soybean,1.56,451
65.6,22.9,64.9,1140.5,152.1,47.0,49.1,0.89,Maize,5.34,498
77.3,30.9,75.3,1149.9,151.5,32.1,78.7,1.55,Rice,4.65,133
61.1,17.2,73.0,614.5,116.6,51.4,58.0,3.85,Wheat,4.09,230
74.3,28.7,87.3,1821.9,183.4,46.4,79.5,0.89,Rice,5.9,191
84.5,28.8,78.4,1864.1,136.9,53.3,115.6,4.79,Rice,5.42,360
69.9,31.0,74.8,1509.3,196.4,63.5,66.6,0.5,Rice,4.08,405
84.8,30.8,72.0,2022.6,249.3,113.0,211.5,3.03,Sugarcane,9.97,450
53.9,22.3,82.6,897.2,42.4,81.1,54.3,3.91,Soybean,2.11,567
53.8,24.9,49.5,274.2,126.4,59.0,27.6,2.89,Wheat,3.67,769
71.6,19.5,72.1,645.5,166.4,45.7,45.6,1.1,Wheat,4.99,472
54.8,27.5,59.9,848.9,97.7,44.8,65.0,4.11,Cotton,3.03,385
37.6,25.2,52.2,551.7,96.5,39.0,70.7,0.5,Cotton,2.72,494
35.3,17.8,52.2,473.1,33.0,37.2,24.8,3.41,Chickpea,1.97,577
60.0,17.5,44.5,700.3,117.0,45.3,41.6,2.54,Wheat,4.17,720
54.3,23.0,66.8,1377.9,49.1,64.0,49.3,2.9,Soybean,1.79,458
51.3,26.2,76.0,749.8,137.9,60.0,48.0,5.91,Cotton,2.8,433
55.1,25.1,68.0,788.8,117.6,39.6,44.8,3.88,Maize,5.82,465
43.4,17.9,58.0,273.8,31.9,54.0,37.1,0.5,Chickpea,1.76,729
68.4,29.8,73.8,1893.0,143.5,62.6,57.4,1.81,Rice,5.17,346
57.7,26.0,81.4,316.1,140.7,59.2,49.4,5.1,Wheat,3.8,491
44.8,21.3,48.2,771.2,34.2,71.0,57.3,4.72,Groundnut,2.13,691
51.0,34.2,64.9,743.0,32.3,35.9,83.0,2.82,Groundnut,1.63,435
68.9,19.8,73.2,639.9,137.1,54.5,36.0,2.47,Wheat,4.08,308
75.3,29.1,70.9,1647.6,164.6,57.5,96.6,3.71,Rice,6.38,437
41.0,30.7,54.0,335.5,104.1,23.6,67.2,5.51,Cotton,2.8,717
45.0,29.0,63.1,681.1,36.7,41.7,64.2,0.5,Groundnut,2.1,507
58.9,28.2,77.3,749.9,45.7,47.8,62.2,1.56,Groundnut,2.26,358
83.4,21.2,81.6,1723.0,198.0,47.6,90.2,1.15,Rice,4.69,634
61.9,19.5,56.5,380.2,162.8,46.6,43.2,2.13,Wheat,4.2,511
49.5,28.6,52.4,1014.8,113.5,34.6,70.2,4.46,Cotton,2.81,548
61.6,11.1,57.4,521.5,117.6,40.7,43.3,3.63,Wheat,4.08,646
61.5,30.4,56.8,671.0,126.6,48.6,53.0,1.36,Maize,4.94,412
57.5,29.4,60.7,1265.9,45.6,44.7,54.8,3.64,Soybean,2.09,504
47.4,17.7,49.5,296.1,29.5,40.5,27.5,3.18,Chickpea,2.01,968
56.8,27.8,33.8,440.6,50.1,26.8,41.0,6.62,Jowar,1.9,919
73.8,23.4,76.1,1663.4,151.3,70.2,73.6,3.51,Rice,5.7,421
47.2,17.9,73.0,354.1,125.9,56.6,42.3,2.7,Wheat,4.56,597
40.9,31.1,50.9,507.9,107.3,36.3,57.6,2.78,Cotton,2.86,672
69.8,27.7,75.1,1626.9,177.4,58.2,125.9,2.58,Rice,7.43,483
63.1,16.8,58.8,608.7,129.2,51.0,46.2,4.35,Wheat,4.78,559
33.2,35.5,44.7,470.2,56.3,25.9,42.2,2.65,Jowar,1.76,637
81.3,31.5,85.4,1512.4,166.4,59.1,105.5,0.5,Rice,5.17,295
70.6,28.2,69.0,750.5,168.5,52.4,52.7,4.75,Rice,4.54,627
33.5,18.9,59.3,418.2,29.3,58.9,39.2,2.98,Chickpea,1.57,655
65.7,27.2,42.6,868.9,123.9,42.8,52.2,1.76,Wheat,3.27,777
41.4,27.0,54.5,1168.1,123.6,48.7,46.1,1.39,Cotton,2.36,233
58.6,23.4,69.6,1003.4,34.1,61.9,32.8,3.21,Soybean,2.05,634
61.6,21.2,58.4,906.7,53.7,40.8,57.2,4.54,Soybean,2.17,912
41.9,31.2,66.6,468.5,88.3,25.1,42.5,3.24,Bajra,2.19,748
82.7,30.4,68.2,1894.3,205.4,95.7,166.9,2.45,Sugarcane,12.0,303
66.0,27.9,59.2,560.2,150.4,64.6,35.7,2.46,Wheat,3.73,455
75.9,26.3,77.2,1966.9,167.1,39.7,81.0,1.37,Rice,4.92,327
42.4,18.2,58.7,716.4,133.6,52.6,51.4,3.88,Wheat,4.07,418
85.2,29.4,73.5,1860.4,204.0,99.7,192.6,0.7,Sugarcane,11.17,432
43.1,17.5,56.9,313.9,34.9,51.7,32.8,3.42,Chickpea,1.84,553
25.5,33.6,28.6,80.5,51.4,31.4,33.5,5.14,Bajra,1.44,981
40.7,20.6,40.3,168.3,34.7,32.3,29.7,1.55,Chickpea,1.67,973
70.0,25.1,72.4,1211.7,137.1,41.8,32.9,4.5,Maize,4.94,87
81.8,29.7,76.2,955.8,158.2,46.3,93.6,2.52,Rice,5.52,450
75.0,30.7,83.1,1660.6,172.2,66.6,66.4,4.11,Rice,5.61,170
67.9,28.8,65.6,1226.1,190.3,46.3,101.7,3.66,Rice,5.64,234
62.3,20.1,65.9,531.0,114.2,46.5,39.2,1.64,Wheat,4.05,443
53.6,21.5,53.3,273.9,27.0,47.3,36.8,4.91,Chickpea,1.68,631
75.7,22.8,73.2,1696.3,185.8,55.6,82.6,3.35,Rice,4.98,500
73.8,33.2,76.3,1157.3,113.7,52.6,109.6,5.02,Rice,4.93,144
91.5,31.8,81.1,2043.8,230.3,60.5,255.8,1.06,Sugarcane,8.43,415
36.2,39.9,55.7,460.2,46.2,33.6,44.9,4.82,Bajra,1.82,938
51.0,30.5,73.9,786.1,36.5,37.2,32.2,2.95,Groundnut,1.99,536
55.5,18.1,57.3,472.0,157.7,29.0,33.0,0.82,Wheat,4.17,697
84.2,22.8,74.6,647.7,170.5,41.4,38.7,1.92,Maize,3.93,454
71.5,26.2,67.8,1163.6,236.3,114.3,193.2,3.02,Sugarcane,8.78,261
56.4,27.8,57.8,761.1,27.6,49.6,59.1,2.38,Groundnut,2.25,655
40.7,29.1,46.0,339.3,76.4,28.6,41.9,2.15,Jowar,2.4,768
41.7,28.2,45.4,329.7,118.0,44.5,76.6,1.52,Cotton,2.79,827
43.2,33.0,67.2,1104.3,121.1,33.3,67.5,4.67,Cotton,2.55,853
92.0,27.0,88.2,1566.4,152.9,56.3,70.2,2.33,Rice,5.42,369
40.4,24.4,39.9,387.3,61.9,37.0,37.4,4.36,Jowar,1.92,808
78.0,29.1,67.3,1908.9,158.5,86.6,186.0,3.76,Sugarcane,10.87,599
67.5,21.3,66.9,878.6,59.7,50.8,47.2,2.17,Soybean,1.82,278
56.4,20.8,69.6,746.1,102.3,42.5,46.6,3.42,Wheat,4.52,305
42.3,13.4,69.2,568.7,23.6,60.3,41.6,3.35,Chickpea,1.26,450
55.0,30.9,52.5,1395.4,129.0,41.5,54.2,6.06,Cotton,2.44,432
70.7,31.4,80.7,1840.3,159.9,42.7,106.4,6.79,Rice,5.82,382
63.9,28.4,77.0,1648.4,146.2,58.0,97.6,6.24,Rice,5.45,270
41.4,25.8,57.2,918.2,77.4,26.1,63.6,1.92,Cotton,2.53,827
73.8,27.7,77.0,892.1,177.8,49.4,60.2,0.91,Rice,5.04,643
37.2,34.5,45.2,705.4,82.3,21.5,33.6,3.34,Jowar,2.04,792
46.6,32.9,52.8,638.5,119.5,37.1,76.4,3.11,Cotton,2.72,566
59.0,25.6,69.7,636.4,173.8,51.3,51.0,6.78,Wheat,3.85,591
55.8,16.4,53.9,357.3,133.6,58.0,51.2,4.13,Wheat,4.85,777
44.6,16.9,56.0,691.9,141.1,42.9,67.0,2.09,Wheat,4.06,429
79.5,26.7,91.6,947.8,176.4,42.5,107.8,0.5,Rice,5.53,352
34.1,26.8,64.6,481.2,68.5,40.0,49.0,1.44,Jowar,2.24,664
63.4,20.6,61.9,1105.4,132.8,28.0,70.3,3.75,Maize,4.44,530
32.9,35.8,61.1,262.0,58.6,33.9,66.0,5.04,Bajra,1.66,853
58.9,26.2,59.0,1012.1,37.6,65.7,53.1,3.36,Groundnut,1.85,719
60.0,30.4,74.5,794.8,37.6,57.3,62.5,2.9,Groundnut,2.3,310
57.8,27.1,57.0,658.0,112.7,32.5,53.4,5.04,Maize,5.52,611
83.1,26.3,83.2,1266.6,177.0,56.1,99.3,3.08,Rice,5.47,189
48.4,27.9,49.7,358.4,60.6,29.1,43.4,2.28,Jowar,2.34,771
60.3,25.2,55.9,666.7,158.5,54.9,49.0,0.5,Maize,5.59,464
44.5,28.2,15.3,438.5,77.8,32.6,41.3,3.09,Bajra,1.78,1008
51.4,30.2,73.9,554.5,44.7,56.3,47.0,4.12,Soybean,1.81,533
46.1,27.6,56.2,502.3,92.3,36.6,69.9,2.1,Cotton,2.68,767
65.3,29.2,69.1,317.9,138.9,43.5,58.6,0.66,Maize,4.28,518
32.3,16.3,42.4,381.6,20.0,42.6,44.8,0.51,Chickpea,1.69,501
63.9,26.5,76.2,1226.0,47.5,58.8,59.7,3.14,Soybean,2.27,646
51.7,24.6,40.8,396.3,32.0,48.7,43.2,2.54,Chickpea,1.34,709
62.9,26.6,65.9,1010.2,155.5,42.0,68.0,3.63,Maize,5.16,691
67.7,26.5,77.4,1914.5,109.6,51.3,106.4,4.0,Rice,4.35,355
61.0,22.5,65.4,900.4,156.7,53.5,56.5,4.85,Maize,4.43,600
43.1,19.4,31.0,212.7,29.0,40.3,35.9,3.57,Chickpea,1.79,1023
72.8,26.9,82.8,1249.7,160.7,50.4,88.6,3.27,Rice,6.48,376
76.3,24.6,60.5,1053.0,46.9,67.7,61.6,4.64,Soybean,2.21,731
64.1,23.8,77.5,1224.2,123.0,50.1,52.2,5.03,Maize,4.81,133
33.1,36.0,48.0,543.7,144.0,39.2,57.7,3.58,Cotton,2.09,806
64.4,20.6,57.0,330.5,200.6,46.4,53.1,6.36,Wheat,3.86,594
76.3,27.0,88.3,2500.0,142.0,55.4,57.6,3.47,Rice,4.12,156
63.0,24.3,67.2,967.7,54.0,69.8,44.4,2.84,Soybean,2.5,474
53.5,18.9,52.2,616.1,94.7,45.9,32.8,2.22,Wheat,4.86,686
59.7,30.7,57.1,551.5,109.9,50.3,87.9,0.5,Cotton,2.76,861
48.5,33.5,56.7,485.5,139.2,56.8,64.6,0.5,Cotton,2.54,328
42.2,30.2,53.0,819.5,64.2,29.0,41.6,2.56,Bajra,1.64,609
36.5,26.7,65.2,470.2,23.4,45.5,40.9,3.1,Groundnut,1.45,441
36.6,26.6,55.2,580.1,103.9,35.7,68.0,6.08,Cotton,2.83,795
58.7,16.4,49.8,746.2,162.0,45.0,40.6,6.41,Wheat,4.14,569
72.1,28.6,88.5,1470.5,138.1,50.1,84.3,2.91,Rice,6.45,335
41.1,26.9,61.6,882.1,39.1,62.1,74.5,1.67,Groundnut,2.13,466
39.0,26.3,40.0,433.9,117.9,28.8,69.6,3.95,Cotton,2.32,841
58.7,22.9,73.3,918.9,156.7,37.3,42.4,1.69,Maize,5.48,589
66.6,25.1,69.3,643.5,131.7,29.1,63.9,1.64,Maize,5.38,436
44.8,16.0,59.4,403.0,29.0,56.7,22.1,3.73,Chickpea,1.75,612
75.7,27.9,68.3,1926.6,141.2,48.1,113.0,3.08,Rice,6.09,127
54.5,29.2,56.7,384.5,79.0,42.9,40.0,4.39,Bajra,1.67,674
59.7,20.5,69.3,1176.5,26.0,64.9,77.5,2.59,Soybean,2.07,563
57.6,20.9,71.8,1128.2,177.7,54.7,43.3,5.68,Maize,4.94,331
64.0,25.0,76.0,1020.7,140.1,55.6,107.4,5.3,Rice,4.43,572
89.1,27.0,78.4,1620.1,164.1,48.9,84.9,2.4,Rice,4.58,0
54.5,29.8,61.6,394.9,139.3,43.0,57.2,5.17,Maize,3.99,302
56.3,28.0,60.3,571.1,38.8,77.9,58.8,5.45,Soybean,2.45,362
64.2,30.8,58.7,903.0,79.2,33.2,57.4,2.39,Maize,4.66,472
58.9,21.4,55.2,675.6,44.5,82.5,48.8,4.38,Soybean,1.73,606
54.2,23.1,51.5,567.4,133.8,39.8,37.5,1.55,Wheat,4.51,631
50.7,11.7,74.1,584.7,100.1,53.2,36.7,4.84,Wheat,3.69,457
54.0,29.4,65.3,991.1,118.1,37.6,29.4,3.01,Cotton,2.38,597
28.3,27.3,46.5,186.6,77.1,31.9,46.9,4.21,Jowar,1.87,648
84.2,29.5,83.6,1386.3,188.6,67.9,79.8,2.41,Rice,5.43,108
52.4,19.1,55.1,280.8,122.4,84.6,39.8,1.32,Wheat,4.68,459
60.1,19.5,59.9,668.1,163.1,43.6,40.8,2.57,Wheat,4.4,895
75.4,26.9,89.7,1901.0,184.8,49.8,95.8,0.5,Rice,5.2,0
83.5,28.5,70.0,677.6,152.8,60.1,78.4,3.52,Rice,4.41,460
80.8,29.9,75.5,2012.7,224.5,120.0,186.0,3.09,Sugarcane,11.82,516
49.2,24.7,51.7,515.2,67.7,32.2,50.3,0.5,Jowar,1.86,723
31.8,14.5,62.3,742.5,29.5,47.7,26.4,6.43,Chickpea,1.29,411
80.7,29.8,92.3,2222.9,180.6,55.9,77.6,1.56,Rice,4.65,180
72.9,25.5,75.2,1216.4,115.4,50.1,89.4,6.59,Rice,5.3,515
49.0,28.4,43.6,704.5,64.2,44.6,48.8,1.47,Jowar,2.12,871
51.2,17.9,51.0,345.8,168.9,45.0,28.7,4.18,Wheat,4.07,534
69.5,30.4,66.4,1256.9,177.4,59.8,129.8,3.22,Rice,6.04,560
63.3,24.2,66.8,517.2,183.2,34.2,25.1,5.55,Wheat,3.4,572
41.1,19.9,39.5,348.8,30.6,52.3,21.9,6.52,Chickpea,1.97,920
56.2,19.0,47.8,423.1,146.4,29.8,35.4,0.5,Wheat,4.82,902
41.6,32.2,47.6,691.5,79.5,30.6,32.3,8.51,Jowar,1.9,604
69.8,25.7,55.0,1053.6,49.8,55.8,61.9,2.5,Soybean,2.09,332
25.5,31.7,59.2,471.6,71.0,21.9,48.6,2.51,Bajra,1.64,659
58.7,22.0,52.3,521.3,144.5,50.0,57.3,2.5,Wheat,3.84,919
48.0,26.0,63.5,944.3,41.6,54.7,56.2,1.1,Soybean,2.12,611
68.3,26.1,57.3,488.9,154.8,49.6,44.1,3.18,Maize,5.4,646
46.2,22.9,62.3,340.2,50.8,43.2,38.8,6.06,Jowar,1.92,962
41.4,32.8,33.3,676.8,57.9,29.7,34.8,4.01,Jowar,1.88,593
58.4,17.7,65.1,821.5,142.3,57.5,20.0,3.7,Wheat,4.89,648
66.4,20.6,63.0,772.8,159.2,40.9,60.8,5.45,Maize,4.79,442
55.6,18.4,46.0,273.0,107.8,54.2,33.8,2.77,Wheat,4.28,723
40.8,26.3,47.2,311.5,117.4,51.8,42.2,1.04,Wheat,3.02,717
60.6,17.3,51.8,540.1,135.6,63.5,46.3,1.14,Wheat,4.42,879
51.3,19.3,46.9,375.6,144.4,32.4,51.5,4.55,Wheat,4.81,553
57.3,30.3,57.8,836.6,119.0,33.6,51.4,4.06,Cotton,2.71,480
79.2,33.4,78.7,1333.8,185.5,76.9,190.6,1.71,Sugarcane,9.63,95
55.6,17.9,49.5,582.0,32.2,57.8,41.4,3.22,Chickpea,1.61,732
25.7,33.6,47.9,910.2,69.7,29.6,43.3,4.22,Bajra,1.51,558
45.2,30.7,47.3,693.7,79.4,27.7,37.7,2.86,Jowar,1.75,724
90.0,27.6,64.8,1796.1,250.0,44.5,196.6,0.5,Sugarcane,11.48,222
40.1,29.1,43.0,619.7,51.5,31.3,42.7,4.09,Bajra,1.74,642
70.4,27.5,75.5,684.7,35.9,69.5,45.5,3.96,Soybean,2.01,605
40.3,27.7,35.4,474.5,50.6,28.5,36.2,4.48,Bajra,1.84,734
40.6,29.2,66.6,617.2,51.6,22.2,39.2,4.96,Jowar,2.02,619
39.5,28.4,31.5,354.7,68.2,38.4,47.8,3.18,Jowar,1.72,877
54.3,23.2,68.8,780.2,53.3,80.1,40.1,1.48,Soybean,2.0,429
49.7,25.6,44.4,309.3,110.6,52.9,36.7,1.36,Wheat,3.3,480
52.7,28.2,68.7,1077.3,56.0,72.9,68.1,3.21,Soybean,2.25,600
47.9,28.0,80.4,1230.6,31.8,51.0,51.4,5.35,Groundnut,1.81,369
81.4,26.6,81.6,1648.8,231.7,43.1,101.7,3.84,Rice,5.96,441
66.8,24.8,82.0,1211.7,59.1,58.8,54.5,3.48,Soybean,1.7,21
51.9,21.4,68.8,368.8,55.4,66.7,66.4,4.31,Soybean,1.9,280
75.8,29.5,75.8,1230.6,188.3,57.6,74.6,3.25,Rice,5.55,43
45.8,19.0,47.0,182.3,25.8,50.8,34.8,2.07,Chickpea,1.65,583
51.1,28.0,92.8,1130.9,50.3,58.6,56.4,0.51,Soybean,2.0,433
57.7,20.2,56.7,413.1,127.4,64.0,53.2,2.16,Wheat,4.58,711
59.2,16.4,64.6,559.1,120.9,65.9,47.5,4.08,Wheat,4.22,540
74.2,23.6,88.4,1523.0,151.0,60.4,96.4,2.66,Rice,5.51,280
42.5,32.4,66.2,489.1,92.6,32.7,66.9,5.94,Maize,3.55,659
47.6,19.7,53.2,493.9,31.1,48.8,20.0,3.36,Chickpea,1.67,593
89.2,27.7,79.9,2500.0,164.3,108.0,96.6,2.39,Sugarcane,8.55,279
43.8,18.7,50.8,340.5,38.1,42.4,45.0,1.91,Chickpea,2.2,697
56.7,30.9,51.8,296.6,93.1,44.2,90.2,2.1,Cotton,2.51,334
33.5,24.4,55.6,429.2,20.9,32.8,30.8,3.74,Chickpea,1.56,570
54.7,27.4,54.6,1007.3,104.2,35.8,66.3,5.46,Cotton,2.25,777
42.6,30.4,61.7,722.5,96.4,38.2,60.0,1.79,Cotton,2.88,485
66.4,24.8,74.1,1583.8,180.2,48.9,128.5,1.97,Rice,4.62,324
80.3,27.6,87.6,1856.9,200.6,49.2,108.9,3.05,Rice,5.66,139
90.2,24.5,82.4,1265.2,161.7,44.1,74.6,1.96,Rice,4.64,249
59.7,28.6,56.8,791.9,40.4,46.2,51.9,2.26,Groundnut,2.17,750
79.5,29.0,75.2,1667.7,154.3,61.9,109.4,3.69,Rice,5.63,287
41.1,19.6,56.5,505.1,128.9,59.2,39.9,3.82,Wheat,4.18,456
60.6,24.7,63.1,1086.1,49.6,59.0,68.7,1.22,Soybean,2.02,7
51.0,17.2,63.0,598.6,129.9,32.9,43.3,2.58,Wheat,4.4,464
53.3,20.0,52.5,328.2,24.5,41.8,37.7,2.26,Chickpea,1.81,360
66.2,32.2,54.2,644.8,75.5,52.4,69.9,4.66,Cotton,2.22,331
39.4,24.9,48.6,552.6,83.3,40.1,82.6,0.57,Cotton,2.5,789
62.8,18.7,50.9,979.3,187.6,47.9,37.1,2.25,Wheat,4.46,708
76.5,25.7,76.3,910.9,151.0,69.0,91.5,1.84,Rice,5.04,113
35.7,30.0,47.1,299.7,77.6,30.2,40.1,3.77,Bajra,1.81,837
69.6,19.0,72.4,798.1,109.7,46.6,53.2,3.08,Wheat,4.07,525
71.3,27.6,89.6,1020.0,216.6,58.8,122.3,4.05,Rice,6.63,182
53.6,19.0,59.1,302.9,180.4,38.8,48.2,2.8,Wheat,4.3,733
77.4,28.1,77.0,1981.2,168.5,44.6,113.0,1.81,Rice,4.81,31
43.7,18.6,64.4,799.6,136.4,46.8,39.3,1.83,Wheat,3.59,329
66.5,23.6,68.2,697.7,97.3,67.6,50.0,2.19,Wheat,4.04,276
85.4,27.7,89.1,2203.9,159.8,60.3,95.3,2.86,Rice,4.37,24
46.4,31.4,70.2,736.8,53.4,44.8,37.9,0.85,Soybean,1.88,615
38.0,21.9,58.5,34.0,46.3,53.6,78.2,5.81,Groundnut,1.56,449
66.5,15.4,67.7,775.6,141.0,40.8,44.8,4.37,Wheat,4.18,315
36.5,17.6,51.6,346.8,29.9,56.0,34.5,4.38,Chickpea,1.91,521
53.3,31.2,58.2,521.0,38.1,25.7,49.5,0.91,Groundnut,1.88,629
60.0,25.2,56.5,599.1,160.7,30.7,29.4,3.53,Wheat,4.36,550
79.4,24.7,78.2,2202.9,246.8,73.9,157.8,0.5,Sugarcane,9.43,388
74.4,28.6,73.3,2163.2,150.7,39.0,81.6,3.53,Rice,5.57,178
65.6,20.4,59.8,1053.3,106.0,32.2,40.8,5.25,Wheat,3.26,320
80.0,23.9,76.3,1104.1,142.6,53.4,109.1,3.99,Rice,4.99,308
89.7,31.8,81.8,1879.1,218.7,51.1,84.0,4.17,Rice,4.49,270
69.1,20.1,68.8,565.4,79.0,45.5,53.5,2.99,Wheat,4.47,367
51.3,13.5,47.0,508.3,127.9,48.8,33.4,1.92,Wheat,3.72,725
38.8,32.4,56.1,516.1,92.9,25.1,34.9,3.08,Jowar,2.01,896
62.5,17.7,73.3,546.4,148.2,48.5,43.3,3.41,Wheat,4.35,387
40.9,30.5,63.1,1187.9,62.5,39.6,52.4,3.69,Cotton,2.2,482
49.8,25.6,52.7,0.0,34.1,42.8,60.5,2.94,Groundnut,1.69,908
69.9,29.7,72.9,1086.4,52.1,74.6,31.6,3.92,Soybean,2.17,312
70.3,27.9,86.7,1409.0,43.4,74.9,64.7,0.5,Soybean,1.87,148
48.5,28.1,43.2,589.8,62.7,37.1,31.5,0.5,Jowar,2.24,528
81.2,31.3,80.2,1140.6,179.3,68.6,105.5,3.76,Rice,4.48,414
52.1,22.4,57.2,656.6,132.4,58.6,50.8,4.23,Wheat,4.45,668
41.9,15.8,36.3,356.2,37.1,39.9,32.6,3.87,Chickpea,1.95,742
48.0,16.9,58.7,294.4,26.8,32.8,33.6,2.95,Chickpea,1.66,627
85.0,30.7,72.7,1343.7,208.9,48.5,107.7,4.08,Rice,5.38,579
51.7,27.1,66.1,1534.3,50.2,44.6,61.7,5.41,Soybean,1.57,542
48.1,26.0,79.6,844.1,46.0,53.2,49.8,1.8,Groundnut,1.81,173
72.4,23.1,75.8,1202.3,29.4,60.5,65.5,4.59,Soybean,1.58,374
51.0,35.5,63.5,668.8,165.1,37.7,67.7,4.16,Cotton,2.4,553
58.6,28.0,56.8,451.8,169.7,44.4,49.7,3.47,Maize,5.15,726
77.9,27.9,77.5,1055.0,168.1,28.2,60.0,3.24,Maize,4.63,345
36.9,27.1,52.7,436.0,42.8,23.8,41.2,5.09,Bajra,1.79,547
48.5,16.7,74.6,632.9,117.8,55.7,51.7,2.34,Wheat,4.1,383
48.7,17.6,54.6,282.1,43.0,56.4,43.1,3.25,Chickpea,1.76,375
80.0,26.6,82.8,885.7,168.1,77.3,100.2,3.27,Rice,4.1,357
39.3,28.4,40.4,257.3,103.0,41.7,71.0,0.5,Cotton,3.03,656
56.1,24.0,76.4,851.8,52.7,60.6,36.3,3.71,Soybean,2.35,484
66.7,29.0,64.2,551.4,49.9,59.4,69.0,1.73,Soybean,2.25,385
58.1,31.1,59.2,919.8,26.5,55.4,52.0,5.36,Groundnut,1.75,469
53.1,27.6,68.0,662.2,41.1,63.0,67.1,2.31,Groundnut,2.59,349
66.8,25.7,87.3,1532.3,135.9,62.3,72.7,2.54,Rice,4.95,95
66.8,32.3,66.7,747.7,134.0,37.3,60.1,4.98,Maize,4.33,608
47.3,32.2,72.2,384.3,87.0,42.6,70.1,0.7,Cotton,2.59,431
54.2,15.3,63.5,310.6,136.7,55.0,52.2,1.62,Wheat,4.03,648
71.5,26.4,65.7,2087.0,250.0,102.5,147.2,0.5,Sugarcane,10.5,169
31.3,29.8,51.1,667.7,74.9,24.9,42.6,4.89,Jowar,2.15,644
31.0,26.1,45.9,306.8,28.4,51.7,37.5,3.83,Chickpea,1.38,445
66.6,23.3,63.2,552.9,177.3,38.3,36.0,1.71,Maize,4.74,477
80.7,28.7,65.7,1596.6,217.2,109.0,145.9,2.64,Sugarcane,11.35,322
43.3,19.2,39.0,229.0,23.6,47.9,40.3,6.43,Chickpea,1.86,848
68.6,26.2,67.4,1459.0,129.8,53.6,62.5,3.39,Rice,5.13,431
51.6,22.0,57.6,384.4,134.2,38.6,40.2,3.02,Wheat,4.57,587
37.2,30.4,38.1,345.8,58.8,26.3,35.4,3.98,Bajra,1.58,881
92.0,24.9,80.8,2214.9,187.1,62.5,111.6,4.41,Rice,3.75,262
62.7,27.6,61.6,935.6,42.9,78.1,49.7,4.5,Soybean,2.36,597
56.0,17.5,57.3,387.4,96.6,49.8,33.1,2.79,Wheat,4.7,735
78.4,29.4,79.8,1698.5,146.6,41.9,84.7,1.95,Rice,5.45,278
45.0,19.0,49.0,480.7,21.8,49.5,34.0,3.03,Chickpea,1.71,620
61.2,20.6,69.9,491.9,130.7,64.8,46.3,3.47,Wheat,4.69,556
56.4,34.3,62.3,601.4,128.9,46.4,68.2,1.83,Cotton,2.65,486
83.8,21.9,84.0,1436.1,154.6,51.8,109.9,3.64,Rice,4.63,349
52.9,27.2,62.8,1014.0,40.3,51.7,81.8,3.88,Groundnut,2.05,666
31.6,29.7,40.8,537.5,72.2,38.0,46.5,3.62,Jowar,2.11,847
81.5,30.9,82.0,1904.9,217.6,113.4,178.8,3.32,Sugarcane,9.02,195
68.6,21.4,74.6,1275.9,43.7,79.1,49.0,3.84,Soybean,1.7,172
66.0,30.3,60.2,349.8,36.5,83.7,57.6,2.94,Soybean,1.99,589
66.4,27.8,54.6,148.2,109.7,49.5,36.9,3.51,Wheat,2.77,644
57.9,24.0,73.0,1428.7,39.6,52.0,76.0,2.44,Soybean,1.88,536
68.3,26.8,81.4,1343.0,159.4,62.7,69.2,1.51,Rice,6.08,256
49.5,18.2,40.0,395.2,32.8,40.1,44.1,1.92,Chickpea,1.87,702
78.2,23.5,68.1,1608.2,133.0,50.0,84.7,6.32,Rice,4.44,493
87.4,26.4,77.6,2412.4,214.2,97.0,125.0,3.57,Sugarcane,8.2,157
39.4,28.0,63.1,534.2,33.6,65.5,70.6,2.8,Groundnut,2.07,528
34.0,16.8,54.3,293.6,31.7,31.3,26.9,4.41,Chickpea,1.82,914
86.1,25.1,71.8,1326.0,189.4,48.4,62.3,1.94,Rice,5.06,616
81.0,32.8,74.9,1896.1,164.2,118.8,222.4,2.04,Sugarcane,10.17,396
60.4,18.9,65.2,742.5,99.8,53.6,52.3,2.97,Wheat,4.74,551
42.2,22.1,72.2,438.3,36.8,63.4,60.7,1.97,Groundnut,1.72,344
50.2,22.5,49.4,268.2,140.4,48.8,43.4,3.75,Wheat,4.44,772
45.8,26.7,66.2,525.6,22.4,48.0,54.7,3.79,Groundnut,2.17,538
73.2,30.6,69.4,1403.7,211.1,49.4,76.1,1.85,Rice,5.51,428
53.5,34.9,48.5,448.0,143.5,39.7,48.9,2.63,Cotton,2.0,591
73.9,26.8,78.2,2244.4,250.0,55.4,208.6,2.05,Sugarcane,10.22,241
53.0,26.1,55.9,802.6,32.1,47.0,62.7,3.52,Groundnut,2.21,546
52.1,26.4,57.9,921.9,128.2,38.0,58.4,1.49,Maize,6.01,593
46.4,19.5,59.5,434.7,25.2,32.8,43.7,5.69,Chickpea,1.91,814
81.2,27.2,73.6,1909.3,196.6,73.7,168.7,1.05,Sugarcane,11.17,362
64.2,27.8,71.4,1109.8,48.4,50.9,48.5,0.7,Soybean,2.25,159
38.0,31.5,46.2,538.5,64.8,30.4,45.9,4.02,Bajra,2.04,527
46.8,26.4,76.7,1069.6,174.1,43.3,68.9,5.83,Maize,4.82,135
88.5,26.4,86.3,1523.8,172.5,63.8,100.5,2.02,Rice,4.66,142
46.1,24.3,57.4,622.8,33.5,47.7,26.9,4.1,Chickpea,1.39,672
42.1,34.6,51.9,850.9,70.8,29.0,44.3,2.87,Jowar,1.52,661
77.2,25.0,73.9,1404.3,166.5,59.8,79.3,0.5,Rice,6.39,268
80.0,23.4,92.2,2151.0,144.7,55.4,92.4,4.13,Rice,3.84,219
49.8,32.5,54.8,957.6,124.3,34.6,95.9,3.27,Cotton,2.5,446
40.3,31.0,47.2,544.5,64.1,29.4,42.6,4.67,Jowar,1.89,450
89.7,33.7,74.9,2207.5,215.4,43.2,82.1,2.02,Rice,3.38,49
64.0,23.2,65.3,891.6,151.5,45.9,46.1,5.3,Maize,5.06,357
67.1,25.5,67.9,855.0,36.8,63.7,67.0,4.43,Soybean,2.49,694
63.6,28.1,45.8,666.8,129.5,30.2,56.5,6.39,Maize,5.08,458
45.7,16.1,42.5,411.0,25.0,49.8,38.4,5.26,Chickpea,1.88,908
69.3,30.5,70.5,805.3,133.2,38.4,68.5,4.18,Maize,3.87,665
33.0,19.7,60.0,223.0,24.1,60.9,45.3,4.47,Chickpea,1.9,586
58.3,27.2,52.2,524.2,44.8,40.5,43.6,2.07,Soybean,2.04,628
92.0,32.7,77.2,1412.8,176.4,55.8,85.8,3.08,Rice,5.24,241
49.1,28.7,28.8,752.3,108.7,40.2,74.4,2.8,Cotton,2.91,762
32.2,25.0,30.3,578.6,51.9,20.0,23.4,2.33,Bajra,1.54,875
90.9,28.5,75.5,2320.8,187.5,67.3,159.5,2.23,Sugarcane,9.35,253
81.0,31.1,64.4,1218.2,108.6,56.5,83.7,3.72,Rice,4.22,609
74.1,21.7,60.9,538.7,144.6,32.9,40.1,4.66,Wheat,4.53,752
48.4,30.3,46.9,802.0,154.3,37.9,70.6,3.77,Cotton,3.08,694
64.5,23.1,53.7,628.1,83.4,54.5,46.7,1.82,Maize,4.01,663
37.9,19.2,43.2,459.5,89.8,32.0,46.5,2.89,Jowar,1.68,696
35.1,28.3,47.8,705.2,113.4,39.8,67.9,4.37,Cotton,3.07,700
47.5,31.8,70.4,1103.2,132.3,57.5,86.9,2.54,Cotton,2.84,250
62.4,19.9,53.8,853.7,32.4,42.3,45.5,7.64,Chickpea,1.42,646
76.8,31.8,73.5,2082.4,195.0,55.9,232.7,2.88,Sugarcane,10.67,319
66.4,19.9,59.9,690.3,127.9,53.4,34.0,2.28,Wheat,4.36,424
44.9,21.0,72.9,440.2,149.2,57.4,63.2,4.68,Wheat,5.04,820
64.6,30.0,76.9,1158.4,165.3,57.4,60.0,4.44,Maize,4.43,217
43.5,19.3,52.6,424.1,26.2,45.0,28.9,6.23,Chickpea,2.18,510
54.2,26.7,58.7,1381.0,81.8,41.1,65.0,2.86,Cotton,1.82,521
62.3,22.2,63.9,551.3,123.2,56.8,48.4,2.12,Wheat,5.16,244
32.1,30.3,48.5,542.4,66.9,26.8,38.7,2.36,Bajra,1.92,538
68.5,25.8,77.4,916.1,212.3,78.0,177.3,5.61,Sugarcane,8.89,157
45.4,16.4,51.4,519.8,32.0,56.9,25.3,4.78,Chickpea,1.49,492
66.4,27.5,76.8,247.0,184.9,58.7,122.7,2.65,Rice,4.18,461
59.9,23.0,57.0,1149.1,121.8,43.4,37.5,2.43,Maize,4.65,570
36.7,27.4,53.7,423.9,89.3,33.5,76.4,1.11,Cotton,2.74,807
47.0,26.0,59.1,436.9,142.8,53.3,46.1,5.45,Wheat,4.29,719
58.1,23.3,52.8,556.7,135.1,63.7,32.9,2.92,Wheat,4.48,810
48.2,22.9,63.2,565.6,150.7,30.9,46.0,3.46,Wheat,4.59,638
62.5,30.0,70.0,1132.4,47.0,51.5,57.0,1.96,Soybean,2.02,349
61.6,20.9,50.7,624.0,122.4,46.6,39.7,0.5,Wheat,4.86,807
45.3,27.7,53.3,753.7,75.9,35.5,72.5,4.79,Cotton,2.99,524
79.3,25.1,86.5,2093.2,202.1,62.1,109.8,4.26,Rice,4.46,115
44.0,27.0,49.8,999.1,114.2,36.8,76.6,0.5,Cotton,2.46,832
85.6,28.9,81.7,2007.3,250.0,103.6,160.0,1.67,Sugarcane,11.7,366
60.6,28.7,58.6,475.7,138.5,59.5,43.0,0.87,Wheat,3.78,627
65.4,22.7,51.7,79.4,128.4,41.2,25.5,3.03,Wheat,3.6,806
63.4,28.5,79.6,1847.9,153.7,31.2,96.1,2.56,Rice,5.94,408
38.5,22.4,67.9,252.5,46.0,38.4,64.6,3.97,Groundnut,1.32,339
32.0,25.1,41.8,398.0,49.4,34.1,55.1,4.74,Bajra,1.51,706
75.3,27.6,78.3,1608.0,189.1,50.3,89.1,4.18,Rice,6.23,124
75.6,28.8,73.9,1550.5,189.2,46.8,80.7,2.96,Rice,6.2,362
36.4,19.1,44.7,365.6,20.0,45.7,40.8,4.51,Chickpea,1.7,602
83.5,28.8,77.6,1489.2,123.4,47.4,78.6,3.28,Rice,6.18,534
62.6,16.0,64.2,741.4,112.3,54.6,39.7,3.14,Wheat,4.41,597
82.7,28.7,76.8,1538.1,250.0,89.6,161.0,4.04,Sugarcane,11.37,198
51.6,29.7,60.7,1010.9,95.9,39.5,73.4,2.39,Cotton,2.99,506
53.2,26.0,69.1,784.5,42.6,55.8,63.3,5.2,Soybean,2.38,285
48.3,28.4,58.5,1117.0,120.3,41.5,61.1,0.65,Cotton,2.68,519
51.8,31.3,57.1,642.8,130.8,33.9,53.3,3.86,Cotton,3.11,669
72.9,20.1,59.9,903.2,133.4,45.4,70.4,1.93,Maize,5.22,570
50.7,23.8,62.0,1191.3,42.0,51.8,88.4,3.25,Groundnut,1.34,177
67.7,29.3,59.0,877.9,206.5,42.5,37.0,3.38,Maize,4.43,488
72.2,26.4,78.4,1559.1,183.2,60.0,97.9,2.53,Rice,5.8,389
52.6,24.8,53.5,822.2,43.7,59.7,47.2,4.18,Soybean,2.1,636
46.5,11.7,56.9,377.0,152.3,51.0,43.4,4.24,Wheat,2.96,797
72.5,22.0,73.2,2006.9,173.5,90.5,126.8,6.11,Sugarcane,7.8,97
66.2,30.4,78.7,1428.3,188.8,61.2,118.2,0.75,Rice,5.59,404
51.7,14.4,51.9,279.0,26.2,47.0,27.1,2.13,Chickpea,1.54,565
76.2,25.7,85.9,1558.3,203.4,41.8,114.6,2.75,Rice,5.67,293
38.9,27.7,49.0,590.7,66.7,29.4,44.8,4.39,Jowar,1.74,713
42.7,30.5,50.0,270.8,138.6,39.8,83.3,6.64,Cotton,2.38,786
31.1,28.3,48.2,400.5,73.5,30.9,50.2,1.88,Jowar,1.96,588
68.5,17.9,63.5,720.0,189.7,35.8,59.8,0.5,Maize,4.26,553
56.3,29.6,56.8,721.5,35.2,79.3,62.1,2.52,Soybean,2.09,395
35.3,29.3,35.0,166.7,75.8,27.2,49.5,2.3,Jowar,1.66,565
40.9,30.8,47.0,255.9,71.4,32.2,78.0,3.93,Cotton,2.18,788
71.6,26.5,55.1,1143.8,127.5,37.0,56.8,2.86,Maize,4.76,527
87.0,31.8,78.8,1871.4,138.6,42.4,95.6,2.29,Rice,4.42,24
30.8,35.1,54.6,579.1,65.3,19.4,42.0,3.51,Bajra,1.68,479
67.5,19.6,75.1,650.2,123.1,50.5,43.9,4.23,Wheat,5.01,445
46.5,36.2,64.9,738.7,129.0,36.1,87.3,1.5,Cotton,2.57,752
44.8,19.4,60.6,688.0,164.4,40.9,31.7,2.91,Wheat,5.0,713
80.6,27.0,73.8,1639.0,142.0,56.7,60.8,0.5,Rice,5.69,456
62.1,27.8,80.9,1099.6,36.3,67.1,56.7,3.5,Soybean,2.24,68
69.7,28.8,69.4,1943.8,171.0,75.2,116.8,5.12,Rice,5.3,314
61.8,17.5,63.5,481.4,57.9,35.9,42.4,4.37,Wheat,4.21,628
80.6,29.2,75.8,1890.2,125.5,37.9,117.0,2.88,Rice,5.26,353
60.9,26.8,58.9,406.3,132.4,36.0,68.2,1.65,Cotton,2.62,663
39.4,20.9,58.6,139.8,26.7,45.9,31.5,5.09,Chickpea,1.67,597
41.8,26.1,51.8,492.1,61.6,13.9,42.3,1.79,Jowar,2.0,914
75.5,23.7,79.3,737.8,180.1,40.9,67.8,2.65,Rice,4.45,628
79.6,30.5,72.4,725.5,116.0,65.3,88.2,3.14,Rice,4.96,439
70.4,31.2,81.8,2318.2,196.8,49.9,59.9,1.59,Rice,4.87,63
46.7,22.0,62.0,764.9,162.9,44.7,45.9,4.25,Wheat,4.21,848
35.6,34.9,49.1,309.1,61.9,36.2,24.9,4.5,Bajra,1.77,596
82.5,27.8,74.5,1399.5,184.4,55.7,111.1,4.6,Rice,5.7,541
43.9,28.9,50.8,831.7,60.3,33.7,44.9,2.33,Jowar,1.65,904
40.0,32.7,79.0,783.6,38.3,35.7,90.7,1.45,Groundnut,1.9,250
51.5,15.0,34.6,146.3,28.0,37.6,37.0,1.75,Chickpea,1.18,832
57.0,29.8,69.2,1101.8,212.1,50.2,84.4,2.51,Rice,4.87,377
60.3,22.4,61.6,139.1,129.5,45.9,51.5,3.11,Wheat,3.81,691
43.7,28.6,64.2,286.8,73.2,35.5,60.2,2.38,Bajra,1.66,623
75.3,25.8,71.1,1080.0,196.8,61.5,78.2,2.88,Rice,4.73,721
53.1,23.0,53.4,1010.8,83.1,49.5,34.1,2.47,Wheat,3.64,657
80.5,30.0,73.5,1404.9,134.7,48.1,77.5,3.64,Rice,6.96,361
79.5,28.4,67.1,1647.7,209.4,110.7,80.9,4.05,Sugarcane,10.93,554
55.1,10.2,48.7,26.8,131.2,37.4,46.0,3.06,Wheat,1.94,673
54.8,26.9,48.9,831.9,52.9,41.2,45.1,2.92,Soybean,2.52,565
69.0,25.0,76.8,1647.9,141.3,59.6,88.5,2.34,Rice,6.0,658
68.3,29.8,89.1,934.8,203.8,53.0,96.6,0.5,Rice,4.65,179
46.1,20.1,61.7,381.0,32.2,47.5,30.5,3.28,Chickpea,1.35,505
51.3,28.7,58.5,738.1,81.0,35.3,56.9,4.89,Cotton,3.14,567
80.9,30.2,79.3,1772.9,206.3,64.3,65.2,2.57,Rice,5.15,118
63.6,17.5,65.8,976.2,107.8,46.7,47.9,0.77,Wheat,3.47,146
56.9,22.9,69.5,913.7,45.5,56.8,47.5,7.59,Soybean,2.06,616
75.1,30.2,87.7,1417.6,130.0,58.4,127.2,2.55,Rice,5.46,143
52.5,35.6,49.7,768.7,123.3,42.4,96.5,1.24,Cotton,2.52,540
43.1,34.5,51.2,271.2,61.9,31.5,21.8,4.07,Bajra,1.73,613
34.5,33.2,31.6,355.1,53.6,34.0,46.0,5.94,Bajra,1.9,633
62.3,20.2,58.6,819.9,86.5,66.4,55.8,1.08,Wheat,4.05,383
71.1,33.5,70.8,2034.7,211.0,98.4,69.0,7.08,Sugarcane,9.72,334
78.6,29.4,70.5,2178.2,164.3,87.0,184.2,4.96,Sugarcane,10.14,667
81.0,32.4,70.5,2050.1,199.9,44.7,59.3,4.17,Rice,3.93,424
41.9,33.7,48.2,772.5,36.8,21.4,33.9,3.11,Bajra,1.45,750
63.7,16.5,50.0,161.3,119.8,42.2,37.0,2.66,Wheat,3.38,458
55.1,18.0,64.7,550.5,152.6,36.2,45.4,6.22,Wheat,4.31,532
53.3,24.0,47.4,671.6,97.1,45.7,51.2,1.62,Wheat,4.96,468
58.9,18.4,67.2,947.1,53.2,73.8,72.6,1.99,Soybean,1.9,586
58.4,31.7,60.6,820.0,42.9,48.8,82.6,3.12,Groundnut,2.06,499
63.5,27.5,68.8,1104.1,35.3,62.7,41.5,1.98,Soybean,2.25,440
45.5,24.7,70.7,381.5,49.6,60.1,76.5,2.59,Soybean,1.52,497
75.1,25.6,78.0,1219.4,48.0,61.4,67.9,3.68,Soybean,1.88,261
80.0,24.8,85.0,1894.0,200.5,68.7,138.0,2.18,Sugarcane,9.87,0
80.2,28.3,73.2,1064.7,166.3,51.2,76.2,2.68,Rice,5.08,495
72.3,24.3,76.6,1234.8,45.3,53.8,67.5,4.18,Soybean,1.98,145
65.3,21.6,81.3,1125.2,54.3,58.5,48.5,4.85,Soybean,1.81,156
71.4,23.0,63.4,1155.5,140.0,38.0,38.4,3.32,Maize,3.65,423
67.1,25.5,89.9,887.5,190.9,54.3,125.5,1.72,Rice,4.89,197
81.4,30.0,82.0,1996.6,197.0,100.3,174.4,0.5,Sugarcane,12.0,283
51.7,17.7,50.1,112.3,43.0,47.3,32.3,3.48,Chickpea,1.53,853
53.7,29.1,75.0,995.0,136.1,45.4,60.1,5.09,Maize,4.52,439
89.2,27.7,77.6,1296.7,185.9,40.4,116.6,3.13,Rice,4.53,376
77.7,36.9,74.8,2103.0,167.0,43.3,99.1,2.77,Rice,3.69,279
55.0,17.0,53.3,622.9,130.0,55.8,46.3,0.5,Wheat,4.53,747
57.3,17.1,53.9,817.2,92.5,55.3,47.4,5.12,Wheat,4.11,300
85.9,29.4,81.8,1585.7,245.3,93.0,105.0,3.65,Sugarcane,10.14,342
59.4,31.9,70.0,640.8,38.2,49.6,55.7,3.56,Groundnut,1.76,339
41.6,34.4,57.5,431.5,133.7,28.4,64.6,2.41,Cotton,2.42,415
78.1,27.4,85.4,1387.7,194.2,49.4,119.6,4.93,Rice,5.44,283
54.0,22.7,52.6,411.9,140.4,57.9,45.6,3.76,Wheat,4.5,585
64.8,24.4,68.4,1407.1,182.9,73.7,91.9,5.25,Rice,5.7,490
76.8,29.3,91.8,1787.6,241.8,42.5,87.5,2.18,Rice,5.67,378
55.2,18.5,57.1,660.9,146.4,54.4,34.9,3.74,Wheat,4.5,221
36.3,24.7,43.0,94.9,50.9,30.7,37.9,6.27,Bajra,1.31,732
65.2,22.8,64.5,732.9,48.1,61.1,47.2,3.98,Soybean,1.91,818
65.7,25.2,72.9,1230.0,86.8,43.6,69.1,3.52,Maize,4.39,522
64.5,14.9,58.2,604.9,150.9,43.3,33.8,2.23,Wheat,3.99,804
38.1,22.3,47.7,318.1,35.4,51.9,45.0,3.05,Chickpea,1.65,706
75.4,23.2,60.4,839.0,137.7,50.4,59.2,5.37,Maize,4.13,311
74.0,26.5,71.4,793.5,42.4,31.5,59.8,2.83,Soybean,2.1,278
71.2,30.0,72.8,793.1,199.7,49.5,93.6,4.58,Rice,4.8,552
31.4,28.3,46.1,328.1,47.8,26.4,51.8,3.88,Bajra,1.82,848
68.4,24.0,77.8,1197.4,140.8,57.1,93.6,2.61,Rice,4.37,242
92.0,25.2,78.5,1301.0,139.6,61.6,90.4,4.39,Rice,5.53,297
58.6,26.8,77.0,1067.0,145.3,31.6,61.0,3.21,Maize,5.08,417
63.9,22.5,81.3,1527.3,133.8,65.3,127.2,5.24,Rice,5.2,23
72.3,31.2,83.1,1100.5,184.2,68.3,101.1,3.47,Rice,5.91,275
77.8,29.4,73.5,2500.0,229.1,81.4,138.1,2.46,Sugarcane,11.02,495
59.1,20.5,63.5,352.7,122.3,50.2,48.6,4.43,Wheat,4.34,909
58.8,29.2,75.9,1107.4,32.3,46.1,69.5,2.84,Soybean,1.97,363
62.2,27.9,82.0,895.9,121.4,52.2,95.6,4.18,Rice,5.12,644
42.4,31.4,52.6,616.5,67.4,30.2,35.0,8.19,Bajra,1.68,539
51.0,26.2,57.2,594.3,47.6,48.2,59.0,4.08,Soybean,1.98,463
56.9,17.9,52.2,696.9,36.6,59.5,56.2,2.32,Soybean,1.58,267
41.1,32.1,60.2,694.6,134.4,38.0,93.0,1.9,Cotton,2.19,701
69.2,20.6,63.2,488.4,148.1,56.1,44.7,5.59,Wheat,3.58,498
62.7,21.9,47.9,696.0,131.8,25.7,48.4,5.43,Wheat,4.22,1008
26.0,25.0,41.0,0.0,54.8,15.6,35.6,5.33,Bajra,1.21,816
39.5,31.3,54.8,492.3,38.5,32.4,37.4,4.22,Bajra,2.06,648
41.3,29.5,43.2,909.8,134.7,46.5,75.9,3.68,Cotton,2.56,374
51.9,32.8,54.8,696.3,73.8,26.6,36.4,5.44,Jowar,1.96,827
51.4,17.6,56.9,664.5,172.6,55.8,54.9,3.88,Wheat,4.66,526
42.5,34.7,32.6,475.1,139.3,38.1,69.3,1.44,Cotton,2.65,744
51.7,22.3,46.9,519.5,147.0,63.7,46.0,2.49,Wheat,5.45,331
83.2,28.6,83.7,1840.8,175.6,68.4,62.4,2.8,Rice,5.95,391
49.2,21.5,65.4,28.6,31.0,50.1,50.9,5.55,Chickpea,1.43,750
38.0,28.3,52.1,550.7,106.7,35.9,65.1,3.45,Cotton,3.42,538
59.5,29.5,45.8,848.0,79.3,47.5,58.2,6.63,Jowar,1.64,657
57.2,30.5,66.0,347.7,27.1,59.1,66.4,1.24,Groundnut,1.78,613
35.7,34.0,38.5,478.9,75.9,33.6,36.6,6.89,Jowar,1.88,882
59.5,29.2,61.0,812.3,98.3,42.4,49.6,1.5,Cotton,2.81,548
28.1,18.3,52.5,496.2,35.8,50.2,50.4,3.02,Chickpea,1.26,903
68.5,22.7,70.6,521.7,130.1,44.4,37.6,2.34,Wheat,4.46,456
41.6,29.3,47.8,229.8,50.7,35.1,42.4,3.84,Bajra,1.75,605
85.0,25.3,78.7,2447.7,250.0,92.7,222.2,1.18,Sugarcane,8.79,148
61.1,31.9,59.5,906.6,134.1,37.4,49.4,4.06,Maize,4.33,138
33.7,25.0,43.1,655.9,69.8,41.1,37.9,2.43,Jowar,1.58,559
48.1,22.0,53.3,367.8,117.8,38.1,35.7,1.23,Wheat,4.36,801
61.3,21.9,55.4,599.0,106.2,50.5,36.9,2.8,Wheat,4.65,643
62.1,23.3,78.6,1051.7,33.7,91.8,54.3,4.62,Soybean,2.15,240
65.6,18.5,72.6,1281.9,101.6,22.5,46.8,2.05,Maize,4.03,438
54.4,24.2,61.5,629.9,166.7,54.2,59.2,4.05,Maize,5.29,239
61.0,29.1,70.1,1424.3,199.3,45.9,100.9,4.79,Rice,6.16,341
84.0,26.0,80.4,2270.8,127.1,81.3,94.7,3.84,Rice,4.25,308
40.7,31.1,60.2,669.4,80.5,42.2,34.2,2.14,Bajra,1.77,665
83.2,23.1,89.6,1656.7,157.8,46.2,76.8,0.96,Rice,5.29,111
48.1,18.2,41.6,428.8,20.8,41.3,31.7,3.75,Chickpea,1.93,860
79.6,27.4,66.8,1544.2,187.0,61.4,89.1,0.84,Rice,5.68,685
70.7,24.5,74.8,1771.4,182.6,68.1,107.5,1.67,Rice,5.4,246
43.4,27.7,63.5,742.1,35.3,52.1,66.1,2.67,Soybean,1.85,637
62.8,24.9,56.2,124.9,105.2,45.3,28.1,3.18,Wheat,2.95,412
37.0,17.4,54.0,381.2,32.8,45.6,31.2,2.92,Chickpea,1.81,335
63.3,25.6,77.8,167.6,27.1,63.6,106.1,2.36,Groundnut,1.58,578
80.7,29.0,68.0,547.9,170.6,55.0,94.8,2.93,Rice,5.26,518
55.5,21.9,64.7,945.2,145.4,42.1,48.6,3.46,Wheat,5.07,518
51.1,33.1,52.4,1064.6,46.2,65.9,60.7,2.69,Soybean,2.09,477
49.3,24.4,80.8,774.0,75.8,53.5,50.4,3.45,Maize,5.37,339
52.9,20.2,70.6,807.3,148.1,57.0,51.7,1.82,Wheat,4.46,584
53.6,16.6,61.5,214.3,28.6,40.4,35.9,2.72,Chickpea,1.71,870
70.3,29.3,66.6,1535.0,162.8,55.5,241.0,6.68,Sugarcane,10.6,365
41.1,20.4,44.6,412.7,26.5,55.0,27.7,3.43,Chickpea,1.82,445
53.9,29.0,61.9,558.6,28.6,82.1,76.2,1.27,Groundnut,1.8,756
36.7,29.3,73.7,682.1,29.9,73.0,84.9,0.56,Groundnut,2.24,544
46.5,22.7,48.1,410.2,29.6,41.2,35.9,4.58,Chickpea,1.61,784
92.0,34.1,77.9,1753.4,151.4,49.4,77.0,3.49,Rice,3.53,322
34.5,31.1,43.5,180.4,82.9,47.5,67.9,1.48,Cotton,2.34,1023
39.8,27.3,39.5,735.0,98.8,32.1,36.5,4.24,Cotton,2.91,712
53.3,32.3,42.7,378.8,68.9,42.2,51.5,3.31,Cotton,2.41,797
51.7,21.2,76.7,632.1,119.6,33.8,48.5,2.93,Maize,4.33,146
39.2,11.4,47.4,473.4,28.4,25.6,32.0,3.02,Chickpea,1.4,586
43.5,24.8,50.7,600.9,25.7,25.2,30.8,3.93,Chickpea,1.33,531
56.7,26.6,41.9,741.3,41.5,71.7,63.6,2.96,Soybean,2.44,679
45.8,19.4,61.7,172.0,27.8,43.5,34.6,2.25,Chickpea,1.75,662
57.0,28.7,67.6,517.0,43.3,46.4,49.0,4.68,Groundnut,2.0,403
40.7,30.2,55.2,705.3,82.0,39.1,71.1,1.83,Cotton,3.36,860
57.7,21.1,86.6,1095.9,60.7,81.5,66.4,3.14,Soybean,1.73,142
77.5,27.3,82.8,1537.0,170.8,39.8,116.7,2.36,Rice,5.59,215
92.0,25.6,85.1,1533.2,201.5,68.5,87.1,0.5,Rice,5.2,308
45.3,21.5,60.1,304.8,160.8,61.8,46.1,1.26,Wheat,4.16,409
54.7,23.3,69.8,536.3,117.4,59.1,41.0,1.59,Wheat,4.61,588
84.8,28.0,82.8,1818.5,158.7,65.3,117.0,0.78,Rice,5.66,354
29.0,25.9,40.9,396.0,52.3,34.3,28.2,5.11,Jowar,2.13,682
53.7,26.3,52.5,528.2,60.3,24.5,53.3,1.35,Jowar,1.86,929
44.9,26.2,63.1,822.3,97.8,45.0,50.2,1.9,Cotton,2.61,528
72.9,34.6,80.4,1418.8,191.7,54.4,111.3,6.61,Rice,4.97,357
53.7,18.1,63.0,624.1,110.1,45.0,44.6,2.69,Wheat,4.06,392
60.7,17.3,78.6,723.3,139.0,49.3,42.2,6.52,Wheat,3.93,148
45.1,29.3,48.5,460.1,65.8,22.5,29.8,3.6,Jowar,2.18,572
30.9,26.1,35.9,605.4,75.9,36.3,32.9,3.77,Jowar,1.89,687
77.5,29.7,84.3,898.6,207.4,61.7,113.1,6.53,Rice,5.43,274
92.0,30.4,92.0,1523.5,175.7,57.9,107.4,2.37,Rice,5.19,350
47.6,31.3,45.7,573.7,68.9,29.5,58.0,3.06,Jowar,1.92,306
69.4,20.9,67.3,524.4,134.0,52.0,42.7,1.04,Wheat,4.03,344
69.0,26.2,90.4,1860.6,169.0,69.4,77.5,3.59,Rice,5.38,0
48.4,25.6,77.3,235.8,154.1,41.7,38.3,1.33,Wheat,3.46,687
59.6,14.7,56.5,561.8,96.8,52.5,50.7,3.79,Wheat,4.56,511
45.8,27.0,54.7,403.0,102.2,28.3,47.9,2.5,Cotton,2.27,552
44.5,29.2,47.0,406.5,97.1,48.6,78.4,5.71,Cotton,2.14,515
56.8,30.4,67.2,821.6,33.7,63.9,54.8,2.03,Soybean,2.41,623
82.9,29.4,65.7,1822.5,238.7,89.2,166.0,2.77,Sugarcane,11.41,307
73.5,30.6,83.9,1480.7,171.3,46.8,62.1,5.33,Rice,4.94,318
44.8,16.1,34.9,416.1,25.2,35.0,29.2,4.64,Chickpea,1.58,446
74.1,26.5,61.4,1111.9,143.6,45.2,52.9,4.97,Maize,5.56,673
61.3,29.5,74.0,1129.3,178.9,45.3,35.2,4.52,Maize,4.96,454
91.3,26.7,80.5,1996.7,218.7,62.7,83.9,1.23,Rice,5.25,338
56.9,27.8,69.6,757.2,42.2,77.6,56.3,3.45,Soybean,2.41,665
53.5,34.1,69.1,993.1,45.1,63.3,64.8,1.34,Groundnut,1.91,417
79.8,30.1,62.2,486.4,144.8,66.8,97.9,0.5,Rice,4.99,539
70.9,27.5,74.0,1252.6,151.0,56.3,85.6,3.12,Rice,6.56,489
25.9,27.8,50.5,504.1,66.5,32.9,49.4,5.58,Bajra,1.75,717
53.6,29.1,48.4,590.7,45.8,36.6,30.3,3.18,Bajra,1.65,617
72.8,23.2,71.8,1233.1,172.4,86.2,183.6,1.31,Sugarcane,8.26,403
82.2,28.2,82.2,912.0,183.4,46.2,107.5,5.08,Rice,5.8,280
54.6,25.7,56.1,721.0,26.7,50.1,57.9,5.02,Soybean,1.87,694
84.1,31.9,84.2,1609.4,130.9,71.1,94.1,1.42,Rice,4.76,414
60.7,25.6,67.8,858.0,51.9,73.8,45.5,2.08,Soybean,2.15,475
64.4,16.8,79.9,1249.8,147.7,37.9,73.5,4.21,Maize,3.38,627
57.0,27.8,61.0,438.0,142.9,39.2,37.4,0.5,Maize,4.75,342
66.2,21.3,78.0,1060.5,51.7,50.1,42.3,2.85,Soybean,1.92,335
45.2,17.1,46.8,507.7,31.7,37.3,37.6,3.21,Chickpea,1.67,942
73.0,31.9,67.5,1223.5,234.9,59.6,225.0,2.72,Sugarcane,9.44,365
85.6,27.4,88.3,2464.5,173.7,43.6,88.3,1.86,Rice,4.19,0
54.4,27.1,58.2,800.6,33.4,46.4,65.8,0.5,Groundnut,2.29,773
69.1,28.1,63.3,1528.7,36.3,37.5,53.8,4.62,Soybean,1.88,509
65.7,17.3,78.5,406.5,151.9,44.5,59.4,3.85,Wheat,4.5,263
41.2,24.8,70.1,1374.6,108.3,47.2,49.6,3.67,Cotton,1.85,513
54.6,17.6,61.7,443.0,90.8,44.9,47.6,4.1,Wheat,4.74,416
52.7,25.3,65.3,645.8,34.2,50.0,56.8,1.57,Groundnut,2.08,313
47.8,19.8,52.9,463.2,35.1,36.3,38.6,4.53,Chickpea,1.78,615
40.1,30.9,36.2,685.3,47.3,26.9,37.2,1.67,Bajra,1.65,653
59.3,21.6,59.9,435.4,146.1,60.0,39.7,2.1,Wheat,3.7,419
52.0,22.9,56.1,245.2,122.8,27.3,49.9,2.67,Wheat,4.29,584
51.7,28.7,62.0,894.0,36.0,79.5,78.5,4.27,Groundnut,1.96,359
75.2,28.1,82.6,1044.2,141.5,63.4,100.3,2.09,Rice,6.07,350
51.9,28.3,79.3,894.4,93.1,58.1,76.4,1.8,Cotton,2.86,378
54.3,19.8,67.1,480.0,152.1,51.0,40.4,5.91,Wheat,4.88,644
32.2,30.2,27.9,505.2,71.3,25.9,38.2,5.69,Bajra,1.91,723
57.5,20.5,65.4,580.5,143.5,31.7,48.4,2.22,Wheat,4.71,322
52.9,16.0,67.4,264.5,22.4,50.8,26.4,4.4,Chickpea,1.67,348
58.9,28.4,58.5,1045.4,49.5,29.4,66.1,4.04,Soybean,2.36,485
39.9,31.7,52.4,344.8,70.7,23.4,43.5,2.75,Bajra,2.1,895
84.8,28.3,67.0,2215.8,250.0,95.7,133.3,2.35,Sugarcane,10.39,448
45.3,29.7,72.9,734.6,21.8,67.1,82.6,6.69,Groundnut,2.16,351
45.6,28.6,41.1,1.9,114.0,37.1,79.4,6.28,Cotton,2.47,912
65.1,28.5,64.3,376.3,142.0,38.9,62.5,3.86,Maize,4.37,383
58.6,29.7,61.9,749.7,42.0,43.2,60.8,4.53,Soybean,2.15,692
72.8,30.6,76.5,1281.9,174.3,55.0,76.2,2.1,Rice,5.75,297
37.1,29.5,52.7,619.1,70.2,34.3,48.0,4.57,Bajra,1.84,741
82.4,34.1,71.6,1268.3,161.2,48.5,70.4,3.99,Rice,4.86,491
59.2,18.0,64.9,445.0,134.4,63.1,49.1,4.56,Wheat,4.65,507
54.7,31.2,69.2,432.2,152.0,40.1,54.7,4.23,Maize,4.24,569
63.2,20.8,66.5,879.5,43.1,54.4,74.2,2.55,Soybean,1.61,316
75.1,27.2,75.8,1368.6,199.7,59.3,21.4,5.06,Rice,6.5,340
43.6,24.3,60.5,840.3,135.0,39.8,36.8,1.72,Cotton,2.51,702
51.8,28.2,61.6,880.7,38.6,63.7,68.4,2.04,Groundnut,2.5,1023
42.1,17.1,61.5,268.3,34.7,45.8,38.7,5.2,Chickpea,2.0,707
51.8,14.3,71.1,576.8,149.6,35.3,60.1,1.73,Wheat,3.33,498
36.1,23.4,28.4,358.8,83.1,31.4,42.4,5.45,Jowar,2.01,646
76.0,26.7,81.2,1578.9,181.9,47.1,106.2,5.53,Rice,6.47,456
49.1,13.6,67.0,933.5,143.3,59.6,53.0,3.58,Wheat,2.44,214
33.7,19.5,59.0,222.8,29.4,48.8,31.8,2.53,Chickpea,1.63,498
53.3,24.1,56.4,728.8,128.2,54.9,44.5,2.6,Wheat,3.67,635
48.4,18.9,58.1,498.8,36.2,41.0,39.4,5.24,Chickpea,1.43,408
57.3,22.7,59.8,357.8,130.4,58.7,34.2,2.66,Wheat,4.09,839
47.3,25.8,76.7,578.8,156.1,37.3,58.5,6.51,Maize,4.9,611
78.8,30.3,83.1,1318.0,162.8,56.1,80.6,5.61,Rice,5.53,219
77.5,29.4,69.5,1870.5,133.0,70.2,125.4,2.75,Rice,4.61,252
51.1,25.3,62.3,729.4,154.9,37.4,59.8,4.02,Maize,5.59,329
65.4,14.5,60.7,890.1,137.5,47.7,54.0,2.45,Wheat,3.81,308
62.0,25.7,61.3,1111.7,124.8,36.7,50.5,3.28,Maize,5.45,562
49.1,22.5,56.9,533.2,166.5,51.0,46.5,2.8,Wheat,4.18,697
62.7,22.4,56.6,374.6,149.5,45.7,46.1,2.77,Wheat,4.22,677
78.7,28.9,77.2,848.5,184.3,57.6,78.2,2.86,Rice,5.48,445
58.6,23.6,70.3,755.1,43.3,64.8,41.4,2.37,Groundnut,1.73,381
34.0,21.3,48.5,315.9,24.8,50.8,47.0,6.03,Chickpea,1.72,743
26.1,30.3,53.9,413.5,61.4,25.6,30.1,3.85,Jowar,1.82,408
47.8,39.2,66.4,618.7,118.5,42.6,70.3,1.67,Cotton,2.04,517
43.0,29.5,56.1,959.0,111.7,28.5,53.8,2.85,Cotton,3.39,782
55.0,24.4,72.8,763.1,36.3,56.3,40.8,2.96,Soybean,2.22,654
43.1,13.8,65.3,570.5,31.1,46.9,44.5,2.28,Chickpea,1.56,459
53.2,16.4,66.6,401.3,118.2,43.1,38.8,3.97,Wheat,4.38,490
30.8,29.4,58.2,485.7,64.8,35.3,36.5,6.19,Jowar,2.39,811
52.2,30.4,51.5,677.5,53.4,30.0,30.2,5.04,Bajra,1.4,901
45.4,25.6,61.1,954.4,30.9,64.0,61.7,3.54,Groundnut,1.79,282
92.0,32.2,88.3,2500.0,180.5,94.4,132.2,0.5,Sugarcane,7.53,104
30.5,24.4,34.2,420.8,56.1,28.9,32.9,2.74,Bajra,1.49,803
38.5,24.6,51.9,560.9,118.1,43.4,60.9,6.14,Cotton,2.3,824
62.2,27.4,58.7,990.5,43.0,42.6,50.2,3.55,Soybean,2.21,399
41.0,31.2,45.5,674.1,79.8,47.9,91.3,2.37,Cotton,3.0,767
27.1,27.8,45.3,426.6,57.9,17.1,41.3,4.39,Bajra,1.94,649
36.2,30.2,63.1,425.7,51.6,40.8,35.0,5.96,Bajra,2.01,936
35.2,16.8,47.4,364.9,34.9,50.2,36.3,0.69,Chickpea,1.77,756
71.1,31.2,87.4,1117.2,215.7,61.0,84.7,5.94,Rice,5.33,279
66.6,28.7,67.8,878.1,56.2,66.9,42.6,5.94,Soybean,2.29,420
40.6,32.8,48.7,777.6,125.8,29.3,68.6,6.85,Cotton,2.55,796
54.6,27.6,62.2,969.3,136.3,33.3,63.6,2.32,Cotton,2.58,610
83.0,30.9,66.6,1419.7,250.0,109.1,170.6,3.58,Sugarcane,9.66,245
88.4,28.9,90.6,2500.0,233.1,46.3,93.4,3.02,Rice,4.31,194
49.6,25.1,67.6,961.8,46.6,36.7,49.4,5.07,Soybean,1.97,255
42.5,25.1,28.9,257.3,45.9,36.2,36.9,2.62,Jowar,1.78,692
57.8,27.0,55.7,1119.2,92.9,34.3,63.4,2.68,Cotton,2.08,335
64.6,28.9,62.3,853.1,120.8,32.0,44.2,1.41,Maize,5.34,312
85.0,27.9,79.1,1240.0,201.2,60.1,85.1,2.56,Rice,5.42,236
41.0,32.8,72.6,659.5,122.1,52.8,94.3,0.7,Cotton,2.37,310
60.3,26.1,36.8,759.6,41.2,37.4,59.3,1.23,Groundnut,1.9,799
26.7,26.0,39.6,308.4,45.2,42.0,33.1,6.17,Bajra,1.48,869
80.4,22.6,78.8,1824.0,199.6,46.4,83.8,4.08,Rice,4.55,244
58.0,16.2,61.3,550.8,119.7,59.7,48.4,1.22,Wheat,4.72,390
83.5,25.6,80.5,1700.5,173.6,49.8,75.5,3.19,Rice,4.75,409
89.1,27.7,84.1,2500.0,250.0,84.0,182.5,4.01,Sugarcane,7.43,0
54.8,23.1,62.8,913.2,99.6,41.8,71.4,6.5,Maize,4.59,206
33.4,37.8,40.4,383.3,43.7,25.9,46.8,4.94,Bajra,1.83,846
31.4,31.1,50.7,509.7,57.9,25.5,23.7,3.73,Bajra,1.95,751
32.1,31.6,60.1,926.6,56.1,32.3,28.5,2.36,Bajra,1.79,678
73.3,27.6,62.4,1051.1,38.5,52.3,52.4,2.81,Soybean,2.28,459
47.2,21.1,53.4,348.7,37.6,32.4,52.7,3.14,Chickpea,1.95,452
59.0,29.3,74.4,931.9,36.2,68.4,57.6,0.5,Soybean,2.32,335
49.3,26.5,77.1,311.9,142.9,52.5,49.3,4.9,Wheat,3.79,560
78.3,28.8,79.2,2500.0,250.0,103.2,194.8,1.19,Sugarcane,11.06,95
58.1,28.0,58.7,976.9,27.3,64.4,65.1,1.37,Groundnut,2.06,422
51.0,19.7,68.9,221.0,88.3,44.2,42.2,3.04,Wheat,4.45,330
57.0,18.1,46.6,540.3,134.2,55.7,35.3,3.34,Wheat,4.66,494
53.3,21.8,61.9,653.5,144.8,47.2,56.0,1.44,Wheat,4.15,678
40.7,31.0,53.9,629.1,80.8,50.3,59.9,2.12,Cotton,2.83,682
39.0,28.7,54.4,191.1,50.3,25.4,42.5,2.57,Bajra,1.49,479
41.7,15.8,46.8,380.7,25.4,54.5,25.2,8.17,Chickpea,1.71,523
47.3,26.4,44.4,916.9,137.2,28.0,66.3,4.71,Cotton,2.68,559
73.7,27.3,82.6,1697.8,176.0,105.9,144.3,1.4,Sugarcane,8.71,356
23.8,29.4,47.2,606.6,67.9,17.6,41.8,4.67,Bajra,1.72,481
34.8,28.1,45.7,692.5,37.5,55.5,69.8,0.61,Groundnut,2.05,637
48.2,29.8,52.9,552.8,96.6,36.3,55.0,1.91,Cotton,2.83,294
54.1,25.3,46.6,260.0,80.4,30.7,53.3,2.28,Bajra,1.44,510
76.0,25.3,80.2,2013.0,137.6,66.5,72.3,2.47,Rice,4.2,319
79.3,25.8,76.7,1909.9,161.0,56.9,120.6,3.02,Rice,5.49,426
54.8,27.5,63.9,678.4,163.2,36.1,57.3,2.73,Maize,5.77,348
48.5,27.0,45.2,728.8,78.9,34.3,83.8,2.2,Cotton,2.27,543
79.4,26.7,69.8,1414.6,140.7,51.4,98.5,6.63,Rice,6.4,514
60.5,23.8,56.3,203.1,133.8,41.4,53.5,5.93,Wheat,3.56,584
45.1,18.2,38.6,257.5,32.1,39.7,36.0,5.12,Chickpea,1.59,672
52.2,23.6,52.1,1501.7,115.5,25.0,80.0,4.78,Cotton,2.09,596
34.4,34.8,53.8,399.7,84.3,34.9,56.5,3.34,Jowar,1.98,670
80.8,24.0,74.1,1852.6,139.6,61.1,80.9,2.28,Rice,5.57,482
62.0,23.7,68.2,326.0,147.4,51.7,56.1,1.75,Maize,4.37,663
56.7,18.6,49.4,632.2,136.0,51.1,46.5,2.66,Wheat,4.86,555
46.0,28.6,49.3,594.7,58.9,22.2,25.8,4.39,Bajra,1.61,631
68.6,27.4,50.3,336.6,172.7,55.8,41.7,3.29,Wheat,3.57,663
81.3,28.7,77.2,1218.5,138.8,49.9,85.1,2.7,Rice,5.74,148
42.3,22.4,59.1,547.5,28.3,38.3,38.5,2.06,Chickpea,1.74,431
57.3,21.1,75.6,577.0,94.6,39.4,30.9,5.19,Maize,4.48,601
69.9,31.1,86.3,1064.9,45.1,59.4,50.3,3.83,Soybean,1.74,66
55.0,25.4,48.8,532.9,36.0,80.2,59.2,3.43,Groundnut,2.03,815
53.0,29.5,50.2,651.9,38.0,68.3,58.7,3.59,Groundnut,2.13,681
42.6,30.2,51.8,792.4,68.9,31.6,49.8,5.38,Bajra,1.78,586
85.7,28.8,77.7,1858.2,194.1,61.6,171.4,1.5,Sugarcane,11.19,369
55.7,19.5,50.8,393.0,91.9,34.4,27.9,1.6,Wheat,3.44,736
52.3,28.0,61.9,485.5,61.7,25.5,49.5,1.34,Bajra,1.89,757
41.0,22.9,55.6,367.0,20.4,43.1,23.8,1.19,Chickpea,1.66,568
34.5,22.5,44.1,585.2,26.4,52.3,53.1,2.41,Chickpea,1.48,652
60.9,26.5,69.4,1018.3,42.0,54.9,58.0,4.39,Soybean,2.61,404
51.2,18.6,45.7,787.7,157.7,32.9,28.1,2.69,Wheat,5.16,946
48.9,25.1,67.8,723.1,28.8,46.2,80.1,1.74,Groundnut,2.27,640
42.0,31.2,37.6,617.8,66.0,35.6,52.9,3.07,Jowar,2.51,583
56.7,32.9,51.6,431.4,52.1,47.0,70.7,4.09,Cotton,2.62,600
41.0,26.3,60.2,675.2,123.9,41.1,55.3,2.96,Cotton,2.79,448
60.9,27.8,68.4,886.6,143.6,50.1,55.4,5.98,Cotton,2.69,469
47.8,20.5,53.7,597.3,147.3,42.5,38.2,4.92,Wheat,4.17,651
66.2,18.1,51.4,454.3,135.0,46.1,41.0,1.37,Wheat,4.43,1008
62.7,23.5,65.5,697.5,120.7,44.3,38.1,7.57,Maize,5.09,230
79.1,31.7,74.6,1727.3,122.2,70.0,84.5,1.21,Rice,5.3,480
47.4,21.7,46.4,423.9,155.2,52.6,43.0,3.61,Wheat,5.15,758
52.4,21.3,47.3,47.0,122.7,43.8,46.5,2.85,Wheat,3.88,615
68.9,20.4,51.6,586.8,139.2,41.5,46.8,5.06,Wheat,4.72,611
68.8,19.0,67.0,790.6,134.6,55.8,50.8,4.43,Wheat,4.01,413
45.4,22.4,69.5,398.2,32.9,34.1,32.6,3.85,Chickpea,1.64,529
62.0,27.7,67.3,806.8,42.3,83.4,71.5,3.95,Soybean,2.62,643
66.5,25.9,61.0,549.1,134.7,79.0,38.4,5.13,Wheat,3.76,332
48.9,22.9,69.7,511.1,135.5,38.5,42.0,1.31,Wheat,5.18,709
47.6,19.3,55.5,586.0,70.9,34.0,33.3,3.31,Wheat,5.31,547
83.2,26.4,82.2,2133.1,250.0,75.5,196.5,3.51,Sugarcane,9.48,466
58.3,23.8,61.7,739.5,169.0,34.2,56.4,3.83,Maize,5.76,603
33.4,28.5,49.5,164.5,64.7,36.5,43.4,5.44,Jowar,1.9,890
83.8,30.6,87.7,1977.7,173.7,69.3,88.5,1.5,Rice,4.51,304
88.3,33.0,92.0,1492.1,151.8,47.8,46.6,4.41,Rice,4.47,405
43.7,20.6,40.6,512.4,28.6,42.0,20.0,4.38,Chickpea,1.83,728
84.2,29.2,87.9,1923.7,158.2,37.0,76.7,3.09,Rice,5.71,90
46.9,21.0,54.2,420.5,30.7,51.3,35.2,3.43,Chickpea,1.92,740
60.3,25.1,69.1,700.8,121.3,31.9,29.3,3.14,Wheat,4.6,597
54.2,27.6,64.2,746.4,31.5,59.8,44.0,4.8,Groundnut,2.38,845
40.4,18.2,51.3,584.7,20.6,59.4,33.7,7.66,Chickpea,1.62,326
56.7,30.2,53.0,484.5,65.6,28.7,35.9,4.77,Bajra,1.85,606
28.1,34.1,52.8,356.0,47.6,33.5,48.1,5.79,Bajra,1.86,819
72.6,26.4,86.1,1772.8,175.9,52.1,129.4,2.59,Rice,4.91,49
43.5,26.4,53.5,465.8,30.9,52.0,66.5,1.15,Groundnut,2.28,600
49.5,36.6,71.2,553.9,59.0,29.1,37.8,6.16,Bajra,1.45,818
27.9,32.9,58.5,704.6,67.9,30.5,39.2,4.4,Bajra,1.75,789
61.3,27.5,69.3,1026.1,49.9,58.7,74.2,5.99,Soybean,1.84,307
66.2,29.4,64.6,721.2,127.7,35.3,60.9,1.81,Maize,4.97,741
80.7,23.9,85.0,2210.7,162.6,61.8,92.7,4.41,Rice,4.22,395
81.4,24.6,89.2,2139.8,151.8,60.1,86.1,2.4,Rice,4.85,316
43.4,25.6,43.3,321.2,118.1,55.5,43.9,3.72,Wheat,3.59,782
45.8,15.5,56.8,612.5,23.7,46.9,32.8,0.5,Chickpea,1.45,630
62.1,25.2,70.9,1127.1,192.8,48.8,62.8,0.74,Rice,5.41,284
60.3,27.0,65.8,449.8,39.3,55.5,59.6,2.93,Soybean,1.83,464
55.9,18.7,72.1,760.6,190.7,54.1,57.6,2.42,Wheat,5.46,570
79.7,26.6,82.5,2081.4,162.9,46.8,104.0,4.56,Rice,5.26,258
49.2,27.7,67.9,656.1,44.6,63.5,48.3,2.78,Soybean,1.95,789
23.9,33.6,49.4,434.1,58.8,28.8,30.2,1.88,Bajra,2.13,618
43.7,18.1,77.3,973.6,46.9,58.4,37.6,1.69,Soybean,1.65,17
44.0,17.6,58.0,347.9,125.5,44.8,46.0,1.13,Wheat,3.83,565
37.1,21.0,60.0,479.4,32.2,42.8,38.7,2.08,Chickpea,1.86,629
51.6,25.4,62.1,904.6,155.3,56.6,42.3,3.56,Wheat,3.04,575
33.8,30.7,64.8,892.5,80.6,30.9,39.2,2.99,Jowar,1.93,507
64.2,26.7,55.1,483.8,127.2,48.4,44.7,5.46,Maize,4.69,495
42.2,17.2,55.7,785.2,131.0,58.9,37.4,2.5,Wheat,3.5,813
59.9,25.6,71.6,849.0,40.3,69.4,50.4,0.79,Soybean,2.44,346
76.2,26.5,73.9,1621.5,188.9,69.0,78.9,3.78,Rice,5.72,449
31.4,14.8,59.6,352.0,30.3,54.5,34.3,3.6,Chickpea,1.75,560
77.7,25.2,73.5,1201.7,150.8,32.2,94.1,3.83,Rice,5.15,205
60.6,24.2,65.3,462.8,151.5,53.1,45.0,1.42,Wheat,4.32,767
87.0,25.4,80.1,1579.6,201.0,47.0,122.1,1.57,Rice,5.47,0
48.3,14.4,51.8,101.2,34.9,56.6,30.6,3.54,Chickpea,1.31,559
40.1,28.0,61.3,402.1,62.9,28.5,36.5,4.39,Bajra,2.11,653
71.1,29.2,74.2,2015.4,196.4,60.9,97.7,0.5,Rice,5.83,238
88.2,25.9,85.5,2368.6,225.8,96.8,173.4,0.5,Sugarcane,9.11,313
39.0,26.8,66.0,802.6,75.7,26.2,47.2,4.09,Jowar,1.8,484
87.2,31.5,72.8,1437.6,250.0,71.4,209.4,3.54,Sugarcane,10.33,298
62.5,35.1,74.8,1413.2,36.5,37.4,57.9,6.88,Soybean,0.87,692
38.0,17.1,57.5,563.6,28.9,35.2,37.8,0.5,Chickpea,1.73,561
64.2,21.0,54.8,222.7,102.4,45.4,46.7,1.51,Wheat,3.42,632
33.1,35.9,54.1,808.8,54.7,30.6,39.6,4.2,Jowar,1.42,423
54.1,29.2,79.6,783.0,101.8,43.8,81.9,4.75,Cotton,2.71,281
56.2,29.7,59.0,476.7,178.3,32.2,53.4,3.92,Maize,4.28,696
73.5,26.6,79.0,1411.8,122.4,47.5,94.0,0.5,Rice,5.44,415
71.6,27.0,55.7,540.7,55.8,78.8,57.0,4.0,Soybean,1.86,612
57.3,21.0,57.6,417.9,126.0,58.3,45.3,1.39,Wheat,4.16,504
68.7,29.1,79.8,1445.7,167.7,65.1,100.0,3.51,Rice,6.33,425
78.7,25.1,80.4,1414.0,191.9,50.3,88.6,1.33,Rice,5.01,54
56.5,14.2,70.0,812.6,141.9,49.1,38.9,2.94,Wheat,3.99,414
38.6,21.6,40.9,426.6,25.6,41.4,20.0,1.61,Chickpea,1.83,690
88.5,30.3,88.9,1812.9,226.0,36.1,108.8,0.5,Rice,5.35,96
51.1,29.2,54.1,1030.4,27.2,49.9,67.8,1.23,Groundnut,1.62,588
61.8,30.2,51.8,758.6,91.3,36.6,50.7,2.18,Maize,4.69,512
56.3,17.9,64.6,320.2,124.1,53.3,48.5,2.84,Wheat,4.45,448
50.2,19.9,62.1,321.5,24.5,48.9,47.8,1.89,Chickpea,1.87,871
48.0,28.5,51.2,0.0,102.9,33.6,102.9,3.0,Cotton,2.4,823
49.5,22.4,49.6,612.0,129.6,52.0,49.6,0.5,Wheat,4.19,836
73.9,18.7,80.7,559.3,123.4,43.5,68.5,4.01,Maize,3.9,425
60.0,27.3,76.3,890.4,121.2,51.0,78.3,2.64,Cotton,2.82,560
81.3,32.6,85.9,1683.6,195.6,57.7,129.4,3.59,Rice,5.29,378
52.2,15.4,41.7,439.5,29.8,55.0,36.1,3.13,Chickpea,1.52,912
55.9,25.0,59.6,700.8,34.8,68.9,72.9,2.22,Groundnut,2.06,931
52.1,31.4,59.2,635.8,44.5,57.6,47.5,2.16,Soybean,1.91,540
66.9,20.6,65.5,785.0,122.9,44.1,41.2,7.18,Wheat,3.83,547
50.7,29.4,58.1,489.2,49.1,70.3,47.1,4.53,Soybean,2.2,594
48.1,16.2,65.2,579.5,137.8,59.1,41.2,1.75,Wheat,4.53,0
34.6,30.9,38.2,86.7,50.8,34.9,49.9,3.28,Bajra,1.72,564
48.3,22.4,57.7,217.6,119.6,53.8,37.9,2.17,Wheat,4.26,641
63.9,27.0,84.5,1583.4,187.5,42.1,104.9,6.28,Rice,5.21,374
76.3,24.5,77.6,1233.4,129.4,58.3,116.1,4.08,Rice,4.91,271
58.2,21.2,60.4,378.0,119.4,52.6,68.9,3.78,Maize,3.8,775
54.2,17.7,54.4,370.9,35.2,40.0,30.7,2.13,Chickpea,1.9,844
51.0,17.0,58.0,285.8,164.3,64.7,32.0,2.48,Wheat,4.06,564
46.7,9.9,53.6,495.4,25.4,55.7,32.7,2.18,Chickpea,1.15,856
48.0,13.0,62.5,323.1,124.7,66.8,32.0,2.56,Wheat,3.68,862
66.0,29.2,63.4,1387.1,149.6,31.4,52.4,0.5,Maize,3.41,520
61.9,25.8,65.5,394.0,158.0,45.3,43.2,1.9,Maize,4.72,406
37.7,24.2,84.1,891.7,48.0,64.8,72.0,1.33,Groundnut,1.82,582
77.1,27.0,74.4,1791.6,219.7,58.4,61.0,2.97,Rice,5.71,295
41.0,23.3,43.1,331.1,28.1,39.4,32.8,2.27,Chickpea,1.61,669
47.4,30.3,57.0,937.5,38.0,71.6,71.7,2.61,Groundnut,2.17,574
61.7,26.0,65.6,512.7,129.1,49.3,86.4,2.89,Maize,5.26,459
42.3,35.3,46.2,494.1,70.7,33.2,37.9,5.03,Bajra,1.59,856
50.5,29.1,51.5,673.9,121.0,27.3,82.2,2.86,Cotton,2.91,751
38.2,24.8,57.5,666.4,23.2,55.9,69.2,1.63,Groundnut,1.75,775
50.0,27.0,47.8,588.4,65.1,32.6,31.9,3.23,Jowar,1.88,758
66.3,12.0,65.0,904.6,167.5,54.5,60.5,5.93,Wheat,2.6,375
46.9,30.0,64.7,971.4,37.0,55.8,70.4,1.68,Groundnut,1.8,467
50.6,30.4,70.6,714.3,70.0,33.1,35.9,4.03,Jowar,1.93,614
67.9,23.6,70.3,820.3,83.5,30.4,51.3,4.59,Wheat,3.72,404
43.2,21.6,47.0,225.6,30.4,34.7,42.8,2.79,Chickpea,1.69,1023
69.9,28.4,73.7,1835.1,206.2,52.1,95.3,2.77,Rice,5.3,283
46.5,29.4,54.8,311.4,102.6,42.7,66.3,5.76,Cotton,2.47,559
50.7,24.2,42.8,313.0,61.1,29.6,38.6,3.13,Bajra,1.36,910
51.0,21.7,40.7,177.3,60.2,39.0,48.8,4.5,Jowar,1.36,874
51.1,29.0,51.7,714.9,36.7,48.9,75.7,1.82,Groundnut,1.99,620
45.1,19.8,66.3,240.1,27.4,34.3,43.1,3.41,Chickpea,1.72,536
45.8,28.1,37.9,22.6,64.3,29.6,46.1,3.22,Jowar,1.93,855
38.6,35.9,46.2,591.6,67.0,41.8,35.2,1.66,Jowar,1.52,808
53.2,21.5,54.7,386.1,88.9,42.7,44.7,2.63,Wheat,4.43,760
77.2,27.3,78.4,992.9,168.9,66.4,125.3,3.81,Rice,5.88,338
56.7,22.0,58.3,810.7,120.6,55.4,60.4,2.74,Maize,5.84,629
41.8,27.6,38.3,480.6,56.7,27.4,42.9,2.15,Bajra,1.84,874
85.7,28.9,79.7,2169.7,204.6,79.4,207.8,2.14,Sugarcane,10.82,367
80.8,32.0,78.7,1231.1,220.8,72.5,202.5,3.96,Sugarcane,9.08,0
75.4,28.7,84.3,1699.3,135.4,56.9,110.7,2.91,Rice,6.09,129
60.5,22.6,55.9,554.7,158.6,65.5,52.3,7.36,Wheat,5.16,492
35.7,17.6,51.9,372.1,31.9,38.4,40.7,3.13,Chickpea,2.14,628
41.4,31.9,45.0,424.8,63.6,45.9,36.2,3.57,Jowar,2.11,733
71.7,25.6,77.6,1408.4,184.4,50.0,97.4,5.68,Rice,6.55,484
58.1,25.4,59.9,979.9,34.3,73.1,60.2,6.1,Soybean,2.37,624
59.7,20.1,42.1,495.4,123.3,56.2,46.3,3.09,Wheat,5.52,697
31.4,26.3,32.6,380.9,47.0,42.3,45.6,7.16,Jowar,2.05,790
53.0,14.6,36.1,313.5,20.0,32.8,25.9,3.83,Chickpea,1.55,1023
53.0,27.8,63.9,648.4,45.2,35.5,20.2,3.64,Jowar,2.02,444
62.9,24.6,66.4,344.1,156.2,61.5,55.4,4.06,Wheat,3.89,605
40.6,27.6,48.5,811.7,100.3,38.5,61.1,1.17,Cotton,2.83,879
62.0,19.9,62.0,448.2,182.0,40.3,32.0,4.77,Wheat,4.68,633
79.9,23.9,92.1,1624.8,122.9,52.4,68.4,2.73,Rice,5.06,0
52.7,26.0,68.9,900.4,58.4,68.9,42.7,2.75,Soybean,2.23,526
67.4,24.5,77.8,1409.3,210.8,47.1,69.8,2.3,Rice,4.9,280
58.4,22.4,79.3,1328.7,34.5,56.9,63.1,0.53,Soybean,2.03,321
60.2,30.9,60.0,324.5,33.8,54.7,89.5,1.15,Groundnut,1.56,773
74.7,28.9,81.6,1840.5,174.7,70.1,80.2,3.81,Rice,5.59,342
36.4,30.7,38.0,346.7,69.4,41.0,33.7,4.87,Bajra,1.88,717
49.3,28.9,67.4,715.9,35.7,58.7,63.7,2.46,Groundnut,2.17,641
39.2,18.1,40.1,401.1,24.5,53.0,28.2,4.16,Chickpea,1.69,807
82.3,26.3,79.6,1377.4,250.0,94.0,135.2,5.93,Sugarcane,10.6,347
78.0,28.2,84.9,1697.1,176.2,39.9,63.3,2.1,Rice,6.01,310
84.0,34.4,82.0,2304.5,185.1,50.4,78.6,5.04,Rice,3.83,263
61.6,17.6,61.9,827.1,157.1,27.9,39.8,4.52,Wheat,3.41,479
58.3,18.7,58.2,290.3,152.5,54.5,51.7,1.56,Wheat,3.9,556
60.3,24.5,63.3,767.0,167.1,36.6,63.7,3.67,Maize,5.26,533
34.0,32.4,48.4,403.8,67.4,31.1,42.9,2.23,Bajra,1.96,537
57.4,26.9,80.6,1230.7,28.4,75.3,53.6,2.38,Groundnut,2.21,146
82.7,27.6,87.4,1129.1,150.9,51.3,105.7,0.5,Rice,5.69,508
59.8,15.3,57.3,655.6,89.5,63.6,60.9,2.89,Wheat,4.41,552
76.0,27.9,72.8,631.3,47.4,59.6,55.0,4.76,Soybean,2.05,468
78.8,26.8,78.6,1511.5,176.2,43.0,88.2,0.5,Rice,6.2,302
44.7,17.3,64.2,416.0,143.0,51.2,51.6,3.54,Wheat,4.6,570
60.6,18.9,62.4,52.0,173.1,58.0,31.0,4.89,Wheat,3.42,629
73.5,34.4,82.8,1234.7,157.9,44.1,89.1,3.06,Rice,4.52,335
56.7,31.0,68.0,667.0,36.7,67.8,64.7,4.95,Soybean,1.9,380
66.0,32.6,69.1,643.0,201.2,55.2,84.3,4.42,Rice,4.21,644
57.2,22.3,57.0,561.2,130.6,30.4,24.9,1.38,Wheat,4.69,496
83.8,29.3,85.6,1828.3,186.9,62.4,75.6,1.78,Rice,6.06,407
84.9,30.9,89.1,1334.0,125.8,64.8,78.6,0.5,Rice,4.56,0
29.7,38.2,41.6,54.8,36.3,25.3,45.5,3.78,Bajra,1.16,601
75.9,27.6,77.4,1253.4,216.7,51.9,64.6,2.26,Rice,6.13,515
39.2,29.3,64.6,559.7,68.3,41.8,43.0,3.31,Jowar,2.11,522
71.7,23.3,87.1,1578.3,156.8,68.7,122.1,2.17,Rice,5.34,158
82.4,30.2,79.6,1456.3,134.2,68.9,63.2,4.55,Rice,5.96,381
54.5,20.1,59.6,610.1,145.7,46.5,45.1,2.1,Wheat,5.47,415
60.3,19.0,45.4,486.1,110.6,42.6,50.6,2.85,Wheat,4.17,708
73.2,19.7,79.3,1741.8,130.3,58.2,103.4,1.16,Rice,4.33,0
45.2,27.6,62.1,772.4,59.4,21.0,51.7,2.21,Bajra,1.42,467
55.6,23.0,58.4,220.4,149.8,47.8,59.0,2.44,Wheat,3.68,534
34.5,33.4,49.2,246.8,49.4,36.0,43.2,4.25,Bajra,1.82,780
71.0,24.6,81.5,1791.4,147.9,52.6,100.4,4.66,Rice,5.01,411
39.5,18.8,48.6,49.0,24.9,42.9,32.9,2.53,Chickpea,1.46,590
36.3,32.8,37.8,97.6,100.4,27.4,24.6,5.52,Jowar,1.62,1023
31.9,24.9,49.4,594.7,64.3,30.7,42.6,4.22,Jowar,2.16,564
33.7,30.9,53.3,609.7,138.2,28.6,67.9,0.7,Cotton,2.21,306
92.0,29.3,79.1,2008.9,249.3,51.2,114.6,2.36,Sugarcane,11.24,0
77.2,26.6,75.7,1220.9,185.2,63.1,53.8,4.62,Maize,4.94,615
90.7,29.8,78.4,1865.1,182.5,55.8,90.5,3.29,Rice,4.38,273
67.7,28.0,80.7,1259.8,167.4,42.6,117.3,2.53,Rice,4.96,236
59.4,22.9,60.7,667.1,148.3,40.0,56.5,3.25,Wheat,4.36,446
59.7,30.5,60.5,1058.2,42.3,74.8,47.3,3.67,Soybean,2.03,344
31.8,29.0,44.3,687.2,59.6,25.3,32.6,7.28,Bajra,1.79,891
64.8,25.2,79.2,1262.2,27.3,67.5,58.0,2.34,Groundnut,1.38,334
54.6,30.1,66.6,1223.8,145.9,47.7,64.7,2.99,Maize,4.53,722
49.2,24.3,57.0,651.2,44.4,47.7,52.1,3.25,Groundnut,1.81,561
74.6,27.6,78.7,790.5,166.6,69.6,101.5,4.66,Rice,5.54,42
59.4,27.7,56.4,700.9,44.1,53.7,41.8,4.51,Soybean,2.08,721
80.6,29.8,87.4,1363.3,182.9,37.4,84.7,2.43,Rice,5.86,224
84.2,34.1,78.4,1482.1,164.1,120.0,174.3,3.96,Sugarcane,9.77,291
49.7,25.4,54.6,443.6,92.5,60.2,55.1,0.98,Wheat,3.48,878
57.6,22.7,66.1,619.2,169.5,47.8,37.6,3.38,Maize,4.48,485
48.9,16.8,71.8,593.6,162.9,49.1,41.5,1.69,Wheat,5.26,664
62.1,18.2,66.3,581.6,137.7,47.8,49.7,3.06,Wheat,4.52,528
84.7,26.6,71.8,2360.0,147.1,108.2,200.5,4.6,Sugarcane,8.73,161
61.2,23.7,94.9,1324.7,186.7,67.5,64.0,0.9,Rice,4.99,319
56.9,17.8,40.6,816.1,77.8,55.2,45.2,5.06,Wheat,3.72,599
57.3,20.0,70.3,466.1,109.5,58.3,37.5,3.35,Wheat,4.5,703
68.8,30.4,57.0,545.0,127.6,41.9,62.6,2.32,Maize,3.94,754
64.2,26.6,78.1,964.3,139.8,37.8,72.0,3.15,Maize,5.96,400
47.3,31.3,52.6,532.8,101.4,44.1,85.5,6.18,Cotton,2.71,734
86.2,25.5,66.0,1214.1,151.0,67.9,115.8,2.01,Rice,5.36,538
54.4,30.7,74.8,1169.1,31.5,27.6,73.4,3.57,Groundnut,1.52,347
75.0,25.9,78.8,1842.1,218.4,72.3,178.9,5.81,Sugarcane,10.58,425
31.8,32.0,37.4,309.2,63.0,35.4,48.8,7.5,Bajra,1.73,730
54.3,22.8,61.2,651.0,155.3,60.7,49.6,0.5,Wheat,5.44,655
37.6,29.7,60.0,653.1,136.5,36.2,55.7,1.55,Cotton,3.06,422
82.7,24.4,87.2,1859.2,146.0,54.9,94.0,3.11,Rice,5.29,251
76.5,30.3,84.8,1866.8,216.9,49.9,70.3,4.35,Rice,5.7,312
60.3,20.8,55.1,671.4,127.3,43.8,43.8,3.29,Wheat,3.92,482
28.4,35.8,55.6,775.2,88.7,32.8,79.0,1.51,Cotton,2.42,523
92.0,25.3,82.3,1846.1,183.8,65.9,70.7,3.16,Rice,3.65,182
31.4,28.2,53.6,450.1,39.2,14.5,59.1,2.26,Bajra,1.94,755
53.9,24.0,69.0,474.6,121.2,54.6,40.4,3.35,Wheat,4.75,410
35.4,28.8,69.7,1472.0,98.3,29.4,73.1,4.78,Cotton,2.62,459
66.0,21.9,81.5,455.8,31.2,46.5,78.0,0.5,Groundnut,1.57,664
67.2,29.6,66.2,760.1,190.0,55.2,68.4,4.09,Maize,4.49,563
45.3,16.9,54.9,588.2,199.5,51.4,43.9,5.96,Wheat,4.64,367
60.5,14.7,46.9,683.2,103.3,50.9,39.6,6.15,Wheat,4.28,683
27.3,28.7,21.5,30.7,68.7,45.7,30.4,4.63,Jowar,1.71,1023
83.9,26.9,85.3,1618.3,197.3,41.9,117.1,0.5,Rice,5.16,225
77.4,25.7,73.9,1156.0,155.9,65.3,119.6,2.17,Rice,6.13,571
57.6,30.7,68.1,951.8,159.6,43.6,64.6,0.94,Maize,5.24,564
69.3,31.4,79.1,1905.4,168.4,52.3,84.4,5.12,Rice,5.48,345
47.2,26.0,69.5,569.1,134.1,42.6,37.5,4.55,Maize,5.39,466
67.8,29.7,82.4,1151.1,55.2,60.2,52.0,1.84,Soybean,2.02,259
60.7,14.0,55.2,817.0,159.5,43.3,30.8,6.25,Wheat,3.75,547
56.7,23.4,44.2,381.9,89.6,45.7,55.4,5.27,Wheat,4.47,727
61.4,26.3,69.0,700.1,125.5,50.6,61.5,2.14,Maize,5.27,575
60.7,19.6,70.1,521.6,40.3,66.3,59.9,5.44,Soybean,1.63,573
57.4,23.9,70.2,818.5,98.9,39.3,44.3,4.16,Maize,5.6,423
87.9,27.1,81.4,1448.0,173.6,58.6,96.2,3.3,Rice,6.41,323
32.3,23.6,50.8,595.0,80.0,31.4,35.8,6.06,Jowar,1.96,707
30.7,30.2,54.8,793.2,109.5,23.4,57.3,3.13,Cotton,2.8,341
60.7,25.8,63.1,652.7,110.7,60.7,45.0,4.95,Wheat,4.04,427
62.1,22.0,69.8,559.6,93.8,41.9,45.1,4.05,Wheat,4.0,382
77.2,25.1,75.1,1160.8,119.9,59.0,106.8,0.5,Rice,4.82,359
69.7,29.3,89.4,730.7,175.6,59.0,151.6,3.71,Rice,5.61,295
45.6,30.0,54.2,1254.0,82.9,29.1,40.5,3.66,Cotton,2.51,500
46.2,18.2,66.8,238.1,124.5,43.7,50.9,3.93,Wheat,3.6,435
60.2,24.9,56.9,334.7,145.3,53.4,47.2,3.23,Wheat,4.1,738
51.8,22.5,68.1,674.7,148.1,26.7,52.0,2.31,Maize,4.64,548
53.8,18.0,53.3,226.4,121.7,58.5,49.7,4.53,Wheat,4.09,418
70.7,28.4,94.4,1759.6,132.4,45.0,64.2,4.16,Rice,5.46,210
42.5,36.2,47.1,621.9,154.8,42.8,56.6,2.14,Cotton,2.75,496
61.0,23.2,55.0,387.2,173.7,53.3,85.2,2.28,Maize,5.51,906
72.9,24.8,72.8,1115.1,217.1,67.8,76.3,1.3,Rice,5.28,343
59.3,19.0,65.6,652.0,128.1,53.9,20.0,3.88,Wheat,4.48,467
43.9,18.1,48.0,173.1,25.7,44.1,37.8,4.33,Chickpea,1.92,728
77.1,24.5,55.7,464.8,131.6,50.4,33.6,5.05,Wheat,3.98,596
68.5,26.2,83.5,1522.9,188.8,34.0,73.9,3.22,Rice,6.0,283
63.2,25.3,58.9,875.4,125.6,48.8,55.8,5.65,Maize,5.76,792
64.6,26.6,87.7,964.7,205.6,69.6,86.2,3.29,Rice,5.29,359
64.8,17.4,68.1,497.5,132.6,74.2,41.0,4.23,Wheat,4.1,657
81.3,30.1,78.1,1300.1,140.1,61.2,76.4,4.45,Rice,5.27,528
79.6,27.8,82.9,1640.9,122.8,55.1,101.8,1.92,Rice,5.7,133
60.8,20.3,53.4,404.5,113.0,30.4,75.2,6.68,Maize,3.92,913
41.2,27.1,42.5,557.0,126.3,41.8,86.0,3.86,Cotton,2.71,817
34.7,28.5,45.9,507.7,54.8,32.2,29.9,4.88,Bajra,1.89,841
77.6,22.0,81.5,1270.4,216.6,52.2,107.1,4.34,Rice,4.42,199
66.1,25.1,59.8,546.9,141.1,69.1,45.1,4.64,Wheat,3.68,713
34.4,29.0,53.0,346.6,68.7,34.4,52.8,4.09,Bajra,2.12,726
43.6,30.9,45.4,299.7,113.8,32.7,83.8,1.97,Cotton,2.58,636
49.7,27.2,67.4,1261.5,33.8,32.5,60.2,4.58,Groundnut,1.75,791
50.7,29.2,75.6,665.4,28.9,58.7,70.1,3.02,Groundnut,2.31,536
59.5,24.6,66.2,471.3,42.7,65.6,65.0,3.04,Soybean,2.17,509
70.5,15.6,62.5,579.9,121.0,52.9,35.8,3.17,Wheat,4.64,592
79.9,36.2,80.5,1214.4,160.6,72.3,134.9,2.02,Sugarcane,8.37,487
68.2,31.8,80.5,933.4,157.4,57.2,101.7,4.89,Rice,4.46,554
52.8,28.0,69.9,847.6,42.6,42.2,57.2,3.45,Soybean,2.48,560
63.8,29.8,79.5,669.8,175.4,50.8,86.0,0.87,Rice,3.92,607
52.6,22.7,46.4,432.0,73.3,63.6,49.6,6.76,Wheat,4.79,926
75.2,23.1,66.2,1280.9,144.5,41.3,54.5,0.5,Rice,5.3,252
58.4,23.2,70.5,708.7,39.0,47.7,61.9,3.04,Soybean,1.86,407
35.7,16.4,58.3,323.8,25.7,42.0,45.7,4.96,Chickpea,1.83,480
78.0,23.7,76.6,2118.4,168.8,73.6,99.5,4.62,Rice,4.49,290
63.6,17.9,57.9,688.0,129.1,39.0,53.2,2.42,Maize,4.29,807
83.9,27.7,88.8,1738.9,151.4,57.0,112.0,0.5,Rice,5.88,341
77.2,27.8,78.5,1549.5,133.5,68.8,57.7,3.83,Rice,5.97,161
45.0,32.5,48.1,318.9,70.7,28.6,49.4,5.18,Bajra,1.76,654
42.8,29.0,72.0,925.1,43.8,59.9,47.2,4.77,Groundnut,1.88,603
55.8,27.5,64.2,523.2,47.9,67.4,69.2,5.13,Soybean,2.41,473
44.4,37.0,60.9,511.0,115.8,40.8,54.8,4.14,Cotton,1.76,568
50.9,27.1,80.3,1184.2,50.8,48.4,52.4,1.99,Soybean,2.27,398
46.2,20.8,49.5,121.4,31.8,38.6,33.7,2.73,Chickpea,1.3,429
38.2,33.8,62.5,544.3,75.6,31.9,46.2,2.07,Jowar,1.98,687
26.5,31.0,55.2,388.7,55.1,21.0,48.3,2.49,Bajra,1.89,694
23.4,40.2,32.0,362.6,65.4,18.4,32.9,1.41,Bajra,1.54,882
56.8,16.9,62.3,708.7,116.1,52.3,48.6,3.37,Wheat,3.66,395
50.8,15.7,63.4,604.0,133.6,40.8,33.0,3.6,Wheat,4.06,433
63.5,33.4,64.4,422.6,124.6,45.4,73.4,4.73,Cotton,2.14,474
50.2,29.7,59.0,608.8,103.5,42.9,58.5,3.69,Cotton,2.9,624
58.6,29.6,66.6,718.9,41.3,53.5,52.0,4.34,Groundnut,2.08,523
69.2,17.5,49.3,332.5,144.1,52.1,34.9,1.0,Wheat,4.45,709
48.2,30.2,64.5,858.6,105.3,41.6,60.7,2.25,Maize,4.9,788
50.3,31.1,47.3,346.7,143.8,42.0,82.0,1.72,Cotton,2.65,904
68.6,25.0,77.5,825.3,114.2,66.8,103.3,0.5,Rice,4.23,303
71.5,24.2,82.9,1049.5,122.8,68.4,102.1,3.62,Rice,5.77,247
58.7,22.8,51.8,259.2,128.1,71.4,39.6,5.19,Wheat,4.44,946
88.1,25.8,79.3,1676.1,223.0,89.4,217.6,4.75,Sugarcane,8.59,255
35.1,34.1,55.9,625.8,69.4,37.2,24.7,6.44,Bajra,1.86,820
28.4,27.5,36.1,345.2,60.9,26.8,47.6,4.97,Bajra,1.77,1020
63.1,19.0,67.5,761.6,142.4,42.8,35.4,3.87,Wheat,3.98,415
44.8,22.6,47.0,288.3,30.9,69.9,39.9,3.86,Chickpea,1.68,668
55.9,33.1,53.6,793.0,81.6,42.1,68.7,3.48,Cotton,2.75,616
87.3,27.9,78.8,1143.6,141.8,59.5,77.3,2.87,Rice,5.12,233
44.0,20.4,55.5,664.5,36.0,41.7,77.5,4.22,Groundnut,2.08,453
78.6,27.3,74.1,2293.7,132.9,42.9,80.9,2.11,Rice,4.21,211
37.9,29.0,38.7,442.9,59.6,33.9,40.4,3.8,Bajra,1.95,880
45.0,23.2,56.4,226.2,43.3,64.5,71.1,4.03,Soybean,1.48,582
42.6,33.4,34.4,822.1,127.0,37.0,91.8,5.58,Cotton,2.78,704
37.2,31.9,51.3,565.1,125.7,28.8,72.6,2.45,Cotton,2.47,576
55.7,28.0,70.9,602.3,111.4,34.5,52.2,3.4,Cotton,2.67,282
53.2,19.7,51.5,126.3,102.2,52.1,44.6,7.68,Wheat,3.86,928
62.2,23.3,65.9,1301.0,31.1,55.8,36.9,2.38,Soybean,1.74,81
52.5,15.7,80.2,491.9,130.6,39.2,54.9,3.19,Wheat,4.96,334
60.5,9.5,49.2,179.7,150.3,47.1,49.7,4.81,Wheat,2.6,794
27.4,38.1,32.6,489.7,42.8,31.2,39.9,2.52,Bajra,1.56,563
77.0,32.8,73.7,468.8,172.7,63.5,76.0,3.19,Rice,3.55,582
55.1,25.8,78.2,601.7,101.1,53.0,45.4,4.62,Maize,5.4,631
87.6,30.4,79.3,1383.0,168.4,32.1,63.3,2.97,Rice,5.17,202
53.9,29.3,40.7,779.3,54.4,27.4,32.5,1.67,Jowar,1.85,731
42.0,32.6,69.4,680.2,32.4,55.4,60.4,3.41,Groundnut,2.07,323
77.4,30.9,74.1,1456.3,166.2,49.9,108.8,1.05,Rice,5.28,442
39.5,29.0,53.2,350.6,54.0,38.8,50.7,6.48,Bajra,1.67,674
70.0,26.3,70.3,773.2,120.5,42.8,57.7,6.2,Maize,5.49,510
52.5,21.2,65.6,837.9,124.0,49.4,38.8,4.7,Wheat,4.37,716
80.4,27.7,87.9,1880.5,208.0,61.0,98.1,1.05,Rice,4.82,305
73.1,28.1,71.3,661.1,117.7,59.2,86.5,3.58,Rice,4.99,691
66.6,20.2,63.8,628.4,128.2,45.8,49.3,3.22,Wheat,4.9,644
40.1,26.4,71.8,717.4,40.7,64.5,60.0,1.16,Groundnut,2.12,286
76.8,27.4,80.1,1827.9,151.3,110.1,87.5,3.86,Rice,6.33,323
60.2,23.1,55.1,463.4,113.8,64.2,43.6,5.71,Wheat,3.46,708
59.8,24.3,54.5,952.8,163.4,36.8,47.7,5.47,Maize,5.48,352
43.5,29.2,53.9,683.9,62.6,33.4,41.9,0.5,Jowar,2.03,821
53.2,27.5,43.0,585.1,88.0,29.6,74.4,3.62,Cotton,2.79,715
35.5,28.5,61.6,266.0,85.2,43.1,49.4,0.6,Cotton,2.64,665
76.7,18.6,67.8,1130.7,172.8,46.0,48.8,3.46,Maize,3.52,311
81.9,33.7,76.4,1599.8,176.1,87.6,118.2,2.36,Sugarcane,9.15,342
52.7,29.0,75.2,1088.4,34.7,44.0,70.0,1.29,Groundnut,1.66,446
46.0,32.6,77.5,1114.6,92.8,29.3,41.8,2.47,Cotton,2.05,329
53.9,24.4,68.6,713.8,37.6,56.9,76.1,3.21,Groundnut,2.05,509
87.4,28.0,98.0,1664.2,201.6,48.9,129.6,4.22,Rice,6.15,0
63.4,22.9,65.8,578.7,160.4,33.4,83.7,6.63,Maize,5.49,747
70.1,20.2,79.3,1324.7,189.8,70.8,93.7,3.42,Rice,4.05,169
52.6,17.2,66.8,753.1,125.0,40.4,47.7,2.74,Wheat,4.26,168
92.0,25.3,91.1,1875.6,152.1,52.4,84.7,2.61,Rice,4.98,67
47.6,27.6,70.8,315.8,42.1,66.0,53.6,3.24,Soybean,1.9,401
50.3,31.2,48.4,448.3,73.5,39.0,42.2,3.35,Bajra,1.48,767
78.1,27.0,80.7,1733.3,181.3,69.0,89.4,5.87,Rice,5.77,147
65.8,25.1,61.5,883.3,185.4,54.3,64.9,3.51,Maize,5.7,575
82.4,27.6,83.6,1558.9,151.6,45.5,85.8,1.81,Rice,5.72,139
73.8,26.1,73.5,1197.1,169.7,41.0,54.6,3.21,Maize,5.13,741
48.0,27.3,71.8,253.3,68.3,25.6,42.0,4.09,Jowar,1.59,615
63.2,16.3,63.5,463.0,92.1,42.0,51.2,4.18,Wheat,4.56,872
45.3,26.5,51.3,942.4,110.0,33.3,93.0,2.7,Cotton,2.28,445
55.8,19.3,49.7,317.4,139.2,39.7,36.5,4.5,Wheat,5.19,791
75.3,16.7,57.4,854.9,87.9,50.7,56.6,7.6,Wheat,3.47,418
63.1,27.4,73.7,1047.8,38.2,61.4,55.8,4.03,Soybean,2.1,505
53.8,26.2,63.7,558.9,51.8,45.7,45.2,1.48,Groundnut,2.25,660
65.6,30.5,73.0,1429.8,173.5,55.5,92.5,3.07,Rice,5.71,127
60.6,28.5,55.5,534.8,128.2,49.9,67.2,1.57,Maize,4.33,444
46.8,29.4,49.7,530.5,112.0,29.6,68.2,2.2,Cotton,2.85,483
48.3,20.0,60.0,566.1,153.4,35.3,48.9,5.54,Wheat,3.91,349
44.7,23.1,50.0,655.3,79.4,28.9,36.7,3.83,Jowar,1.68,533
43.8,15.6,40.7,155.7,23.7,54.5,33.7,3.99,Chickpea,1.4,614
81.3,26.3,69.9,1679.8,225.3,87.5,112.0,1.87,Sugarcane,10.25,143
52.4,17.7,53.0,299.5,144.9,35.6,38.9,0.5,Wheat,4.24,682
67.7,27.8,86.6,1022.7,160.4,55.8,76.9,1.14,Rice,5.09,410
50.2,22.1,54.7,794.4,151.4,21.8,85.6,2.68,Cotton,2.3,390
57.7,28.2,62.8,818.4,129.3,50.3,59.3,4.08,Wheat,2.85,442
61.9,16.8,53.4,552.4,125.8,45.0,44.9,2.07,Wheat,3.76,635
81.8,28.6,85.7,1581.5,141.8,55.2,45.9,2.09,Rice,5.71,236
71.8,17.6,80.1,839.9,91.2,32.1,37.0,3.92,Wheat,3.27,284
76.6,31.3,80.1,1637.6,204.0,46.9,95.5,5.63,Rice,5.15,427
67.1,27.2,67.9,1014.5,43.7,53.3,43.3,2.96,Soybean,2.33,595
44.4,28.0,52.3,398.1,108.2,37.4,65.2,2.32,Cotton,2.67,765
71.6,15.6,62.1,797.0,120.9,52.0,55.8,2.11,Wheat,3.04,504
59.2,32.3,53.0,270.4,146.4,67.8,57.0,2.79,Maize,3.36,977
68.0,31.8,71.9,967.8,184.1,59.4,47.8,3.09,Maize,4.89,708
47.7,12.4,61.5,395.4,135.9,51.7,47.3,5.49,Wheat,3.42,529
47.8,29.8,66.4,157.2,31.4,41.9,70.1,3.43,Groundnut,1.7,565
47.8,29.6,52.3,906.2,133.3,29.5,85.5,0.5,Cotton,3.33,782
36.7,29.5,52.3,477.4,66.4,34.8,46.3,4.8,Jowar,2.33,526
56.7,26.4,63.5,828.1,123.8,38.4,81.7,3.03,Cotton,2.98,583
72.0,18.4,65.7,1068.7,113.4,57.4,37.4,2.51,Wheat,3.77,480
54.5,27.2,63.9,915.5,32.6,41.8,54.4,3.84,Groundnut,1.93,398
65.2,15.4,57.8,532.3,129.2,58.5,41.6,4.95,Wheat,4.67,567
56.6,22.9,61.1,688.0,118.1,47.9,58.3,3.61,Wheat,4.36,314
76.1,31.4,71.9,1216.5,171.8,92.5,183.9,3.08,Sugarcane,9.41,323
72.8,26.6,64.0,1003.1,100.7,41.8,71.3,1.5,Maize,5.03,185
49.0,26.4,32.0,798.2,69.7,23.3,41.5,3.39,Jowar,1.63,1023
76.1,28.9,74.4,1486.7,216.7,55.9,107.2,3.44,Sugarcane,11.28,590
48.8,25.9,72.4,1017.3,45.0,62.5,60.1,3.78,Groundnut,1.59,618
82.7,32.8,84.6,1320.3,120.6,82.0,76.1,5.13,Rice,5.28,352
69.7,22.1,74.3,571.5,161.7,43.6,98.7,4.22,Rice,3.64,624
38.7,13.4,56.4,296.0,22.2,48.9,42.9,6.16,Chickpea,1.58,839
61.4,29.1,72.6,1031.9,108.3,41.0,81.9,2.72,Cotton,2.61,582
47.6,24.2,61.6,1071.4,20.0,49.2,62.7,3.87,Groundnut,1.77,647
60.4,24.6,41.9,654.0,121.0,41.8,32.6,3.35,Wheat,4.45,561
65.6,22.2,67.7,775.4,141.8,46.0,55.5,4.02,Maize,5.44,561
75.4,29.7,66.4,1352.3,204.7,77.4,204.0,4.24,Sugarcane,9.59,349
43.9,31.8,36.9,124.0,74.7,44.3,88.9,2.21,Cotton,2.58,604
45.8,24.0,58.4,244.8,105.9,39.6,41.7,2.81,Wheat,3.33,455
62.9,24.8,74.9,1146.4,138.7,39.2,49.5,5.69,Maize,4.91,459
77.6,23.0,78.0,1176.5,168.9,48.9,64.1,2.1,Rice,4.24,530
48.1,15.5,58.6,760.4,109.7,42.2,45.3,5.85,Wheat,4.82,355
61.5,28.5,83.6,1087.3,34.1,69.4,65.9,4.57,Soybean,2.13,608
60.3,28.2,69.2,857.1,29.8,42.3,67.5,10.49,Groundnut,1.89,700
51.2,15.6,60.6,490.7,162.5,33.0,48.7,5.6,Wheat,4.58,526
47.1,30.4,65.2,757.3,40.5,60.6,61.1,1.13,Groundnut,2.14,444
57.1,21.3,58.3,570.3,90.4,44.3,57.8,3.0,Wheat,4.94,582
49.1,29.7,62.0,455.8,22.4,75.1,92.4,4.83,Groundnut,2.17,731
55.2,23.2,70.3,613.0,36.7,91.1,59.7,2.86,Soybean,1.92,435
56.6,17.0,67.2,644.4,128.2,48.0,29.7,5.03,Wheat,4.79,343
55.1,32.0,77.9,697.0,114.3,43.2,77.1,4.81,Cotton,2.82,478
60.0,19.6,64.0,814.7,170.7,58.7,23.7,3.45,Wheat,4.66,197
77.5,25.9,83.6,1413.3,189.4,69.5,103.4,4.91,Rice,5.53,323
63.3,27.9,68.1,1070.8,44.5,74.7,54.0,4.16,Soybean,2.41,632
52.6,23.7,53.1,1127.9,31.6,49.1,27.7,2.74,Groundnut,1.46,610
74.5,26.8,79.3,1691.5,183.4,57.4,65.3,2.63,Rice,5.77,420
54.3,21.3,50.6,278.8,37.3,44.5,40.4,1.78,Chickpea,1.61,760
38.0,14.7,35.9,196.3,20.8,41.4,35.4,2.91,Chickpea,1.4,898
42.2,31.4,53.4,588.0,117.1,45.0,81.1,7.41,Cotton,2.93,650
51.0,21.2,56.2,248.5,91.8,36.5,39.7,4.3,Wheat,3.4,519
45.8,31.7,47.9,648.1,57.2,35.4,40.9,4.74,Bajra,1.7,625
56.3,27.5,80.2,959.6,38.5,72.3,59.5,3.95,Soybean,2.74,364
55.8,28.6,60.1,1035.7,51.8,83.1,60.5,1.66,Soybean,2.27,715
83.9,29.6,80.7,1484.6,153.2,48.0,92.2,1.24,Rice,5.67,564
76.2,28.3,66.1,1759.3,241.7,120.0,186.0,0.63,Sugarcane,11.44,448
79.1,27.2,70.0,1266.2,165.0,62.0,84.9,4.64,Rice,6.33,297
57.5,27.1,61.8,603.1,121.1,64.7,42.7,4.66,Wheat,3.37,448
75.1,29.8,90.6,1276.1,183.1,45.4,93.6,3.43,Rice,5.6,241
28.4,30.1,49.6,454.5,74.7,25.3,43.0,1.0,Jowar,2.23,886
50.3,24.3,52.6,604.6,100.3,59.0,39.5,1.9,Maize,5.38,683
47.0,28.0,51.8,760.4,98.3,49.9,72.2,4.22,Cotton,2.74,609
74.9,28.0,81.1,1667.7,173.9,60.2,86.3,4.88,Rice,5.54,171
55.0,24.4,61.2,825.3,102.8,51.8,34.7,2.28,Wheat,3.85,674
70.0,27.1,59.5,701.3,147.9,51.0,59.9,5.25,Maize,6.25,611
49.0,24.3,68.6,591.8,118.6,50.0,58.6,3.67,Maize,4.6,502
84.7,29.4,78.4,1400.4,120.7,47.0,82.5,0.63,Rice,5.58,353
70.4,29.1,79.7,363.0,111.8,64.7,112.2,1.14,Rice,4.96,713
64.7,25.7,68.4,1752.3,235.9,77.1,194.1,2.1,Sugarcane,9.76,342
71.7,30.5,71.3,1049.1,50.0,71.5,72.0,2.4,Soybean,2.02,692
71.6,26.9,68.1,1047.6,47.7,82.2,56.1,2.3,Soybean,2.39,648
43.1,29.7,38.4,829.7,112.7,54.4,92.8,4.22,Cotton,3.01,714
69.0,16.6,66.2,518.9,100.4,50.4,35.0,3.18,Wheat,4.34,675
82.3,29.9,79.8,1504.7,182.8,44.4,95.8,1.36,Rice,6.39,297
45.4,28.1,57.4,910.1,40.3,65.3,55.2,4.33,Groundnut,2.12,428
56.2,27.1,65.5,896.7,141.2,48.7,59.7,1.31,Maize,4.84,453
59.5,24.0,57.2,968.1,101.9,42.6,61.6,2.17,Maize,4.84,410
37.6,30.4,40.0,475.8,65.1,30.1,46.3,3.98,Jowar,2.52,812
51.6,27.4,55.7,573.6,139.1,39.9,54.6,4.12,Cotton,2.61,614
72.2,31.6,66.7,586.2,173.9,55.8,67.0,0.5,Rice,4.36,613
58.6,14.9,50.2,695.9,147.9,42.8,45.8,0.5,Wheat,4.44,766
77.8,21.3,90.6,1786.9,156.6,31.9,109.5,2.29,Rice,4.2,0
70.7,22.9,82.2,983.0,166.6,52.8,105.7,2.55,Rice,3.13,406
62.6,25.6,69.6,832.2,47.2,55.2,36.7,3.85,Soybean,2.1,192
45.3,17.2,49.7,382.5,32.0,53.6,42.6,0.5,Chickpea,1.81,704
72.7,26.6,75.3,1609.5,188.8,53.9,90.9,4.55,Rice,5.93,199
45.2,26.4,54.7,634.8,95.8,47.2,89.6,2.32,Cotton,2.92,628
55.1,21.5,65.3,975.1,164.0,54.1,44.7,0.5,Maize,4.92,698
55.0,28.3,55.4,1280.7,47.7,58.1,73.0,3.01,Soybean,1.79,260
46.7,23.9,40.8,294.8,41.3,43.3,37.3,6.11,Jowar,1.47,776
57.1,21.6,61.5,445.5,129.0,47.2,36.4,3.57,Wheat,4.51,571
65.3,23.8,86.4,543.1,161.6,55.6,44.4,5.92,Maize,5.13,86
48.3,26.2,80.8,978.2,50.3,44.9,68.8,4.26,Soybean,2.62,469
46.0,24.6,59.6,551.7,26.7,63.0,44.3,4.19,Groundnut,1.83,590
57.6,25.1,63.2,1445.1,45.7,48.9,42.2,2.83,Soybean,1.78,364
42.5,30.6,47.5,503.4,53.4,38.3,47.6,3.15,Jowar,2.22,568
34.5,34.8,53.2,925.2,75.7,29.2,69.8,2.0,Cotton,2.33,1023
73.0,24.6,73.0,942.3,125.4,45.7,59.2,3.67,Maize,4.79,370
49.3,34.6,66.7,921.4,90.2,45.1,80.7,4.02,Cotton,2.44,203
47.8,35.1,57.2,573.3,47.8,32.8,39.3,1.98,Bajra,1.26,456
78.3,31.7,72.2,1743.5,158.9,48.9,109.3,2.97,Rice,5.61,284
92.0,24.8,76.4,1674.1,204.6,85.4,135.2,3.22,Sugarcane,8.56,260
67.4,22.0,70.1,1247.3,53.5,64.4,63.7,5.51,Soybean,1.51,403
44.6,35.4,58.4,366.4,94.3,46.9,67.8,4.29,Cotton,1.81,454
44.0,29.7,73.7,668.6,42.5,68.8,49.5,0.5,Soybean,2.0,544
51.7,22.2,48.5,229.9,26.9,21.5,34.6,5.54,Chickpea,1.57,628
58.6,17.2,60.2,279.5,124.3,61.4,49.3,2.18,Wheat,4.09,403
69.1,23.9,84.0,1607.6,150.0,50.7,104.2,2.59,Rice,4.5,151
50.7,29.1,49.4,742.3,73.0,23.5,38.9,4.76,Bajra,1.4,578
48.8,20.0,43.4,316.7,26.2,40.8,27.9,3.24,Chickpea,1.68,859
75.1,30.5,88.5,832.2,159.7,41.6,73.0,2.43,Rice,5.06,406
77.5,33.5,82.3,2133.2,248.9,120.0,217.3,2.18,Sugarcane,9.94,185
53.2,32.2,60.0,926.8,26.4,53.0,78.3,3.64,Groundnut,1.69,537
57.3,30.3,72.2,806.1,39.7,54.3,48.1,4.45,Soybean,2.31,488
64.0,26.0,57.6,442.4,157.4,52.3,39.4,4.3,Maize,4.5,929
34.2,35.2,38.1,573.1,73.0,45.9,41.2,4.33,Jowar,1.7,639
41.4,33.5,46.0,330.0,56.2,28.2,38.2,5.5,Bajra,1.76,782
45.4,17.9,55.8,417.5,141.7,39.0,50.7,2.6,Wheat,4.04,742
52.7,18.0,56.7,169.0,191.6,44.6,47.3,2.75,Wheat,5.36,505
46.6,20.0,60.2,151.9,24.1,35.1,27.3,4.17,Chickpea,1.32,659
56.6,23.9,46.3,839.6,174.6,46.1,51.6,3.76,Wheat,4.11,674
64.3,29.4,77.5,1931.7,165.8,55.6,110.6,3.71,Rice,4.45,213
34.9,31.7,54.5,605.0,66.7,37.7,36.7,6.77,Jowar,1.72,705
49.2,24.2,45.6,350.1,23.4,48.2,37.6,2.28,Chickpea,1.59,869
45.1,30.8,70.2,510.0,146.6,47.2,56.4,3.25,Maize,3.8,683
60.8,28.9,63.5,1026.3,35.6,48.1,59.5,1.83,Soybean,2.45,464
35.8,30.9,62.8,393.5,61.3,37.6,41.8,4.12,Jowar,2.12,609
67.6,31.0,57.5,571.2,147.5,36.7,43.0,3.92,Maize,4.46,963
67.3,23.7,77.8,1393.0,125.2,46.4,65.1,3.37,Maize,3.94,171
49.3,33.6,37.8,569.1,70.4,39.7,47.0,3.67,Jowar,1.65,771
25.5,32.4,62.1,383.5,64.2,25.7,44.6,3.09,Bajra,1.78,724
65.3,23.3,61.8,833.8,136.3,56.8,83.2,3.2,Maize,5.1,555
87.6,27.2,81.2,1442.9,186.5,65.6,120.0,3.61,Rice,6.02,415
57.2,26.6,72.3,1229.3,44.2,64.6,37.9,2.66,Soybean,1.67,428
78.6,31.5,75.4,1561.4,221.9,92.9,184.1,4.16,Sugarcane,10.89,456
43.6,18.3,27.5,305.1,22.8,61.0,36.2,5.22,Chickpea,1.86,1018
36.1,27.8,43.5,507.3,67.0,39.0,42.9,3.46,Jowar,2.31,672
61.7,21.4,53.6,177.4,131.0,36.9,50.9,1.58,Wheat,4.26,705
61.9,17.8,67.4,735.5,146.6,54.9,47.1,2.61,Wheat,4.0,492
54.8,29.2,72.0,756.9,41.6,57.7,59.3,2.92,Soybean,2.3,399
57.5,26.7,58.9,966.0,35.0,47.8,66.3,3.88,Groundnut,1.96,535
33.7,33.1,50.4,424.0,72.5,22.9,24.3,0.93,Bajra,2.21,493
50.6,28.0,77.0,598.9,30.1,71.4,39.4,3.02,Soybean,2.23,559
65.6,26.7,80.5,1386.7,152.4,60.6,121.9,3.05,Rice,5.65,588
65.4,29.2,72.9,1600.8,188.1,61.8,81.0,2.91,Rice,5.06,617
49.5,20.0,61.0,320.6,29.6,51.8,33.1,3.09,Chickpea,1.83,800
57.7,15.4,44.3,460.6,84.5,30.7,59.5,4.86,Wheat,4.42,557
43.9,26.6,72.8,648.5,29.2,53.4,61.7,1.22,Groundnut,2.27,705
43.8,18.7,38.3,405.8,20.0,46.4,34.9,1.68,Chickpea,2.05,640
69.4,26.4,59.8,645.1,40.8,56.6,60.1,0.5,Soybean,2.47,563
75.8,23.1,87.9,2021.0,194.9,41.9,58.2,5.03,Rice,4.89,503
36.8,34.1,45.4,552.9,69.5,22.2,41.9,4.45,Jowar,2.18,522
53.8,30.5,64.8,886.1,146.7,46.4,62.0,3.93,Cotton,2.77,632
62.0,21.0,51.5,257.1,155.0,50.5,59.4,4.51,Wheat,4.52,723
81.9,24.8,82.2,1171.3,167.4,61.6,71.8,2.86,Rice,4.9,313
50.1,22.6,48.2,204.4,30.3,75.3,39.9,4.81,Chickpea,1.47,572
37.3,21.4,58.3,436.7,29.4,40.4,38.5,3.27,Chickpea,1.75,674
76.0,26.3,76.2,1143.4,142.0,35.5,56.4,4.09,Maize,4.32,311
45.5,19.2,70.3,166.7,151.4,51.3,33.0,3.71,Wheat,3.51,712
52.8,23.9,72.4,717.9,148.9,42.0,48.4,3.59,Maize,4.92,654
73.5,32.9,82.8,2160.7,154.9,64.9,103.7,2.93,Rice,4.48,18
65.3,30.1,71.1,1151.5,118.0,60.8,72.7,1.56,Maize,4.53,341
48.1,17.7,59.0,325.9,135.2,63.3,33.2,3.08,Wheat,5.02,568
42.8,29.7,58.7,769.3,27.4,55.1,76.3,3.8,Groundnut,1.91,381
62.6,20.3,72.3,832.2,153.2,36.6,29.5,3.43,Wheat,3.62,277
82.2,24.7,73.8,1162.2,155.9,80.6,159.7,1.13,Sugarcane,8.94,412
35.4,36.4,32.2,311.0,69.6,31.6,44.2,3.16,Bajra,1.66,762
46.3,25.8,46.3,771.9,58.1,45.0,41.1,5.75,Jowar,1.75,401
61.7,13.5,61.5,496.2,130.2,34.3,54.2,5.54,Wheat,3.68,494
56.0,24.7,79.2,1393.5,40.9,52.9,66.4,5.18,Soybean,2.17,413
67.2,17.1,72.2,570.3,141.9,52.8,48.3,4.73,Wheat,4.34,297
71.4,29.1,81.0,1287.7,218.5,64.2,78.3,3.16,Rice,5.75,188
56.1,28.7,60.7,554.3,66.8,39.7,47.4,3.59,Jowar,2.17,822
49.5,27.9,57.2,898.3,36.4,51.4,65.9,2.64,Groundnut,2.35,764
73.8,19.6,65.3,641.9,143.6,54.2,51.6,4.46,Wheat,4.28,278
46.2,23.9,56.0,473.2,118.5,46.8,36.4,4.48,Wheat,4.32,412
36.7,27.8,49.7,399.3,72.8,31.3,52.7,3.97,Jowar,2.06,735
56.8,30.6,55.4,887.1,112.5,54.9,57.1,0.9,Cotton,2.64,390
52.5,18.2,51.9,840.8,143.1,65.5,33.7,4.73,Wheat,4.42,568
63.6,22.3,70.9,530.6,165.7,45.5,52.4,5.15,Wheat,5.46,429
61.3,23.7,72.8,1030.3,152.8,37.4,63.8,4.42,Maize,5.32,508
70.2,27.9,72.1,808.7,48.4,57.1,48.4,1.52,Soybean,2.29,63
36.5,32.1,53.2,50.9,72.6,29.4,25.2,5.27,Bajra,1.82,350
60.3,19.9,54.6,443.9,155.3,57.0,58.5,1.44,Wheat,4.64,445
57.9,27.7,54.6,942.0,120.6,17.0,64.3,4.78,Cotton,2.38,731
58.7,32.4,55.9,712.6,41.3,40.9,42.0,2.66,Soybean,2.04,569
50.8,29.5,50.8,691.8,104.4,39.1,76.2,3.13,Cotton,3.19,369
26.4,27.4,36.2,435.6,63.6,35.8,61.6,2.38,Bajra,1.81,837
50.7,25.0,66.0,481.6,173.8,43.2,39.6,2.78,Maize,5.07,654
52.7,29.3,60.4,642.9,46.5,59.4,47.0,1.08,Soybean,2.55,529
47.3,16.6,72.7,582.1,132.4,46.3,38.9,4.47,Wheat,4.29,427
55.6,17.4,58.3,215.8,31.4,35.9,29.8,5.46,Chickpea,1.78,703
48.3,26.8,66.3,776.5,34.2,72.5,54.7,5.27,Soybean,2.28,691
40.2,29.9,70.2,526.8,27.1,80.4,44.7,2.81,Groundnut,1.99,529
41.2,27.1,62.0,526.2,66.7,25.7,50.8,6.51,Jowar,2.01,652
68.8,31.2,78.9,1719.7,159.9,68.9,100.7,1.8,Rice,5.65,291
54.7,24.8,52.4,613.1,153.4,39.8,48.9,5.41,Wheat,3.89,572
39.8,27.4,60.0,431.9,60.3,27.7,42.2,4.36,Jowar,1.8,455
79.1,29.4,69.8,2054.7,204.5,111.4,214.6,4.75,Sugarcane,11.36,362
49.2,28.0,65.4,1058.3,33.1,60.1,75.5,3.11,Groundnut,2.31,429
50.1,26.4,67.2,1490.5,43.7,43.1,49.9,6.59,Soybean,1.95,369
64.0,24.5,70.6,285.9,184.6,70.9,104.8,3.31,Rice,4.09,677
56.3,27.9,62.6,835.1,43.3,65.7,73.1,2.12,Soybean,2.32,601
51.7,32.9,55.2,918.4,155.1,43.9,61.2,3.04,Maize,4.86,707
52.3,34.1,53.9,811.9,145.0,46.2,73.1,2.43,Cotton,2.33,352
34.2,26.6,44.7,435.8,63.9,33.4,44.4,3.65,Jowar,2.05,793
44.5,25.1,41.9,220.4,60.7,30.8,40.7,4.62,Bajra,1.43,656
80.8,31.9,76.5,1913.9,193.7,87.4,235.9,1.7,Sugarcane,10.06,168
88.2,35.2,84.4,1636.1,120.1,54.6,92.4,3.09,Rice,4.38,140
37.6,20.7,59.0,413.2,28.2,36.4,29.2,1.16,Chickpea,1.86,794
43.9,22.3,58.0,252.4,155.1,48.4,48.7,5.22,Wheat,4.45,762
61.0,30.3,63.0,474.3,34.0,45.4,73.7,3.16,Groundnut,1.96,457
47.5,18.2,61.1,394.4,103.8,58.4,37.7,3.11,Wheat,4.39,416
65.1,19.9,48.2,635.0,71.3,41.2,52.6,4.66,Wheat,3.84,662
77.8,26.4,70.2,1001.2,147.9,56.2,83.0,2.05,Rice,4.7,374
44.0,31.1,47.2,926.0,53.5,39.6,45.7,2.56,Jowar,1.5,889
77.7,35.8,80.1,2500.0,201.0,37.8,121.2,1.16,Rice,3.87,0
54.9,17.3,55.4,885.2,156.6,45.2,56.7,4.0,Maize,3.8,291
40.3,28.3,42.2,709.8,54.5,30.9,49.1,4.16,Bajra,1.43,653
65.8,18.3,62.6,470.5,131.6,35.6,60.0,3.58,Wheat,4.9,573
67.0,25.1,57.4,770.3,41.6,58.6,67.6,3.65,Groundnut,2.06,595
66.5,21.6,58.8,1303.0,52.2,58.3,59.7,5.84,Soybean,1.82,612
46.1,31.9,67.1,669.6,57.5,48.3,64.7,2.77,Cotton,2.58,833
40.6,29.3,60.3,690.5,47.9,34.8,27.5,2.36,Bajra,1.69,509
54.1,17.3,67.0,509.6,135.7,49.7,48.0,4.36,Wheat,5.07,448
42.5,31.1,35.2,269.0,83.6,18.4,44.0,2.9,Jowar,2.18,509
55.6,31.7,65.6,730.9,44.0,61.7,58.8,5.74,Soybean,1.85,553
48.7,25.6,56.0,1007.5,93.2,52.2,59.4,5.98,Maize,5.4,687
71.0,28.6,72.2,1858.5,209.6,97.9,175.6,0.61,Sugarcane,9.48,288
72.9,29.5,63.5,1996.1,137.1,35.9,52.3,2.82,Maize,2.88,557
58.1,23.0,57.6,1153.2,153.2,51.3,59.2,4.16,Maize,5.38,529
47.5,19.2,58.0,690.4,21.3,47.3,37.0,4.88,Chickpea,1.52,814
67.4,26.3,84.2,1819.2,155.2,49.0,121.6,5.4,Rice,5.47,307
48.6,26.6,68.0,498.3,132.5,47.0,52.1,2.83,Maize,4.46,362
36.4,27.9,44.9,874.3,99.2,30.6,70.8,1.32,Cotton,3.01,556
53.2,23.0,69.7,763.1,49.2,68.5,35.5,2.01,Soybean,1.83,241
56.3,31.1,58.8,750.4,127.3,44.8,74.9,5.34,Cotton,2.9,297
65.3,25.0,67.0,1257.8,135.8,44.4,49.2,2.74,Maize,5.21,479
39.0,29.0,44.1,505.7,66.4,30.5,50.2,4.24,Jowar,1.88,837
65.2,24.6,43.7,437.9,35.3,36.8,20.8,1.66,Chickpea,1.09,1016
48.1,29.0,47.7,498.5,107.9,42.9,47.3,2.48,Cotton,2.47,670
56.4,37.5,68.2,894.9,65.7,26.7,31.7,4.38,Bajra,1.05,437
32.3,19.1,53.5,586.1,20.3,34.3,33.2,4.17,Chickpea,1.57,455
58.7,23.2,48.6,470.3,97.3,55.0,55.2,5.38,Maize,4.79,829
79.3,27.8,62.3,1612.9,102.2,50.5,93.4,3.49,Rice,6.35,490
46.8,23.1,68.8,538.2,142.1,48.5,65.8,3.44,Wheat,4.25,423
58.4,19.7,60.9,587.4,165.8,36.0,50.4,3.82,Wheat,4.31,677
84.8,24.4,80.4,1222.1,208.5,49.8,113.7,1.96,Rice,4.55,430
66.0,22.5,54.2,1094.0,115.9,60.7,44.2,5.05,Maize,4.6,268
74.9,30.1,71.4,1228.5,156.3,66.8,103.4,1.62,Rice,5.41,523
57.0,24.5,59.1,903.1,53.4,65.6,50.9,3.7,Soybean,2.68,565
59.8,24.3,77.5,1243.0,135.0,55.3,40.7,3.92,Maize,3.72,301
36.7,26.5,53.0,274.1,23.2,49.6,43.1,5.34,Chickpea,1.3,603
35.6,24.2,53.3,149.2,34.5,39.7,40.3,1.69,Chickpea,1.25,950
60.8,25.9,66.8,916.6,120.6,46.8,52.4,1.82,Maize,5.74,720
48.9,29.7,63.3,556.4,42.0,70.0,39.1,3.53,Soybean,1.9,838
36.9,34.7,54.2,386.2,85.5,49.4,69.0,0.72,Cotton,1.87,467
40.2,23.1,50.8,426.1,21.2,40.2,32.5,5.99,Chickpea,1.54,564
60.5,20.3,52.4,687.4,100.5,51.6,52.6,3.51,Wheat,4.41,763
37.9,28.4,58.1,963.1,77.6,37.5,70.9,3.48,Cotton,2.84,357
55.3,27.5,44.4,922.8,106.8,39.7,63.2,4.53,Cotton,2.7,541
48.1,20.6,40.7,127.6,102.7,47.4,21.2,3.39,Wheat,3.96,484
80.3,32.1,86.9,1970.2,165.3,119.9,142.1,4.35,Sugarcane,8.62,514
56.1,27.0,72.5,505.2,39.8,45.1,62.2,4.43,Groundnut,2.1,655
77.4,25.3,78.6,1546.8,158.0,62.2,73.4,1.22,Rice,5.06,390
62.3,26.1,60.6,527.0,128.8,45.2,51.3,3.96,Maize,5.4,614
55.3,19.8,58.2,326.0,142.1,46.3,45.9,4.8,Wheat,4.31,558
37.3,27.1,57.1,330.4,56.3,33.3,41.3,3.71,Bajra,2.04,569
42.5,25.4,61.3,483.4,49.4,36.6,49.5,4.26,Bajra,1.39,676
47.3,29.5,64.9,362.8,93.3,31.4,46.8,2.91,Bajra,2.1,457
50.9,28.8,42.3,1044.4,118.9,29.7,51.6,4.26,Cotton,2.51,844
51.2,20.8,56.7,422.1,135.5,52.2,38.7,0.5,Wheat,4.42,546
81.9,28.5,77.8,1095.7,151.8,55.5,76.0,5.64,Rice,6.06,241
41.5,31.6,56.6,24.1,107.6,37.6,74.2,4.49,Cotton,2.25,872
59.3,22.8,53.7,618.0,93.5,53.9,46.8,4.3,Wheat,4.52,599
50.9,16.7,52.5,420.4,25.1,47.1,23.9,0.5,Chickpea,1.72,740
66.2,26.8,42.6,668.6,159.3,38.4,45.6,4.21,Maize,5.93,631
74.5,23.2,76.6,304.5,78.9,55.8,24.2,4.15,Wheat,3.58,135
33.5,26.8,55.2,686.0,98.4,51.9,72.8,3.55,Cotton,2.26,686
60.2,19.3,73.8,696.9,114.1,40.9,45.8,4.53,Maize,4.13,247
71.5,30.9,83.9,2214.7,190.8,63.4,85.3,2.75,Rice,4.66,389
67.1,26.5,65.8,1518.7,232.7,87.3,153.6,2.09,Sugarcane,9.8,174
49.7,29.4,62.0,734.3,37.4,61.2,62.5,4.5,Groundnut,2.38,254
45.8,28.4,56.4,646.1,128.0,29.9,51.5,3.11,Cotton,2.84,645
56.5,29.3,53.6,992.1,109.7,45.3,73.8,1.49,Cotton,3.11,641
58.8,28.0,52.3,914.9,109.8,35.7,32.9,3.98,Cotton,2.24,612
37.8,25.4,51.1,687.5,68.1,32.9,40.9,4.67,Jowar,2.06,444
53.8,25.7,39.2,253.9,81.8,38.5,58.7,6.55,Jowar,1.86,898
73.7,24.9,89.1,1375.1,48.3,64.1,47.2,4.96,Soybean,2.01,43
79.7,30.3,80.7,1742.2,201.0,49.8,44.0,2.6,Rice,5.13,213
40.0,31.2,47.8,161.9,69.9,33.5,40.8,5.05,Jowar,2.13,593
29.9,26.4,54.4,450.7,64.4,25.8,48.7,0.77,Bajra,1.72,578
73.1,25.3,78.0,1008.4,216.8,66.2,82.0,1.01,Rice,5.13,518
75.1,26.3,81.3,1543.1,159.2,45.9,100.6,0.5,Rice,5.0,203
45.9,28.3,52.2,749.8,105.7,50.2,96.5,4.58,Cotton,3.11,704
64.9,26.4,72.9,766.3,39.8,47.0,60.5,4.38,Soybean,2.16,561
54.2,27.7,53.0,644.7,31.1,44.1,79.4,0.5,Groundnut,2.11,358
54.4,31.3,67.4,807.1,45.5,64.1,51.9,0.67,Soybean,2.15,311
54.3,30.1,79.4,1153.3,157.4,45.8,63.6,4.64,Maize,5.36,299
60.6,31.3,72.1,705.8,140.5,44.1,47.8,3.64,Maize,4.75,376
51.9,27.8,51.3,694.6,51.1,61.1,51.7,4.1,Soybean,1.96,677
34.4,38.7,52.2,367.5,45.4,19.9,33.0,4.59,Bajra,1.41,363
45.2,24.2,49.5,253.9,136.5,37.5,66.9,5.8,Cotton,2.41,806
72.8,26.7,65.6,940.2,39.9,38.6,57.4,2.78,Soybean,2.41,604
50.7,30.7,60.0,459.8,68.0,26.1,42.1,4.26,Jowar,1.97,567
75.7,26.6,67.0,895.4,92.5,69.5,62.6,3.87,Rice,5.42,269
25.5,30.1,40.5,417.2,57.3,43.2,52.2,2.45,Jowar,1.91,737
69.1,32.6,73.7,883.5,222.4,53.8,94.6,1.2,Rice,4.62,350
65.6,32.2,72.6,969.6,36.9,64.3,81.8,3.62,Groundnut,1.42,518
56.2,27.9,69.5,459.0,49.3,78.2,67.5,4.51,Soybean,1.94,506
69.8,28.3,78.0,1692.2,142.7,51.9,97.5,2.7,Rice,6.53,420
53.9,20.3,62.5,544.1,188.5,41.9,43.6,2.76,Maize,3.73,496
38.8,28.9,48.6,588.1,38.4,23.4,41.5,4.52,Bajra,1.84,886
49.4,35.5,57.0,908.3,105.4,37.5,51.9,3.7,Cotton,2.33,203
58.2,28.9,62.3,636.1,168.0,52.5,62.7,3.93,Maize,5.66,396
42.8,26.1,58.1,547.6,58.4,37.8,55.1,2.58,Jowar,2.34,673
59.6,19.2,57.4,562.3,154.4,55.6,53.7,2.33,Wheat,4.04,366
70.6,33.2,80.7,1463.7,55.9,45.1,59.2,3.74,Soybean,1.46,428
74.5,29.0,67.5,1214.9,214.9,105.7,216.9,5.2,Sugarcane,8.13,250
79.1,21.3,79.4,1565.2,200.6,50.5,83.4,2.44,Rice,4.46,326
33.2,31.9,48.8,545.3,62.9,23.2,27.8,2.36,Bajra,2.08,524
49.8,19.8,58.8,389.3,168.8,54.6,53.4,5.31,Wheat,4.84,542
53.5,30.7,52.2,228.2,44.6,65.2,66.9,5.9,Soybean,1.48,705
63.2,27.6,77.2,897.4,144.8,47.5,83.4,3.34,Rice,5.5,388
75.8,28.9,80.4,1894.1,235.7,68.8,214.6,4.28,Sugarcane,10.58,212
72.0,26.8,69.0,1119.0,38.5,67.3,37.1,4.81,Soybean,2.25,773
57.2,14.2,54.2,703.6,137.3,44.4,58.6,5.55,Wheat,3.68,608
51.9,33.4,62.0,839.5,36.5,47.1,66.5,3.22,Groundnut,1.79,379
57.9,29.5,58.8,850.4,31.3,58.2,88.1,4.01,Groundnut,2.03,697
40.1,28.8,44.6,328.0,53.7,42.5,44.4,3.72,Jowar,1.99,846
43.9,21.1,74.2,703.0,145.6,39.6,51.7,3.16,Wheat,4.46,641
57.5,23.0,52.7,499.4,50.3,81.1,58.2,2.02,Soybean,1.6,920
52.5,26.1,61.8,543.8,37.7,58.2,73.5,0.5,Groundnut,2.04,423
38.9,21.5,45.0,462.3,20.0,45.8,41.3,1.92,Chickpea,1.66,866
39.0,29.6,48.0,536.2,57.5,31.1,37.0,3.51,Jowar,2.17,849
88.8,26.6,94.4,1618.2,153.4,38.0,99.0,0.5,Rice,5.39,217
42.6,33.5,36.4,579.6,65.0,28.6,55.9,3.51,Jowar,1.93,783
50.1,24.3,60.3,658.5,151.1,37.2,66.3,1.05,Maize,4.83,100
61.2,22.1,53.9,299.7,119.5,52.1,45.3,3.81,Wheat,4.0,569
62.1,14.7,40.4,104.1,135.0,69.0,42.0,3.71,Wheat,2.5,1023
62.7,16.9,79.9,349.5,95.9,46.4,59.7,2.96,Wheat,4.44,175
37.1,17.3,53.1,395.5,31.6,43.6,43.5,3.18,Chickpea,1.85,569
42.0,36.9,69.8,413.6,72.0,31.6,40.6,3.4,Jowar,1.5,567
69.8,29.0,72.2,1222.5,204.4,53.8,79.2,2.5,Rice,5.79,492
58.1,25.2,66.7,979.6,40.8,55.4,55.9,3.1,Soybean,2.34,728
83.0,27.3,81.5,1533.6,199.5,60.4,103.4,2.18,Rice,5.96,28
77.2,24.9,87.1,840.9,166.9,47.6,92.2,3.58,Rice,4.32,346
57.9,20.7,61.8,398.5,149.8,26.5,56.8,5.84,Maize,4.39,720
73.2,29.9,67.4,1133.8,155.0,61.0,77.2,2.91,Rice,5.72,246
56.9,20.6,50.4,538.4,26.8,43.1,34.8,3.44,Chickpea,1.73,649
44.8,34.0,59.3,620.2,97.3,42.1,74.4,0.5,Cotton,2.43,870
50.1,27.0,65.2,1056.1,171.8,41.6,46.8,2.66,Maize,5.34,681
65.5,26.8,58.1,1017.0,32.7,50.9,73.3,4.78,Groundnut,1.42,621
89.5,32.2,87.8,1851.8,143.6,52.9,98.4,2.3,Rice,5.01,0
46.8,18.0,62.2,498.4,33.6,53.3,31.2,2.05,Chickpea,1.61,551
92.0,22.6,81.2,1658.7,154.8,56.9,103.7,4.88,Rice,4.25,350
48.8,25.7,54.4,1058.1,114.5,32.7,68.7,1.09,Cotton,2.56,513
54.8,21.2,60.2,1000.9,114.7,40.0,52.2,2.58,Wheat,4.11,513
59.1,15.5,34.4,429.1,85.9,43.3,36.5,4.74,Wheat,4.13,1023
70.6,28.9,64.0,1690.5,33.0,61.8,69.3,2.7,Soybean,1.68,374
53.1,25.7,47.7,711.2,23.6,56.5,58.2,2.05,Groundnut,2.19,504
81.3,28.7,79.2,1834.7,167.9,38.8,70.9,6.82,Rice,6.74,322
70.5,23.0,78.3,1986.2,122.8,70.3,133.1,2.29,Rice,4.47,226
60.4,28.4,65.4,1080.4,127.2,48.9,55.3,6.28,Maize,5.12,424
42.8,20.3,44.0,374.3,20.0,51.6,35.0,2.33,Chickpea,1.6,704
42.3,30.6,49.5,634.5,107.6,39.4,65.3,1.36,Cotton,3.13,770
67.8,29.7,64.4,729.9,42.4,55.5,41.0,2.66,Soybean,1.79,562
72.7,25.4,68.0,1393.8,216.2,44.0,70.6,4.99,Rice,6.42,227
51.0,26.0,72.5,517.1,109.1,44.1,47.5,4.48,Maize,5.0,468
61.1,24.0,55.7,934.8,107.1,43.9,53.9,6.15,Maize,5.31,640
82.4,29.5,76.5,1384.6,250.0,75.4,235.2,1.06,Sugarcane,10.02,279
41.3,21.8,50.9,324.4,31.6,52.0,37.8,2.81,Chickpea,1.92,854
51.3,17.4,65.2,318.2,188.8,58.5,46.9,6.25,Wheat,4.14,691
65.1,21.9,56.8,866.5,120.5,52.8,35.1,2.91,Wheat,3.37,413
89.7,29.5,71.8,2082.1,199.5,47.0,64.4,4.52,Rice,4.87,356
50.1,21.3,58.8,460.3,104.9,45.5,56.2,4.82,Wheat,4.75,910
49.2,28.1,55.7,682.5,74.6,27.4,40.3,1.22,Jowar,2.14,840
54.6,18.1,57.7,600.9,115.5,42.9,31.1,4.01,Wheat,4.08,584
83.9,26.3,80.1,2478.1,209.9,71.4,129.6,4.02,Sugarcane,9.12,358
48.2,29.7,26.5,406.3,75.3,48.3,43.4,2.04,Jowar,2.31,712
45.4,28.0,50.2,362.0,117.2,42.0,56.4,2.34,Cotton,3.04,452
73.9,29.4,85.8,1910.3,155.4,60.5,62.7,1.45,Rice,5.08,324
55.7,14.9,52.5,285.8,88.6,48.5,55.6,4.23,Wheat,3.89,708
59.2,28.7,52.5,1065.3,145.3,45.5,54.4,2.0,Maize,5.47,655
50.6,26.6,64.0,1081.0,116.2,42.5,47.2,3.15,Maize,5.14,479
40.1,33.1,40.8,522.5,82.1,25.5,44.7,3.54,Bajra,1.75,773
32.8,20.8,47.7,237.6,28.7,46.7,25.4,2.23,Chickpea,1.68,628
45.2,12.8,37.7,374.9,32.6,41.9,34.5,2.21,Chickpea,1.7,831
45.2,18.3,43.0,127.8,25.2,26.3,36.3,5.1,Chickpea,1.67,879
69.6,29.0,75.8,1248.5,137.2,58.0,113.0,3.16,Rice,6.17,364
70.8,28.7,85.0,1105.1,153.1,70.3,79.9,0.5,Rice,4.73,451
56.8,30.0,65.5,559.3,36.5,56.8,67.9,2.0,Groundnut,2.34,263
37.7,33.3,33.7,666.7,40.5,14.8,54.1,3.02,Bajra,1.77,631
60.3,27.1,65.1,946.4,41.4,40.8,91.5,2.08,Groundnut,2.02,716
87.1,23.4,83.3,1314.0,174.2,54.2,70.5,2.4,Rice,5.25,586
53.7,27.0,51.9,1325.7,117.3,41.1,76.0,6.62,Cotton,1.88,585
59.1,31.3,48.7,255.1,116.8,21.3,76.5,3.64,Cotton,2.24,683
61.4,28.4,68.4,737.4,38.7,43.5,36.0,2.96,Soybean,2.43,296
56.9,25.1,63.5,1163.2,36.5,75.1,67.2,2.44,Soybean,2.27,533
76.2,32.0,78.2,1704.1,250.0,113.9,245.2,2.32,Sugarcane,10.98,425
58.1,26.6,55.7,1041.8,115.0,43.0,98.6,1.91,Cotton,2.51,323
36.1,27.2,36.5,209.4,70.3,30.6,48.9,3.3,Jowar,1.76,867
70.3,31.3,79.0,1483.5,198.6,55.3,95.0,2.14,Rice,5.69,400
68.6,23.2,74.0,814.4,210.7,66.0,118.5,0.92,Rice,4.13,508
74.1,28.5,59.3,1129.0,49.5,64.6,34.4,3.7,Soybean,2.11,339
51.8,20.2,66.3,1212.0,127.1,48.2,49.9,4.48,Maize,4.31,533
77.7,21.7,69.0,1133.7,42.9,67.0,70.4,6.38,Soybean,1.56,206
49.9,31.5,54.2,438.7,47.7,29.2,52.6,2.16,Bajra,1.75,870
51.1,18.5,66.2,541.2,86.0,43.2,41.7,0.64,Wheat,4.67,556
50.8,30.4,58.9,859.6,23.3,72.4,46.9,5.47,Soybean,1.92,371
87.8,28.5,82.8,1882.1,216.2,86.4,189.5,2.56,Sugarcane,12.0,467
51.7,28.9,64.0,875.9,35.2,35.9,81.4,3.45,Groundnut,2.09,688
32.3,28.9,31.5,472.1,48.7,29.5,38.4,3.87,Bajra,1.65,683
78.7,22.3,70.1,1636.5,143.9,56.1,69.1,2.65,Rice,5.04,710
83.0,31.2,98.0,1952.5,101.6,63.1,79.9,3.08,Rice,4.44,18
56.5,19.7,48.3,462.1,130.2,50.6,46.9,2.86,Wheat,6.1,727
67.7,25.7,67.9,939.0,39.0,87.3,69.0,3.77,Soybean,2.26,654
66.4,30.0,63.9,537.7,148.5,60.8,65.0,1.65,Maize,5.25,201
57.9,24.0,80.9,1041.6,154.8,44.8,66.0,0.5,Maize,5.2,516
49.0,26.3,77.1,847.4,160.7,24.6,42.2,3.38,Maize,5.77,402
53.0,22.6,57.1,672.5,114.5,42.6,64.7,4.2,Maize,5.2,586
76.9,22.7,79.7,2185.9,169.5,67.6,107.4,5.48,Rice,4.46,80
57.0,30.8,61.6,352.0,103.0,37.3,82.8,0.79,Cotton,2.78,646
59.2,27.8,50.0,1249.7,29.9,53.8,52.3,2.27,Groundnut,1.56,399
37.5,37.2,44.4,210.9,53.7,31.8,40.3,4.34,Bajra,1.4,582
75.0,27.2,64.8,2158.2,193.1,69.2,219.2,0.5,Sugarcane,11.15,276
57.1,17.5,44.4,547.0,102.7,41.1,37.4,4.95,Wheat,4.01,506
67.0,26.3,77.8,1420.4,160.6,52.6,65.6,0.93,Rice,6.4,583
72.7,32.7,78.3,1713.2,206.3,45.5,114.1,0.5,Rice,5.49,97
71.8,26.4,81.3,978.1,186.6,54.9,80.4,1.61,Rice,5.73,248
85.2,34.7,73.1,1606.4,239.1,103.5,156.7,2.74,Sugarcane,8.62,301
44.5,30.3,61.8,748.3,37.8,55.7,55.7,6.43,Groundnut,2.31,543
77.1,32.8,76.4,1934.0,212.6,55.5,95.2,3.84,Rice,4.81,415
48.1,14.0,53.3,362.7,24.1,40.0,33.7,2.84,Chickpea,1.29,782
43.8,16.8,55.4,406.5,25.9,35.2,43.0,1.02,Chickpea,1.57,587
57.3,32.9,61.0,487.5,67.5,39.4,46.4,2.79,Jowar,1.61,522
43.3,25.6,51.2,462.0,50.2,29.0,38.1,4.93,Jowar,2.01,664
60.1,25.6,65.0,1080.0,44.8,55.1,61.7,0.5,Soybean,2.31,603
66.0,31.5,64.6,1041.0,45.6,40.9,67.4,3.63,Soybean,2.27,592
67.7,32.1,84.7,1453.5,172.0,58.2,87.5,4.34,Rice,4.31,209
61.4,34.3,58.1,1111.2,41.4,55.1,33.7,2.44,Soybean,1.84,206
51.7,20.5,49.3,805.8,125.8,55.3,34.4,3.61,Wheat,4.19,963
56.7,22.2,67.9,677.7,171.7,46.4,58.5,3.45,Maize,5.12,651
31.3,29.5,51.3,140.1,64.5,35.3,38.6,5.55,Bajra,1.89,735
49.9,31.6,40.8,762.5,128.8,39.2,69.6,2.29,Cotton,3.13,749
74.9,26.4,80.4,757.5,214.1,67.7,73.8,5.73,Rice,5.13,317
60.9,24.2,68.9,775.8,140.6,46.8,47.5,6.51,Wheat,4.01,329
47.7,26.8,67.7,530.2,36.8,72.6,64.1,4.76,Groundnut,2.14,473
58.4,22.3,73.4,1087.9,126.7,67.8,85.6,1.66,Rice,4.09,375
54.5,30.7,51.6,1076.6,96.1,48.3,67.7,3.74,Cotton,2.24,483
85.5,29.5,73.4,1367.9,235.9,70.6,208.5,2.47,Sugarcane,10.0,150
55.0,22.7,52.8,856.6,122.8,59.6,33.1,4.12,Wheat,3.91,550
71.5,25.8,73.9,1438.7,132.3,57.1,87.2,4.05,Rice,5.98,454
25.0,36.2,19.9,122.1,49.0,29.0,39.1,4.45,Bajra,1.44,791
48.2,19.7,64.5,759.7,23.6,35.5,39.1,2.38,Chickpea,1.46,524
29.8,31.9,52.9,607.2,72.1,34.2,37.5,1.84,Jowar,2.09,307
79.9,29.6,86.5,1663.8,187.4,56.8,61.4,6.71,Rice,5.51,225
52.4,16.0,66.7,785.7,160.1,54.1,39.5,1.68,Wheat,3.82,481
39.0,15.8,38.2,342.6,21.4,55.4,33.1,2.85,Chickpea,1.46,567
60.0,24.6,67.3,727.2,157.8,35.0,48.9,4.56,Maize,5.7,234
69.1,26.4,79.5,794.6,155.0,43.2,75.7,5.43,Rice,5.03,464
41.6,29.7,65.2,596.8,37.5,62.0,86.7,4.45,Groundnut,1.9,410
38.2,15.5,60.1,541.5,30.2,50.4,43.8,2.92,Chickpea,1.54,658
61.7,21.1,52.1,577.8,173.6,53.9,52.8,3.52,Maize,4.36,573
52.1,26.9,65.6,1626.1,39.9,61.7,52.3,3.43,Soybean,2.0,499
49.2,27.5,48.3,1014.1,40.0,58.2,58.1,4.5,Groundnut,2.12,561
56.7,27.8,53.3,993.4,92.0,33.8,96.7,2.44,Cotton,2.33,344
63.2,24.1,63.9,519.4,157.9,48.5,44.8,6.26,Maize,4.82,542
79.7,26.5,75.5,911.5,209.7,42.8,108.5,3.38,Rice,5.12,365
63.5,21.0,62.1,573.6,115.5,50.6,47.0,2.99,Wheat,4.98,664
79.2,27.5,72.4,2099.9,195.0,99.2,170.6,4.12,Sugarcane,10.33,231
56.1,26.6,66.7,989.6,46.3,63.6,60.1,3.78,Soybean,2.57,413
68.7,30.6,80.9,1112.7,185.1,48.1,78.0,2.44,Rice,4.8,485
48.3,19.4,53.5,250.1,140.4,58.7,54.7,4.68,Wheat,4.71,847
47.2,20.8,52.1,655.2,166.5,43.8,50.7,3.59,Maize,4.56,746
45.2,17.0,48.6,417.2,42.4,37.6,40.1,3.31,Chickpea,1.59,843
61.6,24.1,91.7,1322.1,172.6,55.8,88.1,1.35,Rice,4.75,330
43.4,22.7,55.3,1128.9,49.5,57.4,52.5,3.24,Soybean,1.68,664
52.4,31.6,45.0,885.6,40.9,72.2,51.8,4.4,Groundnut,1.64,789
84.5,31.2,72.9,1912.5,133.9,40.6,86.9,3.53,Rice,5.07,380
62.8,27.3,63.0,752.2,81.8,34.9,59.8,0.69,Maize,4.98,543
83.1,32.9,84.8,1597.2,136.5,54.8,79.5,1.41,Rice,5.27,296
69.9,31.9,83.2,790.2,182.1,43.3,81.3,3.22,Rice,4.48,746
35.7,34.6,53.7,285.3,64.7,32.1,41.7,1.41,Bajra,1.86,663
58.8,30.1,77.2,987.4,39.4,52.2,42.3,1.86,Soybean,2.56,357
41.7,20.6,46.6,194.2,26.4,40.3,32.9,3.23,Chickpea,1.5,663
55.7,14.0,59.5,419.1,151.9,53.4,40.6,2.05,Wheat,3.37,597
66.0,18.3,76.8,775.6,119.0,43.6,58.5,3.84,Wheat,4.49,461
56.5,22.6,55.0,652.0,151.3,55.7,45.2,2.8,Wheat,5.07,432
59.1,29.1,69.6,524.5,139.9,63.6,80.1,3.69,Maize,4.8,203
61.4,25.9,71.7,778.9,194.6,20.9,49.9,3.37,Maize,5.12,507
49.0,30.5,71.8,584.4,49.8,35.9,26.4,2.35,Bajra,1.83,236
40.3,27.9,45.1,375.5,50.9,23.4,42.7,3.01,Bajra,1.82,750
42.7,30.1,50.4,333.2,62.6,25.7,41.3,5.62,Jowar,1.99,701
74.2,23.9,70.1,1093.0,182.3,56.0,108.2,4.12,Rice,4.85,613
64.3,25.9,59.6,721.7,117.0,52.9,57.1,4.09,Maize,4.57,822
65.1,11.2,64.5,741.0,136.5,51.9,51.9,2.82,Wheat,3.42,580
50.3,22.2,47.3,255.2,27.4,41.9,32.1,3.16,Chickpea,1.41,623
47.5,20.4,65.6,451.2,98.3,55.5,38.0,3.02,Wheat,5.14,369
41.2,26.8,50.9,337.6,53.3,32.7,43.4,4.6,Jowar,2.25,552
68.5,17.5,63.0,607.5,99.0,40.7,38.5,4.39,Wheat,4.12,557
49.2,13.8,62.4,174.8,30.1,27.8,35.0,1.55,Chickpea,1.29,289
67.5,22.3,51.9,774.0,44.8,56.8,46.4,2.16,Soybean,1.76,627
76.2,31.3,84.4,2081.1,147.4,49.1,106.4,2.04,Rice,4.33,229
33.8,20.0,51.1,767.3,67.9,22.8,41.8,1.03,Jowar,1.38,722
59.2,21.7,45.9,400.2,40.9,47.8,28.5,3.39,Chickpea,1.7,650
37.0,13.9,28.6,214.1,33.8,35.3,32.8,2.28,Chickpea,1.54,837
53.0,26.8,56.2,1029.0,37.0,37.7,54.2,5.77,Soybean,2.12,437
48.3,31.9,57.7,915.2,24.7,47.8,49.0,2.81,Groundnut,2.08,482
53.1,17.0,60.1,771.9,85.8,52.4,40.6,3.4,Wheat,4.2,278
51.2,17.8,42.0,453.4,146.7,42.5,48.0,4.81,Wheat,4.45,741
47.0,19.5,67.5,275.7,28.8,29.5,37.8,1.76,Chickpea,1.74,798
42.3,11.2,65.0,416.5,158.4,51.1,41.3,2.87,Wheat,4.13,585
38.2,20.4,70.0,605.8,41.6,55.1,34.2,4.73,Chickpea,1.53,553
52.8,15.2,46.0,340.8,191.8,44.7,40.5,4.75,Wheat,4.05,556
68.5,28.9,63.8,1113.6,173.0,26.3,59.0,2.29,Maize,4.74,702
58.2,27.2,50.8,846.3,52.2,54.7,51.2,0.5,Soybean,2.52,496
59.4,34.9,57.9,703.3,40.0,58.7,49.3,2.5,Soybean,1.5,703
52.8,28.4,50.8,595.6,62.2,40.3,41.2,5.12,Jowar,1.92,662
75.9,25.3,82.1,1309.2,178.4,43.6,61.1,3.12,Rice,5.7,173
42.8,30.6,56.8,412.6,60.4,31.7,48.8,6.98,Bajra,1.9,782
64.7,27.3,62.0,654.4,48.4,51.3,65.1,3.78,Soybean,2.09,556
73.4,31.0,79.9,962.2,157.0,49.9,49.4,1.04,Rice,4.56,405
76.1,29.8,79.8,1821.4,213.5,93.3,192.4,3.51,Sugarcane,10.09,352
58.7,18.6,52.9,728.9,111.0,39.8,62.8,1.34,Wheat,4.85,610
44.3,25.0,62.4,888.4,121.1,34.9,56.2,3.34,Cotton,2.52,462
50.1,18.4,71.3,961.2,94.4,49.6,39.0,3.33,Wheat,4.11,514
70.5,25.4,78.3,1727.3,215.6,89.6,118.2,0.96,Sugarcane,8.88,239
71.8,31.9,73.3,1732.6,213.1,93.5,162.9,5.29,Sugarcane,10.19,345
57.3,35.6,71.6,363.4,36.8,45.2,64.4,3.55,Groundnut,1.22,412
55.1,27.3,45.3,820.8,139.6,42.6,97.1,1.36,Cotton,2.24,428
58.1,29.0,57.5,383.2,42.5,63.5,43.4,3.76,Groundnut,1.95,517
63.3,29.3,56.4,1031.8,140.0,41.0,56.8,6.59,Maize,5.78,472
25.1,27.5,53.8,406.6,50.1,35.3,36.1,5.65,Bajra,1.59,648
53.7,29.3,61.6,303.4,93.1,41.1,74.8,1.87,Cotton,2.67,784
39.2,26.8,57.6,660.3,64.2,34.6,42.9,1.5,Jowar,1.81,325
92.0,25.2,71.1,1691.1,182.7,77.5,103.1,3.47,Rice,4.99,375
43.1,30.2,56.8,882.1,25.7,58.8,81.9,5.35,Groundnut,2.04,222
50.0,24.8,59.1,667.1,35.5,65.8,48.5,2.36,Groundnut,2.2,412
77.0,26.4,76.7,985.7,170.5,41.9,96.0,2.77,Rice,4.89,319
46.9,17.1,56.2,526.9,32.8,45.1,32.7,2.61,Chickpea,1.95,264
34.6,36.1,44.8,619.0,73.2,10.5,39.4,0.58,Jowar,1.64,397
41.1,24.2,54.6,580.4,36.5,60.5,81.8,2.24,Groundnut,1.71,643
67.9,18.4,77.0,716.5,153.8,50.1,52.3,2.75,Wheat,4.34,441
60.7,21.3,56.9,312.4,128.8,60.3,53.4,2.09,Wheat,4.31,617
84.3,22.5,70.7,1092.4,177.3,57.0,80.0,2.47,Rice,4.31,305
39.7,24.9,64.5,809.9,31.8,56.0,49.0,3.63,Groundnut,1.96,848
61.8,33.1,51.1,730.8,124.3,35.2,74.4,6.05,Cotton,2.55,602
63.4,24.3,64.0,627.4,142.9,44.4,43.7,4.57,Wheat,3.85,407
45.9,28.8,44.0,522.3,81.9,33.5,56.6,3.89,Jowar,1.96,962
51.5,25.9,62.4,382.1,103.1,32.9,56.9,1.62,Cotton,2.28,680
30.5,29.5,50.8,393.2,66.8,21.9,28.6,2.95,Jowar,1.87,612
79.5,31.2,72.4,2136.6,249.8,93.9,231.3,1.36,Sugarcane,9.14,482
48.6,15.5,65.0,227.1,29.8,32.2,36.8,2.78,Chickpea,1.53,608
64.3,27.6,67.3,728.3,157.9,45.5,47.6,2.79,Wheat,3.68,602
49.4,22.2,63.1,745.0,65.4,30.5,32.3,0.5,Jowar,1.34,569
47.1,32.3,68.1,664.3,155.4,55.6,85.8,4.13,Maize,4.59,345
47.6,23.2,61.4,930.8,28.8,62.5,75.5,2.31,Groundnut,2.06,673
69.8,31.0,63.2,459.3,47.8,48.9,53.9,2.71,Soybean,1.84,593
61.9,25.6,63.2,1156.9,43.9,81.9,56.5,2.62,Soybean,2.1,323
54.1,10.8,49.7,371.4,30.9,50.5,27.4,4.42,Chickpea,1.36,561
49.1,23.4,69.3,873.1,34.1,29.6,57.4,5.25,Soybean,1.76,616
34.6,29.8,44.1,152.5,67.2,27.8,35.5,4.23,Bajra,1.81,683
42.1,21.2,59.0,157.1,35.9,49.9,49.2,3.38,Chickpea,1.77,645
58.7,27.4,47.9,740.4,131.7,44.7,70.7,4.22,Cotton,2.74,751
76.5,29.8,91.9,1490.7,152.6,63.2,72.8,4.04,Rice,5.43,262
51.5,30.2,73.1,736.3,40.6,44.6,72.4,1.96,Soybean,1.93,219
68.3,33.0,75.3,1055.5,203.0,77.1,209.2,2.91,Sugarcane,8.67,498
40.6,35.7,39.5,322.3,67.3,28.7,37.9,3.69,Bajra,1.71,897
85.0,25.9,74.5,1302.0,123.9,52.5,85.1,0.5,Rice,5.83,510
64.6,17.5,66.0,741.5,125.1,61.4,39.8,6.46,Wheat,4.5,761
55.8,25.3,52.8,469.6,143.2,32.0,40.2,3.56,Wheat,3.7,702
61.4,23.9,69.9,710.3,207.2,60.8,80.2,4.08,Rice,4.13,605
92.0,25.2,84.0,2211.5,192.4,57.4,91.2,1.8,Rice,3.87,468
80.2,25.4,84.0,1232.8,162.0,49.3,102.8,4.64,Rice,5.71,272
73.7,26.6,81.1,1596.7,165.9,56.1,96.6,0.5,Rice,7.26,566
49.0,16.1,59.0,477.7,25.0,44.1,44.5,2.19,Chickpea,1.27,867
56.2,21.5,58.6,415.4,117.9,47.6,44.1,3.31,Wheat,4.41,731
82.5,25.6,76.2,1825.7,112.0,68.4,82.5,3.65,Rice,5.33,590
51.8,28.6,50.4,1174.4,133.6,34.1,52.7,2.59,Cotton,2.4,709
81.6,29.7,87.6,1301.7,218.6,52.8,84.2,3.83,Rice,5.61,150
62.3,27.6,44.6,719.1,29.4,73.5,55.9,4.17,Soybean,1.92,852
60.1,30.1,72.6,384.7,36.5,61.4,58.7,0.5,Soybean,1.81,555
50.3,20.2,62.6,648.9,148.8,67.7,44.2,2.31,Maize,4.3,613
35.5,19.9,43.7,268.2,26.7,46.6,32.9,5.3,Chickpea,1.84,755
74.9,24.7,95.0,1958.9,175.9,67.5,115.9,4.56,Rice,4.32,398
38.5,18.1,65.5,550.2,115.1,47.7,51.9,3.0,Wheat,4.29,625
43.2,30.7,35.0,0.0,130.5,47.9,81.3,5.93,Cotton,2.45,699
88.4,27.3,80.7,2500.0,216.6,90.7,182.3,2.36,Sugarcane,9.7,289
78.8,29.7,91.4,2104.1,216.7,65.3,106.4,1.43,Rice,5.14,306
50.8,19.5,58.4,608.1,124.4,54.7,48.9,4.49,Wheat,4.91,474
85.4,29.3,89.3,1776.3,158.1,84.1,81.6,4.42,Rice,5.85,164
68.9,29.5,86.9,1429.1,163.6,54.4,95.7,6.46,Rice,5.16,219
48.2,23.8,50.3,396.5,21.4,51.7,30.6,5.79,Chickpea,1.59,578
68.5,22.2,55.4,819.7,38.1,51.0,62.9,2.96,Soybean,1.65,637
53.0,17.7,56.8,638.4,104.4,36.7,49.7,2.38,Wheat,5.17,753
88.4,29.2,87.3,1587.5,188.1,52.2,121.6,3.65,Rice,6.05,553
74.5,31.3,70.7,909.1,37.3,40.2,31.0,6.26,Soybean,1.85,638
61.4,28.2,67.9,811.2,144.4,41.2,49.7,2.67,Maize,5.37,645
53.1,31.9,67.1,794.0,27.0,56.7,56.7,0.83,Groundnut,1.95,673
60.6,24.5,53.8,1025.8,139.8,35.9,54.3,2.1,Maize,5.26,777
56.3,28.2,64.8,886.9,33.1,50.9,58.5,0.64,Soybean,2.13,443
38.3,32.8,42.1,544.0,68.9,34.3,42.1,2.39,Jowar,1.71,819
66.5,19.1,66.6,1190.2,108.3,44.6,43.5,6.58,Wheat,3.42,499
66.1,25.4,77.9,500.5,54.3,65.2,54.7,3.21,Soybean,1.99,429
60.6,18.8,59.1,507.4,172.0,35.7,54.9,1.45,Wheat,5.33,523
51.2,23.1,60.2,575.7,29.2,34.2,36.4,3.43,Chickpea,1.27,499
67.4,28.4,79.6,1515.8,194.3,52.6,125.2,3.39,Rice,4.9,274
81.3,29.3,89.6,1868.5,164.6,61.2,88.6,1.82,Rice,6.28,30
43.8,29.7,48.0,463.1,66.1,20.4,46.1,2.23,Bajra,2.29,762
43.3,16.6,58.1,151.5,32.6,59.4,47.5,3.17,Chickpea,1.56,641
59.9,27.8,67.3,944.1,131.2,28.8,50.0,3.71,Maize,5.87,491
50.0,16.8,50.7,358.3,128.0,50.3,35.4,2.42,Wheat,4.4,726
60.2,14.0,55.3,734.3,163.5,43.7,47.6,5.13,Wheat,3.87,707
78.2,29.2,75.9,1939.4,141.8,66.4,67.8,3.83,Rice,5.06,203
41.9,22.8,40.4,155.2,32.6,56.2,35.1,2.84,Chickpea,1.53,746
56.7,31.2,74.6,574.7,90.0,38.9,61.5,2.32,Maize,3.87,216
48.6,26.0,39.5,412.5,59.6,30.8,56.9,3.98,Jowar,2.17,398
60.7,17.1,47.8,570.4,28.5,47.9,33.5,2.01,Chickpea,1.55,369
68.7,17.3,77.2,1361.9,198.7,45.6,54.8,2.57,Maize,3.8,588
92.0,30.1,80.3,1762.5,214.5,101.9,154.5,1.69,Sugarcane,10.51,2
44.5,20.0,44.8,293.9,40.2,46.9,38.3,0.5,Chickpea,1.8,794
76.3,27.7,81.5,2311.9,250.0,99.3,163.4,2.55,Sugarcane,9.28,455
33.2,39.7,42.6,355.4,75.8,35.5,30.6,6.29,Bajra,1.59,658
63.3,19.1,44.2,460.8,112.4,59.0,41.6,1.23,Wheat,5.22,960
45.2,25.1,43.0,510.0,55.0,41.4,30.1,4.08,Jowar,2.11,996
79.6,24.2,71.7,1589.8,249.8,90.6,164.0,4.13,Sugarcane,9.55,509
45.3,29.6,33.6,329.8,57.9,31.5,37.9,2.92,Jowar,1.64,1023
48.0,30.5,59.2,627.8,118.2,47.6,74.8,6.72,Cotton,2.51,675
81.4,31.5,68.8,2150.3,170.1,85.9,192.5,3.0,Sugarcane,10.19,206
32.7,26.6,58.2,643.9,83.9,20.9,50.6,4.23,Jowar,2.24,665
73.4,23.4,66.9,742.8,137.8,51.3,30.5,3.29,Wheat,3.16,435
57.4,31.6,58.5,984.1,84.9,20.7,60.5,3.59,Cotton,2.29,337
47.7,21.3,60.6,874.8,91.8,40.4,45.2,2.9,Wheat,3.74,339
36.8,25.8,21.7,302.3,70.8,32.2,38.4,4.05,Jowar,1.81,1023
55.7,23.0,64.8,687.6,108.5,58.1,58.3,5.44,Maize,4.63,444
26.6,30.9,50.1,61.8,68.0,32.2,48.1,4.7,Jowar,1.53,708
63.0,31.1,72.9,720.1,46.3,66.1,58.9,7.02,Soybean,1.84,358
84.4,29.3,74.9,1650.6,230.3,96.1,197.8,5.93,Sugarcane,11.18,355
58.2,29.5,58.0,1031.5,53.1,54.2,58.7,0.9,Soybean,2.18,501
69.4,24.7,68.6,593.5,39.9,40.7,69.1,4.59,Soybean,1.95,447
74.9,32.6,78.2,593.1,156.5,45.8,101.1,4.11,Rice,4.29,248
43.6,15.2,44.7,315.6,28.0,59.8,38.6,0.64,Chickpea,1.61,502
80.9,20.6,61.5,686.3,102.9,48.7,38.5,2.39,Wheat,3.93,439
79.3,26.0,84.4,1229.8,135.7,59.5,79.0,5.35,Rice,5.42,362
46.0,25.0,43.9,813.7,37.8,60.1,84.4,1.35,Groundnut,1.82,993
45.1,27.3,45.9,906.5,117.5,61.1,80.7,2.56,Cotton,2.72,809
41.0,33.9,61.1,91.0,77.9,32.0,43.3,3.08,Jowar,1.56,915
47.5,22.0,54.1,413.0,27.6,36.5,39.9,4.68,Chickpea,1.51,720
74.0,25.1,80.6,1241.4,230.7,106.0,250.0,3.16,Sugarcane,8.86,328
40.0,17.4,55.3,438.7,27.6,34.9,32.9,2.95,Chickpea,1.68,428
28.1,22.0,35.4,239.7,29.7,40.4,25.9,2.76,Chickpea,1.74,786
73.5,25.2,69.2,1688.7,142.3,68.3,118.4,0.74,Sugarcane,9.82,39
65.8,25.0,58.9,1130.4,40.0,71.5,43.0,0.5,Soybean,2.35,473
71.6,25.8,81.4,2345.1,206.0,62.0,100.3,2.67,Rice,3.94,478
79.1,28.1,77.8,1618.2,202.1,106.8,221.5,1.29,Sugarcane,11.25,370
57.6,20.3,35.1,409.4,154.3,36.0,45.4,4.2,Wheat,4.73,947
50.7,20.1,66.0,510.8,122.7,53.0,43.1,2.56,Wheat,5.18,484
40.2,23.3,61.1,251.7,80.1,26.1,41.0,3.29,Jowar,1.91,400
71.5,26.7,75.7,954.1,107.5,44.0,69.3,2.86,Rice,5.44,338
46.2,36.9,60.9,646.6,41.6,36.0,45.1,3.59,Bajra,1.27,504
36.1,20.3,46.5,281.4,34.0,35.6,27.8,0.5,Chickpea,1.72,901
35.7,17.7,41.3,362.3,32.9,42.9,44.1,4.52,Chickpea,1.93,1023
73.7,26.7,75.5,1348.4,41.4,59.1,36.5,2.64,Soybean,1.8,252
63.2,19.1,64.5,828.8,111.7,68.9,36.6,5.31,Wheat,4.17,459
77.5,33.7,89.2,1549.3,148.4,59.6,98.1,4.1,Rice,4.33,233
46.9,24.5,63.7,645.4,60.9,30.8,41.0,2.23,Bajra,1.43,491
75.2,24.0,79.0,1716.3,222.3,57.6,76.4,0.5,Rice,4.46,109
90.7,28.4,89.4,2186.5,146.0,41.8,123.0,2.25,Rice,4.88,214
92.0,31.1,72.8,1597.3,171.0,77.1,70.6,3.51,Rice,5.28,413
76.5,30.7,83.5,956.2,182.7,71.5,107.7,1.59,Rice,5.2,415
43.5,28.1,55.6,1053.1,150.4,52.7,63.1,4.29,Cotton,2.68,369
44.0,35.3,50.5,744.8,50.7,25.6,30.5,7.36,Bajra,1.46,616
56.6,27.9,57.5,522.6,29.1,45.3,68.2,1.8,Groundnut,1.98,339
34.1,26.8,55.4,340.0,61.9,32.6,44.0,3.09,Jowar,1.93,788
55.1,27.6,72.6,785.3,33.1,58.8,57.0,4.61,Groundnut,2.22,300
24.6,26.9,45.3,736.2,48.5,34.2,40.9,4.63,Bajra,1.63,630
45.2,25.6,52.8,391.3,37.8,48.6,81.4,3.41,Groundnut,2.03,589
54.3,23.7,69.0,369.2,28.5,52.6,38.4,2.38,Chickpea,1.57,449
37.0,33.1,52.1,508.7,44.0,24.1,44.8,3.71,Bajra,1.71,486
53.6,28.9,48.9,572.9,82.4,41.8,80.3,2.55,Cotton,2.53,392
76.7,27.5,82.7,1312.1,146.0,41.0,55.3,1.3,Maize,3.33,590
52.5,24.1,73.7,734.1,39.9,67.0,50.7,1.54,Soybean,2.11,496
62.2,34.3,59.2,672.6,143.6,35.0,72.8,3.06,Cotton,2.3,618
62.9,27.5,59.8,1006.5,44.7,54.3,55.2,3.54,Groundnut,1.96,855
62.3,27.0,57.4,1377.3,114.3,53.0,44.4,2.1,Maize,3.99,486
47.0,18.9,56.7,356.8,20.3,57.1,44.5,5.42,Chickpea,1.75,721
34.3,28.0,50.1,365.6,66.0,34.2,41.3,0.97,Bajra,1.87,685
37.1,29.3,62.2,316.0,59.7,34.0,48.1,0.98,Jowar,1.73,783
40.5,36.4,45.4,347.0,58.7,30.1,51.5,3.86,Bajra,1.42,794
62.8,26.1,52.3,1137.2,99.3,51.5,38.9,4.25,Maize,4.81,621
44.8,22.6,47.4,658.9,23.7,50.7,27.9,3.48,Chickpea,1.51,628
41.2,33.3,41.5,405.8,49.4,26.3,31.8,5.16,Bajra,1.92,779
76.0,28.7,72.6,1245.0,177.3,66.5,73.1,1.34,Rice,5.93,582
60.3,27.6,64.1,952.1,163.2,58.5,56.5,4.6,Maize,4.85,182
78.1,27.3,78.0,1195.3,180.8,64.5,101.9,5.25,Rice,5.52,348
90.0,27.1,70.2,1972.1,242.6,100.3,170.1,3.51,Sugarcane,10.13,269
55.3,31.3,60.5,524.7,133.4,44.4,56.7,5.6,Cotton,2.44,539
38.8,29.7,58.0,436.1,32.2,43.4,38.9,4.43,Jowar,1.91,310
59.2,27.2,57.6,850.7,79.6,40.7,51.0,4.82,Maize,6.03,681
43.7,14.2,55.5,205.8,22.7,43.4,39.6,2.76,Chickpea,1.51,531
78.9,28.8,86.4,1932.9,204.9,75.8,57.9,1.82,Rice,5.57,203
48.8,31.5,70.7,905.9,54.7,38.9,56.9,2.81,Soybean,2.1,380
59.7,22.1,42.8,725.7,110.2,62.9,58.7,2.07,Wheat,4.93,433
92.0,34.0,81.2,1698.5,171.4,61.6,115.6,5.34,Rice,4.25,222
51.3,23.5,62.6,623.8,122.9,47.6,43.0,4.01,Wheat,5.06,272
71.4,32.2,81.4,1334.3,185.4,77.1,98.5,4.28,Rice,5.01,183
56.2,21.9,58.0,170.7,79.9,50.8,48.4,3.43,Wheat,4.09,599
86.0,25.5,87.1,2451.0,135.7,54.3,106.5,3.07,Rice,4.21,191
77.7,26.6,81.6,2274.0,177.8,46.6,82.5,0.84,Rice,5.14,242
32.3,30.2,49.7,442.8,61.5,27.5,38.4,3.81,Bajra,2.0,655
36.5,37.7,54.0,446.9,63.7,29.7,34.9,6.46,Bajra,1.87,976
36.5,28.1,37.8,553.5,124.4,46.9,93.2,5.81,Cotton,2.71,811
66.3,21.3,58.4,765.3,165.7,49.7,72.2,2.76,Maize,5.12,383
47.6,25.1,46.0,520.1,70.4,24.3,31.5,2.46,Jowar,1.74,598
32.5,26.6,40.7,454.4,33.0,17.3,36.7,5.77,Bajra,1.87,634
43.5,27.8,53.9,705.9,115.3,22.7,64.8,0.64,Cotton,2.82,587
66.1,18.9,61.3,344.5,159.1,52.1,29.0,1.68,Wheat,3.68,509
54.5,19.8,64.5,389.7,117.6,52.6,36.0,3.74,Wheat,4.66,440
50.6,23.6,43.0,387.2,89.3,26.7,30.7,1.09,Wheat,3.6,983
88.1,24.5,86.7,2215.6,250.0,120.0,165.8,3.64,Sugarcane,9.02,219
41.4,25.1,54.5,435.8,22.6,48.5,36.3,2.74,Chickpea,1.67,590
69.5,24.2,60.5,960.2,103.0,42.0,70.5,2.19,Maize,4.63,492
37.7,29.8,59.9,698.3,38.0,20.7,41.6,1.45,Bajra,1.58,535
50.3,29.1,66.9,917.8,38.9,57.3,65.4,5.44,Soybean,2.42,702
52.4,18.3,56.5,793.9,122.7,49.4,30.1,5.34,Wheat,4.0,657
65.8,17.4,69.8,539.1,128.6,48.9,44.3,2.39,Wheat,4.8,686
70.2,26.6,73.3,884.4,45.3,72.1,57.4,2.56,Soybean,2.24,0
81.9,28.7,84.8,2157.9,250.0,78.4,179.0,2.15,Sugarcane,8.9,277
80.9,25.5,73.7,1485.5,177.6,50.5,49.2,3.14,Rice,5.01,530
78.8,28.3,72.9,1108.7,172.0,50.9,101.8,5.33,Rice,5.54,722
68.6,25.0,61.9,1051.9,33.8,56.3,50.8,3.99,Soybean,2.09,513
90.1,32.7,77.1,1733.0,164.2,62.7,103.8,2.16,Rice,4.13,48
45.4,12.8,62.2,272.1,24.0,35.2,31.1,5.83,Chickpea,1.68,696
50.2,20.8,66.2,308.7,141.5,42.2,49.5,3.36,Wheat,3.48,477
58.7,25.3,73.4,1057.2,94.5,41.4,54.6,1.31,Maize,5.65,141
81.9,25.9,69.7,1164.7,151.1,42.1,73.9,4.21,Maize,4.15,338
41.7,28.0,51.4,508.8,121.3,55.4,64.5,4.65,Cotton,3.23,820
85.1,29.7,82.5,1662.0,151.7,46.3,84.9,2.83,Rice,5.6,473
82.9,27.4,89.1,1316.6,197.9,64.9,107.8,4.1,Rice,6.32,393
51.1,31.7,61.7,474.3,104.9,44.2,55.6,3.32,Cotton,2.53,421
60.5,19.3,71.7,1104.8,139.8,56.0,52.4,0.93,Maize,4.4,816
48.1,25.3,42.6,275.4,104.4,47.9,47.9,4.62,Wheat,3.54,561
40.1,31.2,50.5,230.7,63.8,24.8,41.8,4.7,Jowar,1.76,683
64.2,19.6,50.2,480.8,139.3,58.0,44.3,5.86,Wheat,5.07,445
66.6,27.6,57.4,600.9,134.6,38.2,42.0,3.51,Maize,5.17,805
72.9,29.3,79.3,893.7,137.0,55.5,79.5,2.6,Rice,4.15,464
62.2,29.8,80.5,1959.8,213.1,68.5,122.9,3.09,Rice,5.62,408
40.2,28.9,60.5,110.1,155.5,36.7,58.7,4.16,Cotton,2.71,652
74.7,18.9,52.6,704.6,162.2,45.9,56.2,2.45,Wheat,3.12,614
58.3,15.5,67.1,952.7,136.6,49.4,38.0,3.17,Wheat,3.72,508
69.2,27.5,78.8,1910.4,156.8,66.0,70.5,1.32,Rice,5.95,0
65.9,29.3,79.4,1434.0,168.4,39.9,70.9,1.47,Rice,5.95,486
81.2,28.7,64.8,1887.6,208.0,71.4,192.0,4.12,Sugarcane,10.92,525
55.3,23.9,66.6,846.8,45.0,48.1,62.6,3.93,Soybean,2.54,438
82.4,26.3,72.6,1641.7,235.6,38.5,70.2,3.39,Rice,6.05,354
71.5,27.9,82.0,1680.5,162.5,56.5,93.5,1.44,Rice,5.83,336
40.4,27.7,71.9,763.8,48.4,60.9,97.6,2.08,Groundnut,2.4,711
47.3,27.7,39.3,294.8,41.4,51.1,55.9,5.2,Groundnut,1.73,829
33.9,33.6,34.9,289.2,60.2,31.8,23.2,1.3,Bajra,1.81,795
59.7,23.5,67.3,1053.3,35.9,49.7,47.5,6.18,Soybean,1.88,388
73.6,16.1,60.1,599.1,144.5,55.3,35.8,4.12,Wheat,2.89,348
67.4,28.7,67.3,974.4,143.7,47.0,61.8,1.42,Maize,4.43,385
71.4,30.9,89.6,982.5,130.4,56.8,74.8,5.43,Rice,5.01,325
48.6,28.2,59.9,842.1,41.4,59.8,34.2,3.25,Soybean,2.41,513
74.0,23.9,72.0,986.8,55.5,47.7,44.8,3.61,Soybean,1.86,451
45.8,26.2,52.9,263.6,20.0,51.9,33.0,2.75,Chickpea,1.43,791
51.4,27.4,60.8,502.4,116.0,75.8,62.2,4.77,Maize,4.47,656
74.7,30.7,80.0,1076.0,121.8,60.7,98.0,5.39,Rice,5.26,412
72.9,31.4,84.9,1314.9,170.8,49.0,72.0,0.5,Rice,4.79,411
71.3,27.2,81.8,1676.0,195.8,57.9,77.2,0.5,Rice,6.06,320
60.1,19.4,71.4,806.6,138.9,45.1,35.5,0.5,Wheat,4.48,463
59.0,23.7,91.5,1054.1,37.2,51.0,65.6,3.17,Soybean,2.02,367
85.8,29.0,89.0,2186.8,157.6,58.6,112.6,1.8,Rice,4.97,0
39.2,34.1,34.6,678.7,66.6,28.4,33.1,4.7,Bajra,1.64,947
40.8,34.7,47.9,594.8,47.2,37.7,49.3,4.53,Bajra,1.75,474
55.5,33.7,49.4,858.0,37.1,67.1,80.5,2.21,Groundnut,2.06,761
89.0,29.5,80.1,1792.5,148.5,48.5,84.2,2.35,Rice,5.66,293
68.8,26.9,65.2,763.8,34.7,56.1,56.5,7.21,Soybean,2.48,693
78.1,24.2,83.1,1767.6,169.2,53.7,78.6,3.99,Rice,4.6,280
56.6,18.0,58.1,505.0,26.1,51.2,37.1,0.76,Chickpea,1.71,463
82.8,33.2,69.5,1873.5,249.1,96.2,198.8,4.06,Sugarcane,9.34,519
47.6,29.5,43.3,318.1,74.9,25.5,42.3,4.88,Bajra,1.8,764
74.7,30.7,76.6,1856.3,197.0,52.4,77.5,7.6,Rice,3.52,325
56.3,16.9,79.9,754.6,160.6,43.7,50.5,4.12,Wheat,5.02,422
50.8,30.3,61.6,627.0,28.3,70.7,54.0,1.5,Soybean,1.83,723
53.8,15.3,52.1,259.5,83.0,33.7,33.5,2.9,Wheat,4.57,810
83.6,30.0,77.3,1423.1,250.0,88.5,155.0,1.97,Sugarcane,11.03,385
75.4,27.1,85.2,1556.3,221.6,57.6,99.0,0.5,Rice,6.64,43
63.8,23.9,59.8,456.0,107.7,34.2,52.0,0.5,Wheat,4.33,540
79.2,28.2,76.6,2195.4,172.2,48.6,82.2,4.25,Rice,5.8,289
41.8,26.9,55.9,416.1,64.4,30.2,38.2,4.15,Bajra,1.67,915
70.8,24.6,63.9,977.7,128.8,32.3,52.0,3.22,Maize,5.44,565
51.9,24.3,61.4,592.5,147.8,45.4,39.7,4.59,Wheat,4.77,559
57.0,15.3,54.4,394.6,109.7,47.6,46.4,4.36,Wheat,3.42,836
41.9,27.5,59.3,323.5,34.6,62.5,62.0,0.5,Groundnut,2.12,606
67.4,25.5,80.2,1412.7,148.1,53.0,109.4,4.64,Rice,6.47,327
49.9,18.6,66.8,990.3,117.0,46.8,33.5,3.46,Wheat,3.32,505
45.4,32.7,57.3,881.6,76.2,57.9,61.1,5.21,Cotton,2.96,337
58.5,16.2,75.8,671.9,145.9,37.2,51.5,4.99,Wheat,4.67,600
43.5,22.6,43.1,424.8,54.4,23.0,34.3,3.63,Jowar,1.67,792
86.1,25.3,63.6,1113.8,105.1,47.6,57.1,5.46,Maize,4.19,447
43.2,27.1,32.9,320.0,64.1,21.8,37.7,6.51,Bajra,1.84,621
66.0,27.4,73.9,1446.5,45.0,65.1,56.7,0.99,Soybean,2.22,405
77.5,24.7,79.2,1381.9,101.1,62.0,64.1,2.46,Rice,5.29,559
87.9,22.9,93.0,1621.2,151.3,46.9,81.1,3.43,Rice,4.75,134
33.3,27.1,47.4,589.7,81.5,33.3,51.8,0.76,Jowar,2.0,514
39.3,31.1,63.9,759.3,96.6,36.9,73.1,0.93,Cotton,2.81,599
53.7,27.7,61.3,960.6,87.1,21.1,62.5,4.36,Cotton,2.63,281
84.1,27.1,70.3,2136.7,250.0,96.1,205.8,4.59,Sugarcane,9.55,0
59.1,26.4,74.1,897.6,58.1,31.2,65.9,2.4,Soybean,2.36,368
82.2,27.0,64.1,1054.3,194.3,82.0,176.1,3.39,Sugarcane,9.05,387
25.3,26.4,46.6,369.1,68.6,25.3,31.7,3.68,Jowar,1.92,667
91.6,30.2,73.8,1044.8,152.9,34.1,88.7,2.45,Rice,4.23,335
52.3,25.7,63.7,273.0,100.1,48.2,48.5,4.05,Wheat,3.68,648
44.4,19.8,52.1,129.2,27.5,33.8,43.1,2.17,Chickpea,1.49,665
41.3,28.3,52.8,595.6,58.4,27.4,45.6,5.04,Jowar,2.37,547
77.8,31.1,72.7,1553.2,169.7,80.8,86.3,2.28,Rice,4.95,297
32.6,33.7,43.6,374.5,73.4,34.1,32.6,2.83,Jowar,1.88,827
69.2,17.1,64.5,508.0,94.8,39.0,40.6,4.52,Wheat,3.63,710
42.0,31.0,47.3,961.9,111.5,34.7,62.7,1.72,Cotton,2.65,776
39.4,21.4,60.7,471.3,56.8,19.5,45.5,6.84,Bajra,1.21,703
39.5,24.0,74.5,566.2,34.9,87.4,63.7,1.84,Groundnut,1.88,0
57.6,28.5,71.4,833.2,40.0,65.3,47.3,4.15,Soybean,2.12,311
71.7,24.5,73.6,1909.5,250.0,81.2,235.5,3.02,Sugarcane,10.54,273
42.2,33.8,57.9,842.4,154.2,39.0,65.7,5.21,Cotton,2.6,602
77.5,30.9,78.6,1680.1,135.7,98.9,139.2,4.19,Sugarcane,10.74,63
57.1,25.9,63.2,303.8,131.1,52.1,32.9,4.44,Wheat,3.72,818
51.7,28.7,64.1,931.3,36.7,61.8,60.6,5.91,Groundnut,1.89,558
50.0,21.7,55.6,725.9,131.3,46.4,33.3,2.04,Wheat,4.62,506
39.4,33.6,37.1,380.7,66.4,27.4,39.2,5.52,Jowar,2.05,795
72.3,26.5,72.0,1024.0,42.8,69.0,61.7,1.93,Soybean,2.03,384
51.7,34.8,66.5,787.6,108.2,43.8,87.8,0.51,Cotton,2.19,392
75.9,29.2,68.5,1302.8,139.7,64.2,77.3,2.46,Rice,5.84,508
64.2,27.9,58.6,637.4,129.9,34.9,26.9,4.0,Maize,5.28,521
65.7,28.7,72.0,796.5,124.8,51.4,45.7,3.11,Maize,6.2,247
42.3,29.9,59.9,351.6,148.8,32.2,47.7,4.32,Cotton,2.57,518
88.8,27.4,78.2,1164.4,172.1,65.3,50.0,0.67,Rice,5.34,357
57.3,25.8,40.5,892.7,124.7,44.7,65.0,1.43,Cotton,2.62,526
51.6,21.9,72.6,377.1,102.0,52.9,30.0,5.94,Wheat,4.44,710
49.5,24.7,33.1,252.6,26.5,45.7,22.3,6.26,Chickpea,1.41,636
53.3,19.1,69.6,1151.2,140.7,39.4,53.2,1.2,Wheat,4.37,713
48.5,29.5,55.6,827.3,37.5,36.4,89.0,2.27,Groundnut,2.26,729
49.4,22.8,62.0,572.3,122.2,32.9,52.0,1.94,Wheat,4.82,427
84.5,25.2,83.2,1688.2,244.1,113.7,163.3,3.1,Sugarcane,11.96,304
51.2,32.8,61.0,767.6,35.1,79.0,77.9,2.64,Groundnut,1.75,739
78.7,26.8,70.2,1459.3,215.5,98.9,259.7,2.69,Sugarcane,12.0,369
69.1,25.8,71.6,1553.2,192.7,62.3,71.0,0.5,Rice,5.82,192
46.6,30.7,51.6,396.9,109.9,45.8,70.4,3.66,Cotton,2.63,690
40.4,32.8,50.9,562.1,121.9,44.7,78.3,3.11,Cotton,2.72,967
43.8,20.2,53.1,570.5,30.1,50.1,36.3,3.6,Chickpea,1.8,410
62.0,26.7,77.4,1440.7,45.3,65.2,58.1,5.42,Soybean,1.96,435
59.3,25.2,61.1,1212.0,51.9,55.0,39.9,2.53,Soybean,2.51,501
46.0,26.1,64.5,788.4,40.0,51.7,44.8,4.02,Soybean,2.33,508
38.9,13.9,59.0,645.1,29.3,57.8,35.2,3.48,Chickpea,1.21,527
41.0,21.7,54.9,398.4,22.7,40.1,41.6,3.4,Chickpea,1.62,599
38.3,32.8,47.4,116.2,50.0,42.1,30.6,4.26,Bajra,1.61,894
45.8,29.9,41.9,355.1,89.4,43.3,70.3,2.69,Cotton,2.44,836
58.8,22.9,64.3,697.1,139.5,41.8,55.3,1.18,Wheat,4.19,386
48.2,25.4,51.3,271.7,56.5,16.1,38.9,3.56,Bajra,1.61,931
69.8,26.9,88.9,1720.8,205.4,59.6,85.3,5.9,Rice,4.86,48
45.1,25.9,56.3,902.6,134.0,42.0,82.3,6.52,Cotton,2.44,679
70.8,28.9,69.2,1325.4,154.6,39.2,114.5,1.31,Rice,6.67,452
65.3,26.1,69.7,951.4,126.7,47.7,51.7,3.26,Maize,5.85,652
92.0,27.7,91.0,1800.3,146.5,53.4,58.1,6.66,Rice,5.11,286
38.9,24.9,53.5,192.4,20.0,47.6,44.1,2.46,Chickpea,1.67,848
73.0,20.4,54.3,403.5,141.6,64.5,56.2,3.64,Wheat,4.6,650
54.5,23.5,66.6,1163.8,46.5,60.4,59.8,4.03,Soybean,1.94,614
64.9,29.7,58.6,1170.4,48.9,53.8,60.8,5.78,Soybean,1.92,578
51.5,27.1,60.1,617.2,31.9,58.7,70.3,5.07,Groundnut,1.91,917
57.2,13.9,58.1,655.2,120.2,43.9,44.4,3.65,Wheat,3.8,486
54.9,24.9,83.3,729.7,133.9,33.6,69.0,5.9,Maize,5.46,576
51.2,19.6,45.5,441.4,105.8,47.4,42.3,3.64,Wheat,5.29,783
75.3,29.7,64.0,1504.2,250.0,96.0,60.7,4.74,Sugarcane,11.51,468
76.0,26.7,78.8,1807.2,142.7,53.4,83.7,4.52,Rice,5.82,213
53.2,25.0,59.2,743.3,42.5,68.1,45.9,4.81,Soybean,2.34,644
58.3,27.3,57.8,881.0,140.5,44.6,37.1,4.59,Maize,5.52,340
53.3,27.0,62.3,822.2,52.8,58.4,41.3,3.03,Soybean,2.41,329
77.1,28.5,67.4,1963.9,168.8,86.1,176.8,3.46,Sugarcane,11.05,471
71.9,32.0,80.6,2115.0,131.5,62.3,123.4,6.69,Rice,3.97,19
39.6,22.1,51.8,479.2,29.1,61.1,48.5,5.12,Chickpea,1.79,886
23.7,26.5,38.7,81.3,29.4,14.6,30.5,7.14,Bajra,1.31,748
62.2,22.6,58.3,61.1,106.9,51.0,58.3,3.19,Wheat,3.37,704
61.2,27.1,81.0,903.8,50.9,66.2,41.1,4.49,Soybean,2.53,399
52.4,19.6,77.7,510.9,137.3,50.7,34.8,2.72,Wheat,4.58,526
54.4,24.2,65.8,1044.9,101.4,32.8,47.7,5.27,Maize,5.07,442
73.1,28.1,78.5,2153.6,169.2,33.2,98.1,3.88,Rice,4.75,212
49.5,21.3,50.2,453.3,91.0,53.7,59.5,5.23,Wheat,4.48,658
56.5,28.3,67.9,502.4,32.0,78.1,64.0,5.02,Soybean,2.22,701
82.4,24.7,83.6,1954.7,187.4,54.8,62.7,0.83,Rice,5.25,434
59.6,24.0,67.6,996.7,29.6,68.0,36.4,3.65,Soybean,2.02,675
82.8,23.9,84.0,2500.0,199.6,60.8,72.5,4.69,Rice,4.66,266
65.8,30.6,61.6,1520.2,123.3,37.5,81.6,2.61,Cotton,1.94,427
56.4,28.0,58.2,527.1,29.6,46.1,56.5,1.74,Groundnut,1.94,350
57.7,12.8,60.8,724.9,153.7,47.4,46.8,3.69,Wheat,3.64,665
69.8,30.8,75.5,1095.9,207.3,99.1,123.8,3.19,Sugarcane,9.18,535
74.2,26.1,85.0,1741.3,141.6,47.0,92.9,5.67,Rice,5.85,208
68.0,23.5,65.6,1165.0,34.4,52.0,50.5,2.17,Soybean,1.78,597
77.0,30.0,69.8,1125.2,177.2,26.7,51.3,4.79,Maize,3.16,644
51.1,29.2,49.4,272.2,56.7,21.0,46.4,3.76,Bajra,1.58,719
27.0,31.4,53.7,306.1,61.7,21.7,42.7,3.63,Jowar,1.76,834
83.1,29.7,86.5,1324.0,154.8,52.7,80.6,1.33,Rice,6.4,351
64.8,13.1,61.9,583.7,135.5,31.3,52.7,3.19,Wheat,3.69,306
45.7,30.2,55.9,747.6,40.4,62.6,56.2,3.99,Groundnut,2.1,527
60.3,28.7,62.9,1119.7,57.0,69.8,66.1,3.62,Soybean,2.3,435
82.4,23.7,73.7,2176.1,173.1,49.0,118.9,3.05,Rice,3.85,378
68.8,20.2,56.2,1110.8,122.9,46.5,80.0,4.57,Maize,4.02,418
83.9,32.0,71.4,1363.0,237.5,55.3,112.5,5.46,Rice,5.86,335
32.0,22.6,39.3,261.7,77.4,29.4,40.4,3.39,Jowar,1.44,621
43.4,32.7,46.4,264.7,59.0,29.4,43.9,4.19,Bajra,1.99,719
51.2,17.8,54.0,442.5,32.3,37.7,28.4,3.55,Chickpea,1.87,663
81.5,23.8,69.4,873.6,182.9,56.1,73.3,2.93,Rice,4.24,630
87.9,26.3,74.0,2035.4,250.0,86.2,196.8,0.72,Sugarcane,9.31,432
54.2,32.3,80.4,1182.9,38.0,66.6,69.5,0.98,Soybean,1.67,385
64.7,26.5,67.9,559.0,168.8,43.6,47.2,0.81,Maize,4.7,568
36.2,30.2,61.0,871.2,91.7,37.5,83.8,1.27,Cotton,2.93,562
79.6,30.5,85.3,942.9,98.8,67.6,72.6,0.72,Rice,5.38,370
54.2,31.8,43.6,467.5,92.1,33.5,82.4,2.3,Cotton,2.54,962
49.9,26.2,49.3,253.8,65.2,33.4,40.3,1.25,Jowar,1.87,322
70.4,31.3,76.2,1237.1,126.1,45.6,111.9,4.26,Rice,6.5,356
48.7,33.9,63.3,190.5,62.6,31.6,34.9,0.58,Bajra,1.55,662
78.1,23.4,83.8,1906.4,138.9,57.9,80.1,2.42,Rice,5.65,437
78.2,23.5,73.5,1799.7,150.3,85.9,116.9,1.73,Sugarcane,9.24,168
46.7,34.1,56.2,730.9,36.7,39.3,72.9,1.99,Groundnut,1.91,654
39.7,18.7,30.9,555.9,37.4,43.9,31.9,4.59,Chickpea,1.75,925
60.6,22.0,64.8,503.4,129.2,37.3,45.8,4.85,Wheat,4.39,493
72.4,26.0,78.3,1468.5,189.6,54.6,66.0,3.18,Rice,5.65,46
44.4,23.8,65.0,1361.6,95.5,45.4,76.0,2.92,Cotton,1.78,396
54.8,20.7,62.4,375.0,32.8,52.8,45.2,3.73,Chickpea,1.81,411
44.2,28.3,69.8,667.7,113.2,48.3,59.7,6.28,Cotton,2.9,603
58.7,27.7,84.0,1038.3,59.1,42.6,38.0,0.93,Soybean,2.48,219
66.1,25.0,60.6,1233.0,58.5,53.3,41.3,5.09,Soybean,2.11,778
48.9,23.7,42.6,655.7,31.3,39.2,71.8,5.05,Groundnut,2.19,730
78.4,31.2,84.2,1245.4,156.5,57.8,75.0,5.71,Rice,5.65,202
39.3,26.1,64.1,373.7,59.6,27.7,40.8,3.0,Jowar,2.17,506
68.5,25.1,62.8,865.2,33.7,60.9,76.0,1.69,Soybean,1.9,363
72.0,27.4,85.1,1960.9,126.9,65.5,91.4,3.79,Rice,5.38,310
40.5,25.5,75.7,475.5,23.0,35.9,37.8,2.31,Chickpea,1.35,712
75.2,26.4,81.4,2255.3,160.2,61.1,108.7,5.55,Rice,5.03,210
59.7,17.7,55.3,212.2,140.1,73.3,54.4,5.7,Wheat,3.46,813
51.2,22.8,40.5,225.5,26.3,37.1,35.3,2.54,Chickpea,1.88,621
36.7,31.8,56.9,585.8,44.6,26.2,44.1,1.71,Jowar,2.2,661
58.3,20.4,48.2,382.6,134.8,47.5,48.4,3.89,Wheat,4.56,1023
29.3,29.5,52.5,365.2,77.9,53.7,66.4,0.58,Cotton,2.27,454
55.9,26.9,62.2,677.4,47.1,71.5,53.5,4.59,Soybean,2.57,752
58.1,26.4,81.3,1173.5,162.6,82.7,68.3,2.35,Rice,4.75,536
92.0,30.9,80.8,1742.8,240.9,103.7,157.9,2.72,Sugarcane,10.28,5
49.5,21.5,56.1,667.9,161.7,40.1,51.8,3.93,Wheat,4.82,387
58.5,16.2,40.9,526.0,115.9,48.6,44.5,0.5,Wheat,4.38,582
50.0,22.4,59.8,417.4,25.8,49.7,34.5,5.53,Chickpea,1.43,762
48.9,16.1,47.7,343.0,118.2,65.4,58.0,3.76,Wheat,3.96,642
38.1,29.8,52.1,679.4,58.8,29.3,49.1,1.75,Jowar,1.83,612
77.9,27.5,93.6,1642.6,181.4,42.4,88.4,5.34,Rice,5.76,341
41.3,26.2,44.0,549.2,35.2,65.0,57.8,0.5,Groundnut,2.05,729
54.6,26.9,65.5,880.8,50.2,47.8,61.1,3.8,Soybean,2.62,544
60.1,28.3,70.5,799.9,144.6,59.7,61.6,3.5,Wheat,3.4,430
59.3,19.3,72.1,1018.3,98.8,46.8,71.5,1.26,Maize,5.09,614
48.5,25.7,70.3,950.3,83.4,30.5,36.5,4.67,Jowar,1.56,342
77.6,21.1,85.6,1702.2,161.5,38.8,81.8,1.18,Rice,4.27,530
31.1,33.9,41.2,275.9,30.4,39.0,44.2,4.92,Bajra,1.79,705
67.5,22.6,60.8,569.9,128.3,47.7,51.8,3.48,Wheat,4.21,461
55.7,31.6,61.5,933.0,38.5,61.7,65.2,3.79,Soybean,1.68,634
63.4,28.7,67.3,1354.7,46.1,43.5,48.7,2.89,Soybean,1.92,505
84.9,29.0,68.3,1418.8,161.3,45.9,90.1,3.81,Rice,6.29,113
42.4,28.4,58.8,674.4,62.2,36.9,50.0,3.88,Jowar,1.94,621
57.6,23.2,59.3,757.2,40.4,62.9,47.8,3.8,Soybean,1.95,363
53.7,22.4,55.8,570.9,155.4,39.5,43.1,5.43,Wheat,4.6,494
80.1,24.5,69.6,1789.3,104.3,39.8,94.5,0.5,Rice,5.8,488
81.9,27.2,77.7,1944.2,148.6,51.2,84.3,3.83,Rice,5.41,161
33.2,36.1,47.9,0.0,70.2,30.1,56.0,4.99,Jowar,1.56,798
53.5,24.0,57.9,295.3,129.9,49.6,47.5,3.35,Maize,4.12,582
36.2,32.3,51.7,476.6,60.6,37.8,43.8,4.34,Jowar,1.89,964
58.2,20.0,60.6,761.8,137.1,56.8,56.6,2.84,Wheat,4.39,547
48.0,25.0,51.9,795.0,101.3,51.0,62.5,3.63,Cotton,2.61,442
59.8,15.6,67.7,482.7,152.8,55.9,43.0,2.99,Wheat,4.07,370
68.7,23.0,77.9,1886.2,136.3,68.6,67.8,5.39,Rice,4.15,158
46.5,22.4,59.7,344.1,79.4,32.2,51.5,2.01,Jowar,1.68,640
55.1,32.6,53.7,820.6,56.5,31.1,26.7,3.07,Jowar,1.18,607
34.5,30.2,60.1,278.9,69.9,33.4,21.4,2.86,Bajra,1.8,776
43.7,25.6,51.7,653.5,31.7,60.4,36.7,4.15,Groundnut,2.42,668
92.0,26.2,77.1,2445.0,187.9,97.4,192.5,2.12,Sugarcane,8.48,269
69.7,35.3,65.6,2077.6,177.9,58.1,118.7,2.56,Rice,3.65,410
56.9,17.6,56.5,482.2,91.2,51.9,57.6,3.78,Wheat,3.62,607
32.8,29.4,38.8,614.2,67.0,28.0,39.9,1.34,Jowar,2.28,782
91.3,28.9,85.6,1495.3,193.8,27.2,114.3,2.97,Rice,5.22,411
40.0,18.2,27.6,322.7,27.7,38.9,27.6,2.99,Chickpea,1.99,950
86.8,25.2,94.7,2196.0,149.5,46.2,107.7,4.56,Rice,4.65,97
48.2,28.2,57.8,333.0,124.4,27.3,62.7,0.57,Cotton,2.49,361
83.3,27.8,73.5,1776.0,180.8,53.7,56.9,3.32,Rice,5.2,213
84.6,27.9,90.3,1114.5,204.9,50.3,80.0,3.23,Rice,5.26,343
75.4,27.1,73.2,1102.9,196.1,68.3,106.4,2.18,Rice,5.58,34
50.8,23.2,71.8,885.3,29.0,52.5,59.0,0.5,Groundnut,2.04,384
56.4,18.6,64.0,881.9,140.3,45.1,44.5,3.26,Wheat,4.02,588
55.3,32.2,35.6,402.6,61.0,36.5,27.2,4.96,Jowar,1.88,689
33.9,34.0,59.4,596.2,111.6,38.7,66.2,4.95,Cotton,2.29,417
61.1,28.2,73.1,770.3,37.8,51.0,47.8,3.38,Groundnut,1.93,733
19.9,35.0,42.7,87.1,48.8,21.6,39.1,0.5,Bajra,1.49,980
61.2,23.6,63.1,1264.5,89.2,54.1,54.8,3.57,Maize,4.79,436
59.8,20.4,57.0,589.9,122.2,70.1,43.9,4.67,Wheat,4.92,814
65.0,13.5,69.2,658.6,112.2,48.0,54.9,8.3,Wheat,3.92,707
56.9,18.5,70.4,980.4,134.5,29.2,65.4,3.95,Maize,4.78,280
72.3,29.2,70.6,1642.1,125.6,43.9,107.7,3.95,Rice,5.93,789
49.6,24.0,53.7,328.1,31.1,63.3,77.0,0.5,Groundnut,1.67,520
49.8,28.7,63.2,974.4,103.1,31.6,60.0,1.66,Cotton,2.53,471
82.4,26.9,90.1,2157.3,193.2,85.0,144.6,3.82,Sugarcane,9.68,34
57.2,23.6,71.9,611.8,165.9,65.9,50.6,4.68,Wheat,4.52,502
40.8,24.2,71.2,1014.5,73.5,36.6,43.2,3.71,Jowar,1.52,241
83.1,26.1,90.4,1868.7,185.9,42.4,69.4,3.12,Rice,6.06,225
87.0,26.0,69.2,1969.4,144.3,75.6,116.6,4.02,Rice,5.11,513
53.5,22.7,52.3,501.1,140.1,55.9,50.1,0.5,Wheat,4.5,687
47.9,15.0,48.5,398.5,27.1,65.2,20.0,6.05,Chickpea,1.69,652
54.1,29.4,88.0,942.2,28.9,63.0,62.8,0.5,Soybean,2.24,570
41.2,32.3,55.1,352.0,78.8,37.2,43.7,4.74,Jowar,2.13,512
67.0,22.7,60.4,372.5,148.3,38.7,51.9,2.27,Maize,3.42,759
78.0,24.6,79.1,1803.7,185.1,59.1,68.2,4.86,Rice,5.75,250
57.3,26.7,68.6,1116.9,41.4,55.7,62.1,0.5,Soybean,2.44,485
30.7,27.1,47.2,539.6,64.1,14.4,25.3,5.3,Bajra,1.55,691
68.1,16.6,61.9,574.0,77.4,63.3,46.7,3.48,Wheat,3.98,592
64.3,29.6,70.6,817.6,155.8,43.1,95.9,4.64,Rice,4.64,465
45.0,14.5,72.0,315.2,29.4,53.4,29.5,4.25,Chickpea,1.6,405
55.5,20.1,56.5,614.9,165.5,42.1,56.3,4.4,Wheat,4.0,520
56.9,23.5,74.1,414.3,119.8,59.4,51.4,2.93,Wheat,4.23,565
61.3,19.9,68.4,529.2,121.1,33.0,53.6,5.36,Maize,3.63,510
70.2,23.9,68.8,294.9,127.1,44.7,40.3,2.22,Wheat,3.37,373
48.7,32.3,68.5,486.2,75.1,32.7,46.8,3.77,Bajra,1.95,422
89.2,23.9,79.9,2033.4,140.5,65.6,60.0,4.88,Rice,4.28,161
60.5,18.4,71.7,298.3,175.0,62.5,70.0,6.91,Wheat,3.84,521
85.0,27.3,79.6,904.1,127.6,67.9,79.0,2.89,Rice,4.71,421
54.8,29.9,57.1,932.6,87.9,51.5,85.1,4.66,Cotton,2.48,577
57.3,14.9,61.1,935.8,93.4,35.8,33.1,3.23,Wheat,3.43,430
53.4,20.1,59.9,357.2,122.5,38.5,42.3,4.37,Wheat,3.57,616
61.4,28.6,85.8,1202.8,189.6,48.1,101.2,3.07,Rice,5.51,103
50.7,19.1,54.6,453.0,30.5,54.9,29.1,0.5,Chickpea,1.97,194
42.9,31.2,48.4,629.7,35.8,61.1,96.7,1.0,Groundnut,1.96,657
43.9,34.8,47.1,339.4,70.8,30.2,47.5,4.13,Bajra,1.53,451
49.1,28.1,86.0,747.8,31.6,64.4,68.9,7.05,Groundnut,2.57,218
76.6,30.2,87.3,1845.9,227.1,33.4,74.9,1.95,Rice,5.19,55
30.1,20.7,50.6,311.8,91.9,33.3,49.7,8.87,Jowar,1.52,783
83.4,29.6,75.1,2146.6,229.1,69.3,187.8,3.65,Sugarcane,9.6,97
73.6,30.5,77.1,779.4,184.7,45.3,76.8,1.08,Rice,5.13,468
37.9,24.3,58.5,545.7,50.1,24.5,35.2,1.62,Jowar,1.45,523
69.0,29.4,88.6,1601.8,175.4,67.6,65.8,3.6,Rice,6.69,64
71.0,27.8,84.8,1362.6,104.5,49.1,65.3,3.96,Rice,5.19,59
50.7,33.8,36.1,421.0,46.5,35.6,45.2,4.59,Jowar,1.69,839
63.6,24.5,86.0,1304.8,50.0,51.1,55.0,5.85,Soybean,2.14,361
33.7,31.8,40.8,464.2,60.4,42.5,45.4,2.78,Jowar,2.07,853
62.9,29.8,58.3,387.3,43.6,64.9,34.2,5.86,Soybean,1.55,903
77.9,22.0,83.6,1892.5,198.8,34.6,90.0,0.97,Rice,4.23,299
66.9,17.8,56.5,702.8,149.5,56.1,53.4,1.55,Wheat,4.24,637
58.8,33.0,66.7,352.8,31.7,38.2,72.8,0.52,Groundnut,1.63,539
74.5,27.6,90.7,1370.7,150.5,54.9,105.0,3.03,Rice,6.27,281
59.7,16.7,45.9,291.5,130.5,75.2,29.3,4.32,Wheat,3.96,663
83.6,26.9,76.4,2445.2,180.0,56.5,100.4,2.74,Rice,4.52,107
70.3,28.7,70.9,839.5,185.2,45.1,110.4,4.31,Rice,5.44,772
56.1,20.9,67.4,214.2,111.0,30.9,51.3,6.42,Wheat,3.71,281
57.1,24.1,59.2,1099.5,45.2,68.1,61.6,2.04,Soybean,1.94,560
76.7,31.0,74.2,1555.2,214.8,69.8,118.2,2.27,Rice,6.26,420
60.4,24.6,58.6,873.9,36.9,57.3,46.1,1.24,Soybean,2.59,578
58.5,35.1,62.0,1116.2,143.0,47.6,66.2,0.5,Cotton,2.04,348
60.3,20.3,57.2,708.0,111.4,48.7,32.9,2.86,Wheat,4.03,556
53.6,29.5,49.5,408.2,99.7,43.8,74.6,4.27,Cotton,2.74,607
61.7,31.6,58.3,958.6,53.6,70.4,61.8,1.51,Soybean,1.9,379
85.7,30.8,85.0,1815.9,214.3,37.8,91.4,2.43,Rice,4.51,246
70.8,24.3,46.7,587.1,105.9,39.6,45.6,3.74,Wheat,3.93,614
50.9,23.8,58.6,705.3,158.5,31.8,43.4,2.38,Maize,5.23,489
79.5,33.0,80.9,1612.9,240.8,50.2,174.8,0.5,Sugarcane,11.1,404
34.1,29.4,58.1,212.1,39.5,33.3,49.4,4.81,Jowar,2.2,474
66.5,21.5,51.6,1136.9,144.2,46.7,55.8,3.79,Maize,3.9,642
61.5,29.0,47.9,606.0,153.0,30.8,71.9,2.32,Cotton,2.84,571
41.8,28.5,67.2,1352.3,101.7,36.2,78.7,4.55,Cotton,2.36,491
54.5,20.8,53.1,541.2,110.3,40.3,43.3,3.79,Wheat,4.06,646
52.3,23.8,60.3,930.7,165.5,52.5,42.6,5.68,Wheat,3.75,569
37.6,33.7,41.3,775.1,134.4,42.7,54.4,3.6,Cotton,2.56,540
47.1,27.9,49.5,320.7,95.3,42.2,80.5,4.05,Cotton,2.27,566
59.9,19.8,62.2,755.5,136.3,55.2,41.2,2.69,Maize,4.75,406
42.7,19.5,44.6,606.8,29.6,44.4,40.7,3.7,Chickpea,2.03,715
61.3,23.0,52.5,498.9,135.6,38.6,60.6,1.55,Wheat,4.73,760
65.6,24.5,81.6,1261.3,155.1,33.8,40.6,2.05,Rice,5.1,497
89.7,24.4,84.5,2351.2,185.8,65.1,89.7,1.87,Rice,3.56,129
73.3,30.7,83.9,1529.6,146.0,32.9,80.1,0.5,Rice,5.1,299
35.6,33.4,62.6,248.3,57.2,34.2,35.6,4.91,Jowar,1.67,348
78.7,26.5,79.8,2192.0,250.0,81.4,224.9,1.91,Sugarcane,8.95,0
79.6,25.0,93.8,2259.2,200.4,54.4,62.1,6.21,Rice,4.77,35
67.1,24.4,65.6,1026.4,126.7,58.2,47.3,2.45,Maize,4.88,373
55.1,20.4,58.3,303.7,154.7,48.0,28.5,4.69,Wheat,4.14,384
65.5,25.9,85.6,1296.4,91.6,36.6,86.1,4.45,Rice,6.45,23
86.0,29.3,83.8,2233.6,250.0,64.5,217.1,3.33,Sugarcane,10.54,301
77.9,21.0,86.3,1465.3,141.8,59.3,79.9,2.24,Rice,4.36,152
57.5,20.6,50.0,639.1,138.3,74.6,42.9,1.64,Wheat,5.13,384
59.3,27.9,61.7,784.4,161.9,35.9,58.6,4.27,Maize,5.49,896
38.8,31.6,55.0,642.9,69.6,22.8,39.3,2.3,Bajra,1.72,633
48.3,33.1,67.4,974.4,111.4,32.0,97.5,3.94,Cotton,3.51,419
74.4,29.9,75.2,2152.2,175.9,56.4,79.3,1.53,Rice,5.65,380
63.9,24.6,70.8,425.3,31.5,32.4,71.2,3.28,Groundnut,1.55,394
56.6,22.2,54.6,82.4,93.5,42.8,51.6,6.04,Wheat,3.74,921
42.1,31.1,58.3,1075.6,117.9,36.5,56.2,1.35,Cotton,2.42,288
37.1,24.9,44.8,278.8,55.4,31.8,46.1,3.55,Jowar,1.76,518
77.2,28.4,85.0,1678.8,150.8,47.6,79.5,0.5,Rice,7.36,240
50.9,22.4,54.4,411.4,34.7,49.0,43.8,2.38,Chickpea,1.62,519
55.7,36.7,62.3,788.7,35.8,49.8,79.8,1.62,Groundnut,1.65,748
74.5,23.9,79.4,1368.1,196.4,57.0,97.7,6.96,Rice,5.13,82
50.1,26.7,65.6,760.6,31.1,60.2,65.2,1.71,Groundnut,2.06,395
56.3,12.4,47.7,431.3,131.1,52.1,55.5,4.54,Wheat,3.14,719
28.0,28.8,48.3,289.9,133.0,20.4,85.6,2.97,Cotton,1.95,781
65.9,21.5,67.6,931.3,199.5,49.5,111.0,2.18,Rice,4.16,625
83.3,28.3,81.9,1739.2,145.8,57.7,116.9,1.24,Rice,6.08,326
79.8,24.8,77.1,1610.4,182.5,76.7,102.5,3.43,Rice,4.72,659
69.2,32.7,83.0,1489.9,136.9,41.6,120.2,1.94,Rice,5.31,219
53.0,18.3,56.0,488.2,118.0,51.8,39.7,5.75,Wheat,4.32,642
70.1,14.9,56.1,331.4,107.2,57.0,40.1,4.39,Wheat,2.93,766
57.6,28.4,50.1,689.4,33.7,61.0,65.0,3.3,Groundnut,2.47,586
72.1,25.7,72.1,1070.4,53.4,49.1,52.8,3.42,Soybean,1.91,372
64.5,24.0,60.6,712.5,55.0,65.2,43.2,2.1,Soybean,2.31,480
76.6,23.8,77.4,94.9,159.3,50.8,78.0,0.5,Rice,5.05,399
36.5,25.2,44.6,369.9,66.9,24.0,47.9,5.79,Jowar,1.81,534
62.9,28.3,63.2,670.9,106.7,48.3,45.7,4.66,Maize,4.82,451
47.9,17.1,60.2,412.7,22.0,61.0,33.8,3.46,Chickpea,1.98,352
47.1,18.9,47.9,193.7,76.4,52.7,52.9,3.39,Wheat,3.08,764
88.7,20.2,73.1,1059.0,163.5,46.4,111.8,2.91,Rice,3.91,164
56.1,23.1,79.3,1074.7,122.4,52.4,49.1,4.2,Maize,5.41,681
61.9,26.1,77.8,1361.6,207.5,47.4,69.2,2.27,Rice,6.27,602
76.6,28.1,78.7,1831.0,169.9,49.6,104.2,4.94,Rice,5.71,453
52.8,29.0,68.8,780.8,30.0,63.6,63.3,0.9,Groundnut,2.37,445
33.3,33.1,48.2,365.2,68.1,33.0,30.1,4.3,Bajra,2.2,593
76.5,31.4,79.5,1762.5,188.6,65.3,78.8,3.44,Rice,5.42,473
68.5,28.6,84.4,1104.3,152.0,68.2,61.8,1.86,Rice,4.81,350
57.9,26.2,61.3,636.9,61.9,38.3,37.5,2.81,Jowar,1.77,641
62.7,20.3,76.7,1466.9,98.9,57.4,54.7,3.99,Rice,4.04,223
39.6,22.9,66.9,491.8,140.5,48.1,50.3,2.65,Wheat,4.52,693
46.7,29.0,46.8,371.6,45.6,44.3,65.7,3.36,Groundnut,2.0,569
28.8,37.4,44.9,505.7,56.6,28.2,34.1,4.87,Bajra,1.49,707
38.1,13.6,60.6,508.2,29.8,29.7,34.0,2.51,Chickpea,1.6,308
33.6,36.2,42.9,279.6,72.8,28.1,35.0,4.79,Bajra,1.84,626
71.2,10.9,64.1,864.3,137.6,36.9,37.4,4.15,Wheat,2.86,580
71.4,29.3,82.2,1574.1,115.3,45.9,72.4,5.57,Rice,5.5,216
52.4,16.9,57.2,644.1,30.7,59.6,29.5,2.48,Chickpea,1.55,515
72.2,29.3,80.8,2064.5,171.2,50.4,111.4,4.56,Rice,5.08,367
70.8,27.2,69.6,1033.2,47.4,54.4,40.4,4.46,Soybean,2.31,427
77.3,28.8,78.1,1995.2,161.4,68.4,171.5,2.61,Sugarcane,11.67,459
37.3,25.0,54.0,490.8,27.7,42.0,41.8,2.24,Chickpea,1.53,254
47.9,30.8,63.0,838.7,95.7,49.5,77.2,5.66,Cotton,2.89,602
45.5,27.5,54.8,500.4,98.5,41.5,43.6,3.62,Cotton,2.36,698
63.9,21.4,76.2,1130.1,54.0,66.1,67.5,2.81,Soybean,1.8,138
63.8,26.3,54.1,396.9,129.4,43.4,50.0,5.14,Wheat,3.97,437
46.8,27.1,59.3,812.2,68.2,38.9,71.2,1.61,Cotton,2.69,682
46.9,31.5,61.9,498.7,141.4,61.3,88.0,0.99,Cotton,2.76,401
51.8,18.1,53.0,242.5,30.3,40.1,30.1,2.75,Chickpea,1.56,565
80.3,31.3,78.4,1925.0,147.1,49.3,95.3,3.81,Rice,5.0,365
66.4,23.8,71.9,1577.2,49.3,49.8,54.8,1.6,Soybean,1.92,303
78.3,30.0,86.1,1857.9,132.4,52.3,102.0,3.64,Rice,5.42,307
50.4,22.2,74.5,971.6,135.1,47.5,51.9,5.0,Maize,3.88,274
40.3,32.6,51.7,244.0,61.7,24.1,40.2,6.19,Bajra,1.96,718
57.2,15.5,56.4,423.5,135.1,62.8,42.5,4.78,Wheat,4.44,784
74.1,29.8,83.6,1774.7,142.4,74.8,92.4,3.9,Rice,5.7,306
52.5,26.9,78.7,1236.3,39.2,45.5,41.8,3.48,Soybean,2.0,7
63.6,21.2,70.1,1334.4,63.1,55.4,65.2,3.28,Soybean,1.74,497
71.5,20.1,69.2,799.3,105.7,48.3,55.0,1.69,Maize,4.68,479
42.7,25.3,55.0,594.6,72.4,35.0,54.1,3.21,Jowar,2.18,466
48.1,15.4,68.9,653.8,103.7,63.6,46.2,2.48,Wheat,3.91,706
52.1,26.4,64.8,651.2,23.8,51.7,65.9,2.15,Groundnut,2.09,254
46.5,33.4,43.8,808.5,54.3,25.3,48.4,4.14,Jowar,1.45,952
43.7,27.6,60.6,876.2,34.4,57.5,57.3,3.88,Groundnut,2.11,430
76.3,22.6,79.9,1409.1,144.9,52.6,87.6,0.5,Rice,4.76,560
45.3,30.1,60.3,410.1,27.9,81.5,102.4,3.66,Groundnut,1.93,582
38.9,27.2,31.5,337.8,48.3,32.3,30.2,2.73,Bajra,1.79,582
58.2,24.4,46.7,79.7,152.6,50.2,50.8,4.91,Wheat,3.39,738
35.0,35.0,61.3,472.1,89.9,38.2,63.7,2.28,Cotton,2.08,624
52.4,29.0,82.5,1032.3,35.8,80.0,55.2,3.73,Soybean,2.09,425
47.9,31.6,48.3,735.7,152.5,42.5,60.4,3.05,Cotton,2.6,802
52.7,18.2,50.0,727.0,142.1,45.1,50.5,0.67,Wheat,4.21,489
35.4,12.5,48.9,169.5,22.8,43.0,33.9,4.18,Chickpea,1.22,775
67.3,26.5,71.0,741.8,122.7,40.8,64.8,4.04,Maize,5.26,577
41.3,31.7,58.7,866.0,109.4,50.7,57.5,1.66,Cotton,2.9,502
61.8,27.7,65.0,821.7,48.1,55.6,74.8,2.88,Soybean,2.37,355
32.9,35.3,39.7,275.8,61.8,32.0,23.6,3.98,Bajra,1.85,599
53.2,21.7,78.3,916.0,34.4,62.5,61.1,3.51,Soybean,2.26,502
69.5,25.6,86.1,1550.5,62.4,51.2,105.2,3.63,Rice,5.82,386
53.6,23.5,53.6,464.7,137.7,44.9,54.8,1.72,Wheat,4.68,504
51.0,26.7,52.6,984.5,144.5,45.5,49.2,1.77,Maize,4.98,369
76.2,26.7,83.4,1732.1,158.8,65.4,84.9,1.16,Rice,5.48,452
45.6,32.1,42.2,816.7,74.5,31.9,83.9,5.83,Cotton,2.82,433
44.9,22.1,51.3,582.0,28.7,49.1,27.0,3.53,Chickpea,1.37,659
78.4,33.1,76.4,1105.4,178.7,39.2,74.3,2.44,Rice,3.43,253
40.0,24.7,72.0,476.2,60.7,56.3,37.8,5.53,Soybean,1.4,218
49.0,30.2,56.4,941.6,46.9,64.1,45.4,4.55,Groundnut,2.19,571
55.1,19.6,59.0,295.9,149.3,44.6,46.1,3.57,Wheat,3.98,583
45.7,15.5,47.7,400.7,27.9,42.5,56.0,1.69,Chickpea,1.63,903
33.2,16.3,38.4,223.8,27.5,60.4,26.9,3.39,Chickpea,1.51,1023
54.4,17.5,55.2,471.9,107.1,44.8,46.0,2.81,Wheat,3.86,590
39.6,17.3,49.5,216.9,24.2,30.6,40.4,1.51,Chickpea,1.66,848
37.9,18.6,59.7,248.0,33.4,57.0,33.7,1.27,Chickpea,1.67,774
53.5,19.5,45.0,423.6,28.2,50.5,38.3,0.89,Chickpea,1.88,616
54.1,19.3,53.8,412.0,119.1,52.9,29.1,3.63,Wheat,4.16,503
57.9,11.6,69.0,703.9,147.8,61.4,55.3,1.41,Wheat,4.22,732
80.5,25.8,77.8,1721.3,125.3,58.9,61.4,7.04,Rice,5.34,241
55.4,26.5,70.7,391.4,157.1,40.4,66.1,6.06,Maize,5.32,506
56.0,28.1,56.6,805.4,125.1,31.2,79.3,3.15,Cotton,2.51,522
53.1,26.6,61.7,658.4,20.9,65.3,33.7,4.02,Groundnut,2.29,526
38.9,28.3,43.0,237.1,57.6,46.3,38.3,6.35,Bajra,2.03,637
38.7,27.0,60.3,649.7,102.4,30.8,82.5,3.14,Cotton,3.08,674
50.6,19.2,65.8,425.2,156.9,53.9,57.6,3.28,Wheat,4.54,738
27.8,23.8,42.1,223.1,64.5,34.8,31.9,3.04,Bajra,1.55,679
43.0,28.7,72.5,700.8,111.3,37.5,79.1,4.38,Cotton,2.62,244
37.4,25.2,55.4,318.0,82.9,34.4,36.0,3.2,Bajra,1.75,644
84.9,26.9,82.3,1541.3,226.0,67.5,82.9,0.5,Rice,5.68,57
52.0,22.0,74.0,464.0,135.4,47.1,46.3,5.29,Wheat,5.17,376
46.5,26.2,62.6,903.1,38.5,50.4,52.5,3.57,Groundnut,2.37,698
41.2,30.4,43.4,400.5,66.0,36.1,44.2,4.73,Jowar,1.98,1023
32.0,21.8,50.0,443.2,29.3,38.7,20.0,3.13,Chickpea,2.01,718
47.1,25.1,59.5,464.4,25.6,56.3,25.2,3.14,Chickpea,1.78,423
68.7,25.3,69.1,1221.2,143.6,46.3,103.8,5.13,Rice,4.87,538
52.5,22.1,55.7,236.0,37.3,20.1,20.0,8.59,Chickpea,1.49,297
44.1,29.3,61.8,367.8,46.0,23.4,37.1,2.7,Bajra,2.07,475
67.7,30.4,73.0,735.1,144.5,37.2,62.3,0.5,Maize,4.89,683
44.2,37.4,43.3,547.2,46.6,37.1,37.4,5.3,Bajra,1.59,810
66.2,29.0,65.0,729.4,124.4,55.4,75.6,4.14,Cotton,1.92,299
85.3,32.1,68.6,1895.8,231.3,62.6,107.5,2.7,Sugarcane,9.02,84
69.4,25.6,67.4,1223.3,146.1,52.5,62.7,1.74,Maize,4.94,562
50.0,16.9,73.3,599.1,105.1,50.4,38.1,1.82,Wheat,4.88,456
46.2,24.6,52.7,507.7,60.3,33.4,35.6,1.67,Bajra,1.57,542
52.8,29.8,64.5,552.0,28.7,48.0,80.0,6.96,Groundnut,2.02,602
44.7,26.3,43.6,530.8,109.7,41.5,77.4,1.01,Cotton,2.85,606
41.1,21.1,50.5,446.5,137.9,50.9,35.1,5.86,Wheat,4.28,360
74.2,26.2,78.6,1535.9,107.7,44.7,97.7,2.59,Rice,5.93,436
45.0,28.5,51.8,935.2,56.6,35.7,44.9,8.09,Jowar,1.61,488
44.0,21.8,46.1,145.9,21.9,53.8,49.8,3.61,Chickpea,1.76,565
51.6,24.5,63.4,854.3,49.4,60.2,50.8,1.51,Soybean,2.38,302
61.6,25.7,70.7,894.4,37.7,50.1,70.3,2.45,Soybean,2.28,485
73.5,28.7,79.7,1331.7,136.9,55.4,100.2,2.54,Rice,5.49,203
68.7,26.7,80.4,1366.2,187.9,45.2,72.2,5.31,Rice,5.3,415
51.7,32.1,49.1,302.4,36.7,61.3,59.6,2.12,Groundnut,1.69,641
55.1,30.3,83.3,636.1,28.6,64.9,68.9,4.53,Groundnut,2.11,549
32.1,35.2,63.6,376.5,60.1,33.6,34.7,1.24,Bajra,1.79,508
42.7,15.7,64.6,294.2,28.4,55.7,49.2,2.95,Chickpea,1.51,469
45.4,20.9,57.2,284.4,21.9,25.8,29.4,1.7,Chickpea,1.66,323
76.5,26.3,79.3,890.8,181.5,70.3,95.0,2.27,Rice,4.77,212
63.0,19.8,59.5,319.5,143.0,60.3,48.0,4.73,Wheat,3.29,717
51.6,11.0,61.3,236.0,24.0,48.8,26.7,3.81,Chickpea,1.27,1023
42.0,32.6,37.3,583.0,54.6,30.4,36.9,1.86,Bajra,2.02,537
37.3,31.3,43.5,13.4,68.7,41.7,30.9,5.25,Bajra,1.69,589
51.5,18.1,60.1,600.7,83.5,57.7,37.1,3.41,Wheat,4.26,618
89.4,28.9,83.6,2085.3,139.3,61.3,90.1,3.55,Rice,4.29,299
47.4,31.8,59.3,766.5,24.9,51.6,71.0,1.55,Groundnut,2.08,447
82.4,26.5,77.4,1773.0,168.1,57.0,75.5,3.35,Rice,6.12,306
61.5,15.7,73.5,583.7,111.3,63.8,45.6,5.86,Wheat,4.5,216
73.4,20.7,61.0,891.8,139.9,64.9,49.7,5.81,Maize,4.12,476
54.3,19.3,48.6,452.9,136.0,52.8,44.5,3.75,Wheat,5.17,808
56.2,30.4,62.1,1286.4,31.6,65.9,48.2,0.78,Soybean,1.97,715
51.1,26.9,56.6,637.4,136.3,39.8,92.3,4.73,Cotton,2.68,562
59.6,17.4,56.5,474.5,149.2,52.4,61.5,3.29,Wheat,3.83,569
40.2,22.9,67.3,230.9,155.2,56.5,29.6,2.98,Wheat,3.48,627
81.3,28.3,87.7,1973.8,154.9,51.9,59.2,5.17,Rice,4.63,384
52.2,25.7,51.8,534.7,136.0,47.9,44.3,4.52,Wheat,4.93,712
73.0,26.8,86.2,1927.3,166.5,65.8,53.4,5.44,Rice,5.64,110
50.0,21.2,57.3,522.5,23.6,47.9,42.3,4.14,Groundnut,1.51,652
42.0,17.2,41.2,358.3,36.3,61.1,35.8,4.31,Chickpea,1.78,878
72.8,32.6,75.2,1463.8,163.8,55.7,71.1,3.39,Rice,5.39,234
67.1,22.6,70.1,1010.2,40.1,48.4,56.4,1.63,Soybean,1.76,230
82.7,31.8,81.8,1855.8,189.5,57.6,83.7,2.24,Rice,4.93,337
71.3,32.2,68.0,1272.4,199.2,78.9,114.0,1.56,Sugarcane,9.34,476
47.8,22.1,65.1,236.0,127.0,51.6,36.3,2.4,Wheat,3.75,723
60.3,18.9,65.9,690.7,112.5,65.3,46.1,3.23,Wheat,4.95,523
80.1,27.3,89.8,2174.0,159.4,74.5,99.0,3.72,Rice,5.35,87
45.9,30.2,49.2,819.5,135.8,37.8,90.9,5.91,Cotton,3.09,554
89.2,29.5,74.1,1986.0,190.8,88.4,154.2,1.41,Sugarcane,10.67,135
47.9,29.6,61.3,731.1,51.3,41.7,37.5,0.55,Soybean,2.12,395
49.5,33.0,63.8,509.4,112.7,37.0,87.8,0.5,Cotton,2.63,463
42.1,28.9,72.0,521.9,125.6,34.9,34.0,4.48,Wheat,3.2,409
38.1,16.2,43.8,359.9,20.2,34.4,37.9,3.63,Chickpea,1.8,884
84.7,28.0,80.5,1893.1,205.7,71.3,111.5,0.9,Rice,5.56,74
46.3,14.9,40.7,426.5,29.8,30.0,25.4,4.35,Chickpea,1.57,718
35.7,31.6,26.5,123.5,65.4,27.0,31.5,0.53,Jowar,1.92,740
50.9,29.7,57.1,978.5,37.2,74.5,44.9,0.57,Groundnut,2.53,772
38.3,35.4,47.0,429.1,59.7,28.1,26.7,5.67,Bajra,1.89,724
56.4,28.7,46.4,941.8,33.9,56.0,63.3,0.95,Groundnut,2.04,571
63.4,23.7,51.4,1244.6,57.8,64.6,30.2,2.8,Soybean,1.95,679
55.9,25.1,79.8,846.1,44.1,66.1,49.0,2.13,Soybean,2.46,394
33.2,30.8,49.8,435.3,68.1,23.5,43.8,3.76,Bajra,2.09,590
84.2,24.7,79.1,1825.5,247.9,54.8,86.2,1.22,Rice,5.53,515
73.3,29.3,78.2,712.4,46.8,47.8,52.7,2.9,Soybean,1.99,522
49.7,19.9,52.8,490.3,146.1,40.9,62.4,0.6,Wheat,4.35,902
30.2,27.2,48.3,770.7,87.4,33.9,32.2,1.36,Bajra,1.61,813
49.9,20.3,47.3,414.2,25.3,44.0,34.6,2.06,Chickpea,1.66,803
46.2,29.5,48.2,460.6,129.6,47.1,81.8,3.08,Cotton,3.03,693
39.8,16.4,67.2,307.0,28.0,46.7,25.1,0.5,Chickpea,1.69,382
79.8,26.0,71.5,1616.8,245.0,106.2,219.4,2.75,Sugarcane,10.29,463
47.7,31.1,34.4,156.2,77.6,37.2,53.7,2.71,Jowar,1.91,800
81.2,24.6,80.6,2281.9,204.8,45.1,85.2,2.75,Rice,4.17,330
55.9,10.7,68.6,666.3,21.9,40.2,47.8,1.94,Chickpea,0.96,492
88.1,23.9,82.0,1482.6,142.2,58.2,96.4,3.0,Rice,4.9,190
36.6,29.9,55.0,957.6,33.3,47.4,71.1,3.86,Groundnut,1.89,407
50.9,32.8,40.2,1075.5,79.2,38.0,20.0,2.28,Jowar,1.53,766
64.3,26.3,61.5,1158.5,40.9,58.6,26.9,2.59,Soybean,2.22,685
79.3,23.1,79.3,867.6,147.7,49.9,36.7,5.51,Maize,5.18,341
44.9,28.1,59.0,621.5,33.2,62.9,32.4,2.34,Groundnut,2.35,644
62.5,25.0,76.1,773.3,177.5,47.0,63.7,2.22,Maize,5.32,635
58.8,18.6,72.0,694.6,107.5,43.9,31.8,4.46,Wheat,4.48,334
75.9,31.0,77.1,1945.4,122.7,39.4,112.1,2.81,Rice,5.71,227
49.4,28.2,90.2,622.5,131.2,33.4,64.0,2.7,Maize,4.39,164
37.2,30.2,48.5,473.0,73.4,38.1,39.8,5.3,Jowar,2.41,851
87.9,27.6,87.8,1779.3,166.9,58.0,92.5,1.96,Rice,4.76,273
68.4,27.6,66.5,503.5,140.2,39.2,33.2,3.66,Maize,4.86,459
48.1,25.6,79.6,808.7,53.5,36.4,57.7,4.08,Soybean,2.3,136
60.1,29.9,61.4,626.8,100.7,49.1,79.5,4.55,Cotton,2.39,527
48.4,17.7,71.5,414.0,117.5,54.1,47.3,5.23,Wheat,5.04,657
28.2,17.2,55.4,312.4,30.1,46.8,31.4,3.47,Chickpea,1.9,593
85.4,29.3,76.6,2160.1,228.5,43.6,119.4,5.35,Rice,4.26,196
61.2,23.6,66.9,669.9,123.8,35.6,64.5,4.02,Maize,5.18,605
79.6,29.9,72.1,1487.2,130.9,59.0,97.8,1.93,Rice,5.16,175
75.5,29.3,75.6,1508.7,102.0,47.7,105.4,3.17,Rice,5.01,346
52.3,28.5,74.6,1375.4,168.2,36.9,49.7,5.58,Maize,4.66,452
42.0,27.6,56.6,369.4,55.1,20.7,36.1,0.59,Bajra,1.84,503
76.1,30.7,81.3,1705.1,193.3,41.6,79.5,2.77,Rice,5.48,151
72.0,28.0,78.3,1079.5,106.4,63.0,106.1,3.96,Rice,5.23,407
58.5,18.1,59.5,635.9,91.7,66.9,44.2,5.04,Wheat,5.08,553
40.0,27.7,39.3,612.0,62.4,31.8,46.2,6.76,Jowar,2.01,681
44.1,20.5,51.0,384.0,29.2,62.3,30.6,2.64,Chickpea,1.72,694
59.1,33.5,60.9,511.4,122.2,53.9,58.8,1.91,Wheat,3.69,608
76.6,25.6,78.3,681.3,107.7,42.7,98.8,3.89,Rice,5.29,275
52.2,23.7,49.8,107.2,20.8,43.1,31.0,4.28,Chickpea,1.18,599
73.6,29.5,69.3,1996.3,145.5,65.6,78.8,0.94,Rice,5.1,396
50.2,22.6,55.7,534.0,63.8,44.5,43.1,2.99,Wheat,4.58,783
72.7,28.3,79.3,940.4,150.9,56.7,100.3,3.77,Rice,5.74,586
25.0,27.7,35.3,473.6,62.9,28.4,39.9,3.65,Bajra,1.89,626
54.2,30.6,62.7,1009.7,45.7,63.0,54.1,2.16,Soybean,2.14,665
43.3,22.3,45.0,182.4,25.5,26.2,22.7,0.73,Chickpea,1.63,842
56.5,24.4,72.3,833.3,166.9,50.4,47.1,0.5,Maize,4.88,440
71.6,21.8,76.0,1348.9,123.3,35.3,56.0,4.34,Maize,4.27,429
56.3,21.9,55.6,347.4,196.8,50.9,49.2,5.35,Wheat,4.86,762
50.4,15.9,64.3,237.9,135.8,42.3,36.4,4.88,Wheat,4.17,857
50.9,25.1,60.9,340.1,65.4,27.9,32.4,3.09,Bajra,1.57,433
71.2,24.4,82.5,1331.5,181.6,50.3,99.4,4.26,Rice,5.97,404
37.5,29.0,46.3,369.5,55.7,29.8,53.5,4.49,Jowar,2.25,676
56.8,25.6,76.1,686.3,38.5,81.4,42.9,5.41,Soybean,2.57,402
75.5,28.0,72.8,1075.3,78.8,60.4,46.2,5.26,Maize,5.02,587
30.5,27.5,46.9,351.9,88.0,39.4,50.6,3.55,Jowar,2.37,821
47.6,19.9,62.2,408.6,134.5,61.7,45.0,2.22,Wheat,4.08,421
41.4,26.9,59.4,647.0,23.3,40.2,77.3,4.6,Groundnut,1.74,525
71.1,24.0,67.0,915.3,183.4,36.5,80.9,3.63,Maize,5.59,511
57.5,25.5,55.3,885.9,53.3,43.8,54.0,1.38,Soybean,2.44,354
65.9,28.1,58.5,928.6,27.9,64.8,70.0,3.37,Soybean,2.26,673
68.1,30.5,79.9,1584.0,186.0,48.8,65.7,3.75,Rice,6.36,290
86.4,29.9,83.2,1845.1,214.4,63.3,101.3,3.99,Rice,4.8,279
70.8,32.1,61.2,1207.6,96.8,32.0,40.8,0.95,Maize,3.82,535
40.0,25.9,47.3,453.1,52.9,22.2,39.3,5.1,Bajra,1.71,959
58.2,27.1,59.9,597.3,120.2,41.3,44.1,3.21,Wheat,3.57,577
56.2,19.4,53.9,660.7,144.0,35.6,47.1,4.15,Wheat,4.52,555
50.2,27.1,70.4,716.1,32.8,72.5,53.6,4.41,Groundnut,2.11,742
73.1,25.7,80.6,1075.2,148.5,53.8,87.3,4.68,Rice,4.68,277
85.5,28.4,98.0,2157.7,160.7,68.2,103.2,0.5,Rice,4.15,74
55.2,30.5,76.5,1085.5,148.1,41.3,51.2,3.42,Maize,4.97,169
58.2,27.8,82.9,944.4,27.1,53.6,64.7,2.43,Soybean,2.57,519
60.2,23.5,58.6,455.8,46.8,66.1,42.9,1.98,Soybean,1.78,641
45.0,23.1,66.4,290.5,125.4,41.6,44.9,5.02,Wheat,3.75,633
50.8,27.8,62.7,661.2,71.5,47.3,77.0,4.83,Cotton,3.03,568
63.6,25.1,51.0,518.3,123.7,39.7,52.8,0.68,Wheat,4.15,628
47.0,16.1,58.0,501.7,35.0,33.5,22.2,3.17,Chickpea,1.47,478
50.4,23.0,57.2,255.1,171.3,51.6,51.5,3.49,Wheat,4.1,515
83.4,27.8,85.1,1773.2,172.7,54.2,71.3,5.79,Rice,5.2,317
65.9,26.3,74.0,871.4,48.5,85.8,59.4,1.14,Soybean,2.33,447
76.4,25.4,83.3,2354.3,155.4,49.9,72.1,0.52,Rice,4.65,458
84.3,27.6,78.9,1441.9,158.0,44.1,86.5,2.34,Rice,5.64,208
44.8,31.2,55.8,681.0,127.1,32.2,55.8,1.87,Cotton,2.68,518
51.4,28.1,65.1,1042.1,26.7,62.3,72.7,4.33,Groundnut,1.87,318
72.8,29.5,77.1,1316.5,138.5,49.9,109.2,7.17,Rice,5.7,562
45.7,19.5,51.5,392.4,130.0,50.0,55.9,0.89,Maize,2.37,471
50.1,32.5,72.8,613.8,34.9,53.3,66.4,5.47,Groundnut,2.24,588
40.6,20.2,50.8,566.9,34.2,47.2,45.0,1.8,Chickpea,1.74,865
48.0,22.1,54.1,271.9,107.2,45.1,47.5,3.1,Wheat,3.6,634
68.5,23.6,72.5,1080.1,37.9,65.3,75.6,4.54,Soybean,1.97,524
68.2,24.4,59.2,493.4,124.5,40.2,55.6,1.94,Wheat,3.61,264
77.0,24.5,87.0,1171.6,207.7,56.0,89.7,2.06,Rice,4.78,240
35.5,27.4,48.4,222.5,63.8,49.5,37.9,2.8,Bajra,1.63,446
56.5,22.0,55.9,600.1,162.2,49.3,50.1,3.03,Wheat,4.37,629
79.6,26.9,75.1,1669.6,202.7,92.7,135.1,1.62,Sugarcane,10.91,326
58.2,12.5,71.4,557.7,112.0,45.3,39.6,4.99,Wheat,4.17,370
37.0,23.5,53.9,485.3,69.2,33.6,49.4,2.07,Jowar,1.71,776
88.1,29.0,79.7,1551.5,250.0,63.0,163.3,4.08,Sugarcane,9.61,362
80.0,36.2,76.9,1726.3,190.9,43.5,110.1,1.53,Rice,4.65,227
83.1,23.9,64.7,2050.6,206.9,73.9,144.1,2.33,Sugarcane,8.34,276
73.9,25.1,77.9,964.3,185.1,60.6,97.4,5.99,Rice,5.36,162
61.5,18.2,65.2,806.0,114.1,40.2,46.7,5.22,Wheat,4.25,476
79.7,33.9,73.2,1103.2,236.6,56.3,163.2,2.28,Sugarcane,8.64,730
83.0,30.2,73.9,991.4,161.9,49.0,104.8,0.5,Rice,5.07,305
56.3,20.7,60.5,514.3,29.9,34.7,29.4,2.09,Chickpea,1.45,643
66.3,24.1,63.9,1347.5,52.4,76.8,42.7,1.87,Soybean,1.79,362
50.1,25.3,70.7,1345.8,49.3,61.8,38.7,5.31,Soybean,1.4,518
35.4,37.8,58.5,587.4,74.8,33.0,27.7,2.24,Bajra,1.52,652
59.8,21.5,75.1,719.9,36.5,71.0,50.0,3.34,Groundnut,1.96,403
38.8,30.1,61.3,412.5,69.3,24.6,40.0,1.27,Jowar,2.33,312
73.8,24.4,62.9,1482.3,147.9,61.2,65.1,0.97,Rice,4.97,358
43.5,27.0,42.1,593.2,68.1,22.5,49.8,1.91,Jowar,2.02,886
51.2,24.6,55.7,482.6,142.7,39.0,43.7,1.01,Wheat,4.22,581
42.1,26.9,55.3,627.3,98.1,53.3,60.3,2.89,Cotton,2.66,700
85.2,23.1,84.0,1242.2,163.3,44.5,105.5,3.69,Rice,5.6,239
68.0,28.9,83.2,1258.1,128.5,44.2,109.6,2.62,Rice,5.63,30
65.1,27.5,61.2,1049.0,42.8,56.5,44.0,2.36,Soybean,2.34,571
45.6,29.4,62.3,350.6,38.9,47.1,67.5,0.5,Groundnut,2.04,634
55.8,28.6,54.6,721.2,34.0,73.4,84.5,4.34,Groundnut,2.28,509
85.7,28.9,75.6,934.0,123.1,77.3,100.5,2.08,Rice,5.54,352
86.0,26.1,94.8,1859.7,189.1,52.6,62.3,5.06,Rice,5.15,236
76.4,26.3,72.9,2250.9,149.1,71.1,60.9,1.65,Rice,5.66,187
50.8,28.1,47.9,710.1,123.3,54.8,77.9,1.01,Cotton,2.45,702
62.9,32.5,66.2,649.7,39.8,47.8,60.0,0.5,Groundnut,1.66,486
72.3,25.4,80.2,2390.7,160.2,67.9,81.7,2.41,Rice,4.74,0
57.0,19.5,33.9,0.0,118.0,50.0,47.6,4.78,Wheat,4.3,787
77.7,26.2,85.2,1006.1,167.6,84.8,104.8,0.92,Rice,4.8,239
65.2,20.8,52.1,507.8,131.6,33.5,67.6,2.1,Wheat,4.12,514
34.0,29.0,49.7,534.2,63.1,36.7,42.9,3.05,Jowar,2.24,718
80.7,31.8,80.1,1841.0,248.6,105.2,167.6,5.83,Sugarcane,10.44,200
86.5,21.9,68.3,1107.6,177.7,43.5,35.4,3.53,Maize,4.25,525
81.7,27.8,85.0,1561.3,167.4,53.5,86.1,2.06,Rice,6.09,440
49.8,26.1,62.7,423.3,32.2,64.0,49.4,3.11,Groundnut,1.88,595
39.6,30.0,34.6,458.3,52.8,31.4,55.2,2.89,Bajra,2.07,527
58.0,27.3,50.0,838.7,176.2,50.7,49.4,5.32,Maize,5.64,506
79.1,32.6,77.4,1106.9,132.7,35.1,73.4,2.23,Rice,4.01,514
51.0,30.8,75.4,923.7,53.9,70.0,42.5,3.36,Soybean,2.32,372
42.7,26.7,54.2,309.9,74.8,14.2,34.3,0.5,Jowar,2.02,527
56.7,20.4,48.3,431.0,111.4,41.1,50.1,5.1,Wheat,4.35,665
88.5,26.5,78.0,2051.1,219.9,107.7,167.9,2.79,Sugarcane,9.29,344
72.2,26.2,62.5,845.1,47.5,54.5,57.4,3.96,Soybean,2.68,561
65.7,30.1,82.9,1321.3,184.8,41.0,108.5,2.95,Rice,6.16,411
72.2,27.6,71.0,903.7,134.0,44.1,61.7,3.58,Maize,4.64,321
74.7,31.0,81.1,1274.4,97.2,62.2,116.3,0.9,Rice,5.56,287
77.8,26.2,67.4,1653.1,185.4,54.9,48.5,3.56,Rice,6.65,344
83.1,26.2,92.2,2007.7,164.8,44.0,100.6,2.39,Rice,4.86,190
80.7,31.0,80.2,1788.1,159.5,45.5,93.1,2.85,Rice,6.24,0
64.5,26.1,63.2,830.7,169.3,49.3,64.0,7.05,Maize,5.55,482
50.0,25.8,74.4,641.7,99.3,41.6,97.8,4.13,Cotton,2.5,249
39.2,21.1,57.7,312.7,20.1,54.3,29.8,4.68,Chickpea,1.8,838
45.9,22.3,52.0,736.0,31.1,53.7,34.1,0.5,Chickpea,1.46,855
74.2,26.4,72.0,1863.5,249.2,99.0,204.6,2.73,Sugarcane,10.29,583
45.5,25.2,59.8,293.1,117.7,33.7,51.7,3.92,Wheat,4.42,736
51.5,16.8,59.4,629.1,163.8,35.4,43.7,3.4,Wheat,3.65,499
53.8,21.4,57.7,1049.3,52.9,56.8,73.7,0.5,Groundnut,1.94,680
45.6,18.1,54.7,372.9,30.4,45.6,28.1,3.64,Chickpea,2.2,610
58.4,22.3,72.9,1111.7,161.3,49.2,43.9,5.33,Maize,4.73,501
38.7,27.5,74.0,619.9,40.8,66.8,66.1,0.92,Groundnut,1.93,323
59.0,20.6,50.9,875.7,154.7,65.7,54.1,5.31,Wheat,4.16,518
62.9,24.4,59.0,924.4,45.7,48.5,66.2,2.04,Soybean,2.24,611
42.4,28.9,45.8,572.6,54.9,30.0,31.9,3.6,Jowar,2.08,952
45.9,16.9,66.6,718.6,39.5,64.8,42.0,2.63,Chickpea,1.54,502
33.8,35.9,48.2,167.3,61.5,28.8,41.0,5.67,Bajra,1.67,1023
59.2,25.8,73.3,474.1,117.7,41.9,84.6,3.38,Maize,5.28,907
64.3,23.2,69.1,828.4,46.0,66.3,53.6,3.06,Soybean,1.83,276
42.0,18.4,45.1,291.0,32.6,44.8,36.3,4.6,Chickpea,1.66,712
61.1,16.8,58.1,673.1,111.8,41.3,47.0,3.62,Wheat,5.39,432
84.2,25.0,70.0,2020.9,121.3,41.2,88.4,3.19,Rice,4.95,301
75.8,26.5,81.4,1242.6,190.8,44.8,74.7,6.08,Rice,6.79,249
42.6,22.9,52.9,241.2,20.0,39.3,48.1,5.2,Chickpea,1.47,659
42.2,27.6,53.0,472.4,50.5,38.6,37.8,3.4,Jowar,2.18,789
57.9,33.2,62.3,735.3,21.5,65.7,58.7,1.13,Groundnut,1.77,682
76.5,31.3,79.0,1680.3,196.2,64.8,87.6,3.48,Rice,5.25,339
67.9,22.8,71.3,841.3,163.6,61.8,59.0,3.15,Maize,5.47,455
64.5,19.1,67.2,666.7,107.7,42.9,36.7,3.05,Wheat,4.39,527
50.8,29.8,35.7,710.9,69.2,27.8,45.0,6.39,Bajra,1.54,753
40.2,33.1,58.4,719.8,63.7,22.9,41.1,3.31,Bajra,1.54,658
69.5,29.7,80.9,1887.0,162.2,55.8,72.8,3.29,Rice,4.93,267
66.8,30.8,70.1,895.5,208.6,48.2,114.1,1.72,Rice,4.88,534
51.5,18.3,64.5,596.6,132.3,43.2,59.8,3.46,Wheat,5.18,338
42.4,20.9,54.3,439.1,98.0,48.4,46.8,4.71,Wheat,4.63,757
52.0,23.9,61.2,517.3,33.6,44.4,66.1,2.16,Groundnut,1.79,842
76.8,28.8,69.9,2311.7,132.5,61.0,127.5,4.68,Rice,4.73,320
59.1,27.1,85.4,633.6,123.2,62.4,39.8,0.5,Wheat,4.04,157
70.4,17.9,65.7,398.6,112.8,66.2,52.6,4.92,Wheat,4.23,762
38.2,34.2,51.5,632.9,67.0,28.0,44.7,4.56,Bajra,1.74,583
58.1,26.5,79.3,1082.0,112.0,47.3,45.2,3.51,Maize,5.81,0
54.2,26.9,62.9,1147.2,134.9,45.7,61.9,2.44,Maize,4.43,448
64.6,20.2,63.7,761.4,126.8,35.5,27.7,2.77,Maize,4.55,617
65.4,21.5,69.1,1117.7,145.9,52.5,70.8,4.02,Rice,4.65,496
67.8,29.9,90.0,1735.1,139.9,56.1,93.4,1.42,Rice,5.57,419
68.1,31.1,69.4,1545.0,157.0,41.6,88.1,0.5,Rice,6.14,477
92.0,31.6,79.8,1962.7,209.5,66.2,196.2,2.12,Sugarcane,8.52,285
49.0,32.9,50.7,463.3,104.6,30.8,78.2,3.01,Cotton,2.63,357
63.8,27.7,72.6,1282.9,184.8,65.1,84.9,4.73,Rice,4.73,219
62.9,25.6,68.4,1227.6,49.1,60.1,51.0,2.82,Soybean,2.21,456
41.8,29.2,59.1,656.1,53.3,27.4,35.0,4.67,Bajra,1.89,677
59.2,32.0,71.7,954.8,34.8,40.2,58.1,5.55,Soybean,2.23,280
52.8,16.3,45.1,432.4,31.5,24.1,30.2,3.38,Chickpea,1.42,608
40.1,30.7,65.6,756.1,113.2,44.5,85.8,2.04,Cotton,3.15,582
73.1,26.1,72.8,1562.6,219.6,89.5,175.2,2.49,Sugarcane,10.21,63
47.2,27.5,47.6,576.9,84.8,27.7,56.3,4.73,Jowar,2.09,370
83.2,28.1,75.2,1177.6,200.5,71.7,120.6,3.12,Rice,5.78,348
64.1,22.5,64.9,1069.7,116.3,38.9,48.5,5.59,Maize,4.91,514
43.1,32.0,45.5,761.3,106.5,40.3,72.9,1.76,Cotton,3.15,589
57.8,25.6,49.0,258.1,158.5,41.7,62.5,2.67,Maize,4.65,343
71.2,31.0,55.7,1068.1,128.4,48.0,60.7,1.97,Maize,4.29,551
78.4,28.6,70.9,1218.8,212.3,82.2,175.4,5.29,Sugarcane,11.33,207
41.1,31.0,69.4,505.6,26.5,48.5,75.3,0.96,Groundnut,1.87,613
50.9,10.1,62.3,544.2,23.0,39.3,32.2,2.28,Chickpea,1.12,547
48.7,21.8,51.1,528.9,31.0,42.8,39.0,5.07,Chickpea,1.59,690
68.5,27.8,71.7,2096.6,98.6,37.3,68.7,5.06,Rice,4.84,402
76.9,24.0,76.7,1583.3,97.4,69.9,105.7,3.98,Rice,6.28,245
75.4,23.4,59.8,1097.9,114.4,38.9,63.7,4.72,Maize,4.85,639
89.3,33.2,84.2,2500.0,144.8,65.1,82.8,2.65,Rice,3.92,385
58.6,29.3,88.5,1223.3,20.0,59.9,48.3,4.09,Soybean,1.85,348
60.0,15.9,54.0,242.4,123.4,59.7,58.6,3.86,Wheat,3.67,866
35.3,19.7,55.5,387.5,157.9,43.9,50.2,1.96,Wheat,4.33,538
79.2,33.4,76.6,922.7,113.6,51.4,77.5,5.35,Rice,4.53,545
56.1,27.5,57.7,702.0,96.2,53.3,102.4,4.3,Cotton,2.8,620
73.7,27.9,87.0,2061.9,229.0,47.7,109.7,2.08,Rice,4.86,65
77.1,29.7,76.7,1677.4,250.0,78.9,233.3,1.78,Sugarcane,12.0,304
30.9,33.1,40.0,336.2,63.1,24.1,47.6,2.92,Jowar,1.58,664
35.7,34.1,31.7,261.0,61.9,34.5,26.9,2.67,Bajra,1.9,715
40.8,33.3,57.1,422.8,57.7,36.2,51.4,3.06,Jowar,2.02,631
62.3,17.4,77.0,572.9,162.9,43.3,52.1,4.82,Wheat,4.59,608
48.0,33.1,41.2,341.7,70.4,18.3,42.9,2.73,Bajra,1.84,688
52.5,24.4,55.3,1050.9,33.8,60.6,79.2,2.03,Groundnut,1.66,572
76.2,31.5,87.1,1367.0,163.6,41.3,91.4,2.64,Rice,4.8,56
56.9,22.4,69.2,716.8,49.7,46.4,69.6,5.3,Soybean,1.93,503
54.8,31.4,66.9,341.9,144.3,23.9,52.1,4.74,Maize,3.87,730
34.2,28.3,47.6,303.8,66.1,33.6,35.7,6.66,Jowar,2.49,824
37.7,30.0,62.6,296.3,64.1,42.9,34.2,3.22,Jowar,2.36,665
47.4,23.2,54.4,333.7,30.3,54.6,46.3,3.94,Chickpea,1.75,568
52.2,19.8,42.4,487.8,25.6,41.8,24.9,3.92,Chickpea,1.55,565
77.8,28.0,72.2,1511.9,175.5,50.3,98.2,4.42,Rice,5.31,352
58.9,22.8,71.0,330.3,148.8,50.7,48.8,4.1,Wheat,4.06,317
54.0,21.6,57.4,514.7,157.7,41.6,43.7,1.59,Wheat,4.78,415
48.4,17.3,58.0,568.2,20.0,40.4,31.3,2.59,Chickpea,1.32,738
68.0,27.5,65.2,1119.8,32.9,45.2,46.6,1.83,Groundnut,1.39,326
63.3,30.8,72.4,815.4,47.9,56.7,45.0,1.42,Soybean,2.48,725
35.3,30.1,53.3,252.9,62.3,28.9,33.0,5.71,Bajra,2.24,446
92.0,37.2,77.6,1820.7,212.3,50.4,116.1,3.16,Rice,2.92,361
66.2,29.2,69.3,1425.3,41.7,67.6,54.3,3.43,Soybean,1.95,218
78.9,31.1,82.4,1452.6,210.8,57.5,72.3,4.08,Rice,5.69,329
82.8,26.0,66.0,1780.6,157.7,42.6,69.8,4.69,Rice,5.69,220
60.5,27.1,76.1,1016.0,150.9,38.5,64.8,1.6,Maize,5.17,403
79.2,22.9,73.8,1849.4,209.0,52.2,61.2,3.02,Rice,4.25,293
34.2,24.1,52.5,773.3,41.3,22.4,22.2,2.5,Jowar,1.7,540
58.5,14.3,75.3,596.3,123.7,59.0,46.5,6.0,Wheat,3.86,533
55.6,27.4,62.7,634.4,91.7,38.7,74.9,5.96,Cotton,2.73,780
56.8,18.9,55.4,495.9,128.9,52.9,52.6,1.76,Wheat,5.02,531
67.1,21.7,66.9,851.1,119.1,27.6,70.4,3.46,Maize,4.33,624
68.0,30.7,59.3,910.8,113.1,37.8,44.6,3.19,Maize,4.66,553
76.4,31.1,80.4,1233.0,188.0,62.8,75.6,2.51,Rice,6.17,335
47.2,28.1,72.1,499.2,33.3,83.3,103.9,1.01,Groundnut,2.01,829
46.2,22.0,37.9,681.9,69.6,36.9,49.1,5.88,Jowar,1.57,390
55.0,22.2,72.5,631.8,162.3,48.4,66.9,2.63,Maize,5.21,368
61.4,20.4,63.4,513.4,146.9,58.4,50.0,2.07,Wheat,5.87,280
56.7,18.0,51.9,450.7,105.5,47.9,57.8,2.82,Wheat,4.61,605
45.3,24.2,52.4,547.9,128.6,40.6,79.3,4.4,Cotton,2.4,602
54.4,18.8,54.1,629.3,104.8,47.6,44.1,2.76,Wheat,4.59,1023
57.8,25.9,73.9,1110.5,50.1,60.9,35.8,2.42,Soybean,2.26,455
74.8,24.1,71.8,1698.5,206.4,64.5,94.0,2.98,Rice,5.51,623
62.4,22.3,59.4,757.6,43.0,52.2,49.7,4.72,Soybean,2.07,758
46.0,31.3,44.7,1.2,61.1,23.2,37.6,6.18,Bajra,1.83,682
55.2,25.2,72.9,766.7,184.5,58.1,63.3,4.49,Maize,5.52,526
57.1,22.8,64.6,1346.1,148.3,45.1,48.2,3.14,Maize,4.8,699
34.1,30.9,45.7,292.0,61.5,34.9,43.3,2.23,Jowar,1.99,740
82.4,27.5,84.1,1397.3,174.4,57.1,75.1,1.73,Rice,6.18,329
90.6,26.0,75.2,1546.4,196.7,76.8,117.4,4.31,Sugarcane,9.0,418
75.8,25.0,86.5,2050.3,204.9,49.0,103.2,1.56,Rice,5.21,0
53.1,23.0,61.7,429.9,30.7,35.9,81.1,6.41,Groundnut,1.68,457
82.6,28.0,87.5,2008.5,142.8,48.7,81.2,4.21,Rice,5.64,270
50.7,21.8,50.2,822.4,167.1,53.8,49.7,2.55,Wheat,3.58,704
68.6,24.6,75.0,1933.6,172.7,37.7,84.3,4.09,Rice,5.01,158
57.0,27.1,59.2,639.9,106.4,52.4,56.9,1.66,Maize,4.62,525
58.4,23.6,66.1,1034.3,41.5,68.5,48.4,3.36,Soybean,2.22,452
41.0,28.9,38.2,552.2,70.4,32.1,49.3,2.06,Bajra,1.9,711
30.5,31.1,48.5,325.6,56.6,38.2,35.5,1.97,Bajra,2.33,797
77.8,30.1,69.9,1693.4,126.7,55.8,103.3,4.62,Rice,6.24,377
61.6,25.0,88.5,1122.0,123.2,45.1,61.7,2.56,Maize,6.16,323
31.9,29.1,56.6,608.4,53.3,27.8,41.6,2.26,Bajra,1.9,381
71.3,23.5,71.2,1036.6,183.4,43.8,74.5,2.7,Maize,4.88,269
80.5,35.1,70.0,1561.6,196.6,86.6,210.7,3.99,Sugarcane,9.16,425
57.2,26.7,66.9,506.1,146.5,66.8,45.1,4.33,Wheat,3.16,287
77.2,30.0,83.9,792.1,33.4,89.5,55.2,4.58,Soybean,1.84,407
80.4,25.2,82.5,1556.3,193.4,78.5,107.6,6.47,Rice,5.39,189
45.7,30.2,67.4,590.1,36.4,58.4,66.8,4.44,Groundnut,2.09,392
49.8,29.5,64.3,666.2,107.8,44.9,75.6,3.21,Cotton,3.27,631
53.6,29.1,45.8,1012.3,116.1,35.8,61.7,0.5,Cotton,2.88,526
37.7,26.2,43.5,746.3,58.5,23.7,42.6,3.43,Jowar,1.97,546
58.4,21.2,53.8,459.6,154.7,48.8,30.4,4.68,Wheat,4.55,533
86.3,31.3,80.0,2218.3,208.8,66.7,104.0,1.69,Rice,3.94,249
47.8,21.5,70.5,118.4,31.2,29.5,20.0,1.6,Chickpea,1.33,975
53.4,25.7,75.8,1123.2,29.2,44.9,41.3,2.54,Soybean,2.36,59
78.2,23.4,80.8,1681.3,131.2,69.2,97.6,4.67,Rice,5.25,285
77.5,28.4,88.6,1953.6,183.9,66.6,84.8,2.55,Rice,6.11,179
65.9,28.4,74.0,1064.8,39.4,60.3,70.4,3.97,Soybean,2.4,552
76.1,29.6,78.9,1340.4,148.6,70.4,96.3,1.02,Rice,5.92,280
79.6,27.3,75.9,1290.4,142.1,39.6,78.6,0.84,Rice,5.69,0
76.0,29.0,78.0,2282.3,250.0,91.5,165.2,1.19,Sugarcane,8.97,449
33.8,30.5,36.1,335.7,67.4,38.5,42.1,4.75,Bajra,1.93,600
66.1,26.6,57.5,679.5,128.8,41.7,38.5,4.45,Maize,5.4,572
45.3,29.7,67.2,350.5,47.5,52.1,47.9,5.0,Groundnut,1.55,338
48.6,27.6,64.3,371.3,39.3,67.3,47.8,2.68,Soybean,2.04,399
49.9,34.0,57.4,1028.9,45.4,54.4,59.9,1.53,Groundnut,1.55,462
57.2,28.4,81.3,553.9,103.3,42.7,43.0,5.26,Wheat,4.47,545
49.3,31.0,70.1,621.2,33.9,70.1,78.2,2.29,Groundnut,2.37,620
74.5,26.6,66.8,1175.1,159.1,41.4,70.2,1.84,Rice,6.3,354
72.7,26.0,74.5,1271.4,208.0,44.0,92.8,5.16,Rice,6.14,453
54.7,21.0,68.7,546.2,142.5,46.5,48.4,2.64,Wheat,4.92,454
49.4,16.3,67.0,367.9,25.7,53.7,37.0,2.3,Chickpea,1.97,564
47.2,17.4,53.3,445.6,112.3,44.3,57.9,6.09,Wheat,4.43,665
41.4,27.0,68.0,497.5,68.9,39.3,60.7,2.81,Jowar,2.15,618
62.3,29.4,63.8,585.9,106.3,41.2,68.0,1.55,Maize,4.71,449
49.1,23.2,53.5,309.2,107.7,50.7,45.1,7.05,Wheat,4.96,635
65.7,27.4,76.2,1098.3,184.6,62.8,121.2,5.0,Rice,4.66,417
47.6,22.0,45.0,547.4,78.1,21.7,50.8,5.92,Jowar,1.74,702
74.9,23.7,79.6,1145.3,159.5,45.6,62.6,3.18,Rice,5.79,231
62.2,24.8,54.6,380.4,117.2,50.9,51.1,5.06,Wheat,4.45,904
55.7,25.8,66.4,480.7,37.5,61.7,83.0,1.77,Groundnut,2.21,466
58.5,30.9,58.2,686.1,61.8,39.1,34.0,4.21,Jowar,1.44,691
60.1,16.7,61.6,311.1,79.1,43.1,40.7,5.84,Wheat,4.26,627
38.7,22.5,71.7,353.6,36.2,50.2,31.8,5.55,Chickpea,1.87,700
59.6,19.6,59.2,559.9,42.5,73.8,39.0,4.81,Soybean,1.73,246
43.7,31.9,53.4,79.9,142.2,43.2,67.0,2.86,Maize,2.84,998
68.6,30.5,85.7,1361.7,174.2,46.3,106.5,2.45,Rice,4.82,255
59.1,10.4,70.6,763.4,124.1,53.8,44.4,3.33,Wheat,3.49,278
75.6,32.4,80.1,2153.3,172.0,23.0,75.1,0.5,Rice,4.28,264
89.5,26.8,65.2,1344.1,174.2,75.5,86.8,1.3,Rice,5.93,784
72.7,25.7,73.0,1892.4,250.0,90.2,187.3,1.69,Sugarcane,11.32,392
50.6,26.9,54.1,406.7,80.9,29.1,45.2,3.81,Jowar,1.98,450
52.6,18.3,71.9,338.2,20.0,57.5,38.3,2.33,Chickpea,1.67,440
78.5,25.7,83.4,907.3,241.3,60.2,101.3,1.93,Rice,5.14,559
36.4,20.7,40.5,528.9,30.0,60.7,37.7,3.09,Chickpea,1.74,503
56.9,22.3,60.3,954.1,149.1,55.5,38.3,4.82,Maize,4.87,496
67.2,25.8,84.9,791.7,167.2,76.2,94.3,3.79,Rice,4.72,311
71.7,32.5,79.3,1887.9,151.8,39.6,73.5,2.29,Rice,4.31,608
69.2,16.7,54.4,694.0,107.5,53.1,25.0,4.04,Wheat,3.31,557
36.9,31.7,43.6,926.5,54.2,35.7,32.7,4.77,Bajra,1.7,856
42.4,22.3,68.8,280.1,37.2,40.8,29.0,2.84,Chickpea,1.5,439
58.1,25.8,71.4,813.8,30.4,57.6,60.7,0.95,Groundnut,1.81,331
74.3,20.6,59.7,676.7,121.2,43.0,36.3,4.93,Wheat,4.78,718
78.7,30.0,68.5,1582.0,174.3,58.8,109.8,2.57,Rice,6.61,478
54.8,22.8,65.9,942.0,109.0,48.1,44.7,1.18,Wheat,3.92,215
65.6,24.3,55.3,336.1,112.6,58.9,31.1,5.05,Maize,3.71,737
70.9,26.5,61.2,813.4,139.5,44.9,64.1,0.5,Maize,5.43,633
35.9,27.4,59.2,628.8,46.1,38.2,52.8,5.5,Jowar,1.99,479
36.7,31.5,38.8,471.1,65.2,28.4,28.9,3.78,Bajra,2.15,770
31.4,29.0,25.0,547.8,53.9,28.3,45.9,2.94,Bajra,1.97,849
60.5,18.8,69.8,868.3,116.4,46.7,38.4,4.28,Wheat,4.61,385
70.8,23.5,79.4,1408.5,147.4,42.6,107.7,3.82,Rice,5.47,234
45.3,28.5,71.9,447.9,30.9,58.2,79.3,2.37,Groundnut,2.09,394
78.2,30.1,82.3,1003.0,194.9,58.7,62.5,5.23,Rice,5.6,308
72.6,27.2,67.0,2500.0,250.0,88.6,189.7,3.18,Sugarcane,8.4,84
59.8,23.7,60.4,325.2,135.0,56.9,43.3,3.83,Wheat,3.61,595
62.1,28.0,60.2,837.2,132.5,45.7,60.1,3.69,Maize,5.12,309
50.6,25.3,61.1,574.8,58.0,42.4,59.0,4.31,Soybean,1.94,577
41.9,15.5,68.7,509.1,33.4,48.9,37.9,5.34,Chickpea,1.68,501
43.6,31.5,41.5,559.5,69.9,50.6,74.7,3.72,Cotton,2.86,550
77.4,28.7,68.5,2022.5,132.9,57.3,106.5,0.8,Rice,5.06,461
54.6,17.9,43.9,400.0,145.3,58.0,29.0,2.88,Wheat,4.59,1009
35.1,28.4,46.4,1157.8,126.3,49.8,51.6,5.46,Cotton,2.63,809
50.4,29.8,73.2,506.2,44.7,65.9,72.5,4.13,Groundnut,2.21,269
59.4,17.5,57.0,700.6,131.3,52.6,49.5,7.96,Wheat,5.06,777
72.4,26.9,81.4,1746.0,166.5,67.6,88.5,4.67,Rice,5.43,309
62.4,28.4,61.6,656.8,158.6,49.6,34.7,2.65,Wheat,3.28,543
72.4,31.6,69.1,1368.7,250.0,101.6,189.5,1.9,Sugarcane,9.43,311
62.1,30.8,68.8,541.8,42.2,74.3,76.0,0.5,Soybean,2.03,508
42.1,30.0,48.5,394.0,71.7,23.8,42.7,1.42,Bajra,1.93,894
66.0,19.8,80.1,410.1,146.5,44.5,59.5,1.26,Wheat,4.39,522
55.9,19.6,52.9,779.4,179.5,63.3,53.6,3.85,Wheat,4.75,538
60.2,28.5,61.6,1041.3,119.3,37.2,76.7,3.65,Maize,5.31,399
48.9,32.6,48.6,488.0,62.6,32.2,45.3,5.38,Bajra,1.88,604
58.0,13.1,55.5,523.8,124.3,55.4,36.6,3.94,Wheat,4.16,704
65.4,20.1,63.7,511.1,147.2,47.4,55.4,3.2,Wheat,4.6,840
65.7,27.1,63.0,579.6,165.9,50.1,48.6,2.89,Maize,4.58,387
82.8,29.9,73.3,1152.2,225.7,47.7,119.8,2.6,Rice,5.2,397
37.5,30.8,41.8,663.1,73.9,24.7,33.5,5.52,Bajra,1.72,636
61.9,28.2,84.2,1116.7,45.8,69.8,53.3,3.93,Soybean,2.09,208
57.8,29.1,57.0,471.7,43.9,73.6,44.2,4.52,Soybean,1.7,670
27.6,26.7,46.5,714.0,78.8,22.4,43.1,4.81,Bajra,1.48,742
50.4,25.1,75.5,1022.5,38.7,61.6,46.4,4.91,Soybean,2.31,179
77.7,26.6,91.1,1809.0,224.9,53.9,87.9,0.79,Rice,6.4,54
78.5,25.2,79.9,1351.1,135.5,53.6,111.9,3.09,Rice,5.12,510
53.9,22.8,65.1,419.2,43.6,58.1,59.4,1.16,Groundnut,2.09,602
40.8,31.3,60.5,169.2,110.2,35.0,68.1,5.37,Cotton,2.77,700
65.7,25.2,74.3,895.1,113.8,42.0,65.7,2.75,Maize,5.81,345
48.6,30.2,36.8,324.5,67.3,39.8,60.9,2.95,Jowar,2.04,704
43.2,33.2,62.5,472.7,68.9,46.9,62.5,0.91,Cotton,2.68,637
64.1,23.3,47.7,488.4,118.4,38.6,69.2,3.97,Maize,4.74,598
63.2,20.8,78.1,570.9,143.6,69.6,37.4,2.56,Wheat,4.44,262
58.0,27.7,80.1,1294.7,142.5,76.3,95.7,2.8,Rice,5.12,332
87.0,25.8,85.9,1325.2,198.2,61.1,68.8,3.25,Rice,5.02,429
69.3,24.1,72.4,737.1,177.1,43.6,73.9,3.79,Maize,5.31,298
77.4,30.2,74.0,1585.6,171.1,84.9,156.1,0.5,Sugarcane,10.18,504
48.2,33.1,69.8,899.3,41.0,87.7,95.4,3.56,Groundnut,1.73,564
53.2,24.7,68.4,1310.0,52.5,36.2,56.0,4.95,Soybean,2.04,283
57.5,17.1,41.5,550.6,27.5,51.3,42.7,4.72,Chickpea,1.55,711
54.9,32.6,65.1,1107.2,121.9,61.9,70.2,2.22,Cotton,2.55,459
52.6,27.5,64.6,886.6,93.6,46.4,53.9,0.5,Cotton,2.53,595
66.5,27.6,42.4,1030.2,82.9,30.3,55.2,5.24,Cotton,2.33,752
89.6,22.3,90.8,1708.6,159.7,38.2,113.1,3.53,Rice,4.19,23
85.3,28.6,71.9,1679.1,192.1,118.4,155.3,1.72,Sugarcane,10.01,138
70.5,22.8,73.1,1137.3,145.1,46.8,72.7,2.02,Rice,4.04,559
76.7,30.6,76.4,1472.2,212.3,91.7,249.3,1.85,Sugarcane,11.36,355
51.4,25.9,68.0,234.2,170.6,65.2,42.9,1.83,Wheat,3.52,618
45.1,31.3,51.8,415.2,92.9,34.8,43.3,1.56,Jowar,2.1,705
39.4,19.2,45.1,481.1,27.2,47.2,41.6,3.71,Chickpea,1.72,928
57.4,17.4,57.0,365.5,120.4,57.9,54.0,3.42,Wheat,4.74,437
35.4,22.7,45.7,385.5,58.6,33.1,40.7,3.17,Bajra,1.43,867
48.3,21.3,58.5,536.7,29.9,56.7,76.4,1.71,Groundnut,1.78,464
64.4,23.0,63.4,861.0,166.5,37.0,55.5,3.76,Maize,5.35,622
52.6,24.4,47.7,1139.7,178.8,42.4,49.4,3.86,Maize,4.83,803
48.0,34.4,48.0,522.0,36.4,58.7,52.9,7.27,Groundnut,1.67,457
38.2,16.8,38.8,327.5,23.0,53.6,37.0,1.33,Chickpea,1.64,812
75.4,24.9,71.8,2154.8,217.3,64.7,239.8,3.47,Sugarcane,10.28,251
41.3,26.3,45.3,846.9,25.7,59.0,37.8,4.31,Groundnut,1.91,606
65.5,28.6,55.8,125.5,140.1,39.3,47.9,4.39,Maize,3.97,666
69.6,30.8,82.1,1602.5,200.8,58.8,51.0,3.46,Rice,5.29,124
42.2,31.4,66.8,400.7,44.0,31.9,30.7,3.31,Bajra,1.94,395
73.9,26.0,93.6,2261.0,180.4,50.8,88.7,3.09,Rice,4.28,266
62.4,20.2,64.9,357.2,129.2,39.1,54.3,3.51,Wheat,4.47,693
55.3,32.5,61.7,746.9,22.2,39.9,72.9,3.33,Groundnut,1.83,451
23.7,39.6,36.3,0.0,66.1,35.3,45.7,3.91,Bajra,1.12,571
64.7,14.8,38.6,975.0,130.2,46.8,41.2,4.68,Wheat,3.06,1023
40.7,30.4,49.4,615.1,70.1,41.3,48.4,2.58,Jowar,2.13,816
59.6,19.6,56.7,199.9,154.3,51.7,36.8,3.93,Wheat,4.44,699
61.1,20.3,48.6,341.2,148.2,32.4,71.6,2.09,Wheat,4.89,527
81.1,27.7,85.6,1889.0,235.8,50.2,92.3,4.86,Rice,5.35,147
32.6,27.3,39.4,408.2,72.0,35.6,48.1,3.91,Jowar,2.18,775
61.3,26.2,54.0,961.7,151.9,39.0,65.3,2.88,Maize,5.39,424
56.2,29.4,60.9,826.2,132.1,37.3,65.6,4.21,Wheat,3.06,780
62.1,15.5,75.8,834.8,90.5,61.5,51.0,3.69,Wheat,3.67,439
56.2,25.4,49.0,736.6,100.0,38.5,75.8,2.17,Maize,6.41,697
57.5,28.7,81.9,1288.7,29.1,62.4,61.1,3.21,Soybean,2.0,162
49.1,21.6,63.2,510.8,96.7,64.3,44.3,5.3,Wheat,4.78,418
82.5,27.5,87.4,1858.7,171.5,38.8,49.5,2.91,Rice,6.19,108
45.0,31.0,52.8,702.5,122.1,45.6,84.3,0.5,Cotton,3.05,655
65.8,23.4,48.5,403.9,131.3,44.0,69.2,1.78,Wheat,3.64,638
42.6,21.8,64.7,696.7,141.3,56.6,53.7,3.57,Wheat,4.42,477
75.4,24.8,75.6,1389.6,144.6,26.0,69.6,1.39,Rice,5.3,401
49.1,15.8,56.3,548.0,156.2,74.6,30.8,2.84,Wheat,4.93,639
50.0,30.0,60.5,196.8,35.1,74.7,71.8,2.94,Soybean,1.79,843
75.4,24.3,74.9,1669.0,181.6,99.7,159.2,2.13,Sugarcane,10.94,295
50.0,36.4,47.0,796.3,140.2,40.6,69.8,2.8,Cotton,2.15,489
47.9,22.4,58.4,498.8,110.5,59.0,49.9,3.45,Wheat,5.32,593
67.6,27.7,70.5,378.0,177.6,46.8,39.7,1.68,Maize,4.57,740
65.7,26.9,75.4,946.2,212.7,53.0,65.3,1.68,Rice,4.48,322
49.1,22.7,65.7,336.3,123.1,43.3,54.0,3.63,Maize,4.12,567
33.8,39.3,56.3,304.3,55.3,25.9,54.6,4.28,Bajra,1.55,580
53.6,14.3,60.3,428.8,156.4,27.0,44.7,5.0,Wheat,4.44,651
74.9,23.9,84.8,1703.2,221.5,38.9,96.2,1.73,Rice,4.86,297
54.9,25.9,67.2,836.5,47.1,56.8,50.9,3.32,Soybean,2.08,360
30.7,32.2,52.0,87.1,75.0,20.0,52.5,4.53,Bajra,1.74,655
79.8,33.3,73.8,1221.0,177.2,71.9,81.7,3.13,Rice,4.18,529
64.6,28.5,62.7,675.4,36.6,57.9,66.9,1.29,Soybean,2.53,707
73.4,26.3,82.1,1508.0,165.9,44.8,79.3,1.51,Rice,7.21,436
83.5,25.1,70.0,1022.7,208.4,78.6,187.5,2.38,Sugarcane,8.07,570
58.8,18.2,72.3,462.8,140.3,32.4,43.9,5.7,Wheat,4.45,441
92.0,31.6,88.9,2109.3,134.6,46.9,97.8,4.47,Rice,3.84,144
88.3,25.1,81.1,1946.9,207.4,56.3,81.1,5.96,Rice,5.0,398
77.0,28.9,74.8,1863.1,212.2,90.7,300.0,1.13,Sugarcane,10.29,126
63.0,17.2,60.3,487.6,114.8,52.9,44.7,4.71,Wheat,5.09,573
77.8,31.0,77.6,1789.8,162.7,52.8,80.0,1.52,Rice,5.08,11
64.3,25.9,69.0,735.2,139.2,48.1,62.9,3.85,Maize,4.72,425
81.0,30.8,81.6,1361.0,164.6,40.8,77.4,5.49,Rice,5.62,207
57.1,24.8,68.7,800.3,142.9,45.3,52.2,1.31,Wheat,4.1,293
50.6,30.2,67.7,325.2,136.2,68.5,38.8,6.23,Wheat,3.58,634
67.7,23.0,73.0,729.5,133.5,52.7,76.6,3.81,Maize,4.92,340
74.0,31.7,75.8,1711.9,189.2,58.9,75.2,0.5,Rice,6.23,259
57.6,20.9,56.1,414.8,137.2,54.7,32.8,2.4,Wheat,4.12,584
52.4,29.4,63.0,482.3,76.9,27.2,32.7,4.64,Bajra,1.63,450
57.0,21.0,48.6,194.4,131.7,51.0,51.8,2.67,Wheat,4.6,918
69.4,18.9,58.5,478.2,116.5,48.5,39.8,5.98,Wheat,4.19,522
72.5,16.4,56.6,278.1,130.0,43.6,45.8,4.08,Wheat,3.11,666
56.4,24.4,53.9,712.1,58.7,52.0,37.9,5.69,Soybean,1.96,404
55.4,24.3,68.7,635.6,139.1,23.5,29.8,2.76,Maize,4.28,426
54.3,26.9,52.8,810.3,50.8,53.2,67.5,2.42,Soybean,2.57,550
55.9,18.5,65.7,872.1,123.5,35.8,44.2,4.84,Wheat,4.4,445
72.8,30.7,82.9,2386.3,187.6,37.0,103.2,4.16,Rice,4.53,118
48.7,33.5,62.7,599.1,129.5,40.4,54.9,1.07,Cotton,2.14,571
52.4,21.1,53.8,496.8,28.8,26.4,35.1,4.13,Chickpea,1.65,867
78.4,27.3,88.9,1712.7,216.8,54.3,105.2,5.76,Rice,5.72,214
48.9,33.0,52.1,1040.2,101.7,26.4,62.2,0.61,Cotton,2.33,555
40.1,16.8,48.8,190.0,25.3,57.2,34.9,3.67,Chickpea,1.87,641
46.7,21.5,52.5,249.5,33.1,58.3,36.2,1.19,Chickpea,1.57,1023
68.9,26.0,82.8,1318.8,199.5,51.5,97.1,0.5,Rice,5.17,557
67.3,20.9,91.6,1127.1,36.0,52.3,33.8,5.12,Soybean,1.86,359
37.2,33.1,53.3,866.8,61.7,29.6,45.3,1.8,Bajra,1.78,696
87.6,25.1,72.5,1555.9,250.0,49.5,97.7,2.34,Rice,5.55,247
61.3,27.2,70.9,614.7,38.6,60.8,91.8,2.89,Groundnut,1.87,460
33.7,22.6,63.6,695.8,72.5,31.4,37.9,3.93,Jowar,1.59,562
70.8,19.2,51.7,333.9,32.1,38.2,30.2,2.5,Chickpea,1.57,683
88.8,24.7,67.8,1806.8,98.1,69.2,96.4,1.49,Rice,4.41,230
61.2,26.6,67.5,945.1,54.7,58.8,57.4,1.7,Soybean,2.48,350
72.9,30.8,66.0,447.8,144.8,45.7,95.6,2.27,Rice,4.18,622
54.9,19.8,63.6,633.8,145.6,38.7,44.9,4.74,Wheat,5.07,586
60.3,21.2,55.6,825.0,176.6,35.1,66.1,6.36,Maize,4.25,256
62.2,28.0,62.7,712.4,134.5,30.7,45.0,4.05,Maize,5.81,549
47.0,28.2,65.1,1192.8,106.8,41.6,73.9,2.66,Cotton,2.56,649
77.7,22.6,74.7,1008.2,161.6,44.0,96.2,0.5,Rice,4.71,307
35.4,33.7,26.5,574.2,65.9,16.8,44.1,5.97,Bajra,1.88,834
41.9,39.4,57.9,472.8,81.7,41.1,36.1,5.52,Bajra,1.73,381
65.2,28.3,56.1,706.5,58.4,31.6,36.4,4.58,Soybean,2.5,714
49.7,27.8,64.6,767.1,106.8,39.6,56.4,2.41,Maize,5.71,344
61.8,24.9,73.0,1238.6,42.1,80.6,59.6,2.04,Soybean,2.08,199
81.9,27.3,81.2,1391.6,169.9,61.3,77.5,3.68,Rice,5.59,266
56.6,16.5,62.2,790.6,108.5,43.0,43.7,0.96,Wheat,4.17,890
52.4,31.9,57.3,1221.3,67.9,46.0,59.5,2.83,Cotton,2.07,420
41.0,21.5,49.4,474.1,32.2,43.6,36.1,4.78,Chickpea,1.85,473
35.6,33.7,46.5,218.4,64.3,25.3,38.1,4.54,Bajra,1.99,783
73.3,26.1,68.7,452.5,123.1,46.7,39.1,5.31,Wheat,3.62,557
55.1,24.3,56.7,546.0,123.6,38.0,48.7,5.67,Wheat,4.76,855
64.1,24.4,58.4,1198.3,144.1,47.4,46.4,6.27,Maize,4.85,314
67.0,32.1,73.5,643.5,173.8,52.7,126.8,2.4,Rice,4.06,218
76.0,31.2,70.4,1148.9,176.4,65.2,85.4,3.06,Rice,4.14,372
38.6,33.5,49.3,70.6,50.7,33.2,49.3,5.44,Bajra,1.78,768
67.7,22.3,45.8,633.4,128.4,27.9,39.3,3.62,Wheat,3.84,726
57.3,20.8,58.3,715.2,136.6,41.1,64.3,4.41,Maize,4.99,734
61.8,32.4,54.9,635.7,86.1,37.6,65.0,4.3,Cotton,2.55,378
81.1,30.8,78.4,1354.4,232.5,66.1,95.3,3.6,Rice,5.51,212
70.4,28.8,71.3,1712.0,204.0,110.4,238.2,3.44,Sugarcane,11.12,326
47.3,17.7,65.5,398.4,108.2,55.5,60.8,3.95,Wheat,4.42,681
43.7,20.8,48.3,498.4,27.7,32.3,37.4,1.79,Chickpea,1.94,742
42.7,34.7,39.8,188.5,56.8,32.4,33.3,6.32,Bajra,1.31,694
59.5,31.0,70.1,1108.6,38.6,77.3,48.8,0.5,Soybean,1.73,273
61.9,33.1,53.3,889.2,40.1,59.4,61.1,4.21,Soybean,2.38,720
84.9,33.7,79.9,1057.4,191.9,54.0,68.0,2.2,Rice,4.25,505
61.2,25.3,69.8,517.2,23.3,59.8,69.2,7.21,Soybean,2.09,917
68.1,26.4,52.7,326.7,127.2,41.4,60.8,5.27,Wheat,3.66,632
56.4,17.9,45.5,762.7,164.4,47.5,41.7,4.43,Wheat,4.26,906
48.3,18.2,66.4,266.8,150.0,52.9,39.6,3.02,Wheat,3.74,380
50.3,29.2,41.8,723.7,72.7,30.4,45.2,3.8,Jowar,1.91,607
51.6,30.2,58.4,851.2,97.5,43.3,78.3,2.45,Cotton,2.83,449
71.6,28.8,88.1,1121.9,137.6,37.4,59.0,4.96,Rice,4.3,227
78.2,31.9,69.8,1840.9,225.8,97.5,176.0,3.63,Sugarcane,11.93,209
66.4,29.5,75.4,924.2,237.4,71.3,180.6,1.61,Sugarcane,7.98,328
75.7,18.8,57.5,227.8,120.3,72.0,43.4,4.19,Wheat,3.66,627
75.5,26.9,71.2,1621.7,134.4,62.0,65.9,3.95,Rice,6.04,289
55.0,26.1,82.7,880.4,21.3,46.8,62.0,4.33,Soybean,2.71,462
38.6,32.1,31.5,306.7,61.3,35.6,49.9,4.6,Jowar,1.98,782
66.1,24.9,75.0,1930.3,171.1,69.1,120.4,5.58,Rice,4.62,297
65.6,17.2,85.2,1001.4,160.6,52.0,31.9,5.26,Wheat,3.22,554
69.9,24.5,69.8,1177.7,35.3,35.7,62.0,4.12,Groundnut,1.2,469
78.7,25.7,83.5,1304.9,194.7,84.5,213.1,2.23,Sugarcane,10.4,332
75.0,26.0,73.8,713.7,152.0,50.3,46.7,1.27,Maize,4.83,446
52.4,16.7,61.4,155.6,27.4,42.5,38.9,3.24,Chickpea,1.73,625
39.1,25.8,40.4,274.0,72.8,29.4,29.8,4.06,Jowar,1.82,833
49.1,15.4,42.4,268.8,91.5,76.9,40.8,4.2,Wheat,3.9,613
68.1,28.4,58.7,994.2,41.8,64.0,65.4,2.72,Soybean,2.53,705
53.5,25.1,60.4,1008.6,124.4,36.8,46.6,2.4,Maize,6.46,755
54.3,16.6,50.6,703.2,119.5,53.7,44.7,2.03,Wheat,4.06,805
46.0,18.1,52.6,550.4,26.6,43.9,27.0,5.91,Chickpea,1.58,558
47.7,24.6,60.3,500.1,34.8,71.7,59.8,2.7,Groundnut,2.19,339
63.9,29.0,66.5,638.4,114.0,40.7,46.3,6.5,Maize,6.01,449
81.6,28.9,80.7,1969.6,159.7,95.9,168.8,1.22,Sugarcane,10.99,281
29.6,30.6,40.2,620.6,71.7,20.6,26.2,3.65,Bajra,1.89,837
68.0,18.3,72.6,870.3,100.3,64.6,49.8,4.26,Wheat,3.49,411
50.5,20.0,65.7,728.0,123.6,51.6,54.9,3.88,Wheat,4.19,464
80.6,29.8,73.0,1457.4,209.3,104.5,190.6,0.65,Sugarcane,11.91,595
49.7,31.9,63.2,815.5,36.6,70.1,64.4,2.97,Soybean,1.78,417
34.2,27.0,25.1,489.7,77.4,26.5,39.6,4.99,Bajra,2.2,974
40.2,28.1,59.7,613.0,44.8,32.6,43.0,3.49,Bajra,1.96,709
46.3,31.5,67.8,768.5,31.3,47.8,75.8,3.28,Groundnut,2.19,287
61.3,31.0,55.5,811.9,89.6,37.3,60.0,4.21,Cotton,2.72,621
66.1,19.3,64.1,230.6,108.2,51.0,57.3,2.57,Wheat,3.86,501
88.3,34.8,70.6,1564.0,132.2,108.5,203.6,3.81,Sugarcane,9.35,225
77.6,29.7,81.3,1585.7,123.2,51.5,75.5,4.57,Rice,5.19,12
37.8,31.6,49.9,805.3,104.9,36.4,76.9,3.28,Cotton,2.66,384
51.3,27.0,55.0,770.0,107.8,41.5,70.4,7.21,Cotton,2.08,651
50.7,27.1,58.3,775.8,48.0,55.2,51.8,0.65,Soybean,2.31,503
74.7,25.4,78.6,1739.2,154.1,63.2,94.2,0.78,Rice,5.08,335
82.4,29.4,84.6,1510.1,127.7,45.5,100.2,3.04,Rice,6.08,118
61.1,22.3,61.4,1058.3,168.4,44.9,64.9,2.23,Maize,4.69,453
39.3,36.0,44.6,476.7,64.5,28.1,36.7,4.47,Bajra,1.62,657
73.8,26.8,75.4,1623.4,165.0,45.7,41.0,1.24,Rice,5.67,93
63.1,29.2,42.3,592.6,145.1,57.4,50.5,3.37,Maize,5.9,448
34.6,32.1,33.2,262.9,71.4,30.6,47.6,5.0,Jowar,1.92,856
49.4,26.7,63.9,499.6,48.4,21.4,59.8,4.98,Bajra,1.96,576
54.3,30.9,78.6,668.9,87.8,37.8,38.9,2.96,Jowar,1.78,276
53.4,26.1,66.0,969.1,41.6,61.7,51.6,2.14,Soybean,2.02,462
86.5,20.0,74.3,1383.5,239.6,48.6,71.9,2.37,Rice,4.38,464
74.8,29.6,66.5,857.9,47.6,34.4,44.8,4.22,Soybean,2.03,766
53.7,23.9,51.5,849.9,41.3,54.6,65.8,2.66,Groundnut,1.76,470
83.1,30.3,86.3,1884.6,139.1,72.4,108.3,2.74,Rice,4.86,327
82.7,27.6,84.4,646.4,163.4,44.4,86.0,1.46,Rice,5.28,699
64.2,18.9,42.5,638.5,97.3,55.6,41.1,2.91,Wheat,4.33,704
70.6,22.6,79.2,1569.3,167.5,59.9,75.9,3.64,Rice,5.01,531
51.3,29.3,57.8,817.7,48.3,60.1,60.5,2.24,Soybean,2.02,168
45.5,18.9,43.5,417.4,27.4,33.5,33.1,4.45,Chickpea,1.56,932
33.5,26.5,47.5,621.4,64.6,36.9,53.0,4.22,Jowar,2.29,660
68.1,20.1,52.5,832.3,137.6,49.9,45.9,2.82,Wheat,3.17,314
58.5,23.4,58.7,474.6,43.3,43.1,35.4,1.99,Chickpea,1.23,715
64.1,26.4,86.3,1506.5,200.2,65.8,71.1,4.72,Rice,6.58,429
33.7,24.9,28.1,459.9,80.6,33.4,48.8,2.38,Jowar,1.97,983
53.0,24.1,67.6,430.4,45.3,64.8,53.3,3.63,Soybean,1.87,716
50.9,21.2,77.7,1105.6,100.8,62.5,45.4,3.68,Wheat,3.73,367
37.2,25.1,60.4,880.1,86.8,37.2,38.7,3.33,Jowar,1.82,419
64.7,29.4,71.5,752.6,45.3,76.7,49.0,2.82,Soybean,1.92,392
50.0,14.5,47.4,198.1,41.0,43.1,39.3,4.1,Chickpea,1.49,704
59.8,14.9,55.6,540.2,138.5,52.4,39.6,2.49,Wheat,4.32,674
32.0,26.3,37.5,285.4,83.4,37.8,72.9,2.97,Cotton,2.12,689
36.5,26.6,43.9,160.4,64.3,44.5,45.9,3.74,Jowar,1.6,743
79.7,24.7,83.5,2383.9,143.3,75.9,100.5,4.35,Rice,4.23,338
59.9,29.8,51.7,1026.0,127.7,43.1,58.4,2.52,Maize,5.26,631
56.7,20.7,56.0,620.2,151.0,47.5,47.4,2.35,Wheat,4.51,948
48.0,27.9,62.1,456.7,41.6,49.3,41.6,5.02,Groundnut,2.05,901
80.1,28.4,77.3,782.6,168.4,57.6,107.4,1.01,Rice,5.14,239
79.9,24.9,77.5,1268.9,146.6,62.9,76.3,0.77,Rice,5.97,267
40.8,22.3,36.3,819.6,61.9,26.6,23.4,4.81,Bajra,0.88,517
58.3,27.1,70.4,1122.4,44.2,50.3,70.8,2.29,Soybean,2.44,247
78.2,26.3,74.1,1593.9,250.0,41.0,91.6,4.6,Rice,6.53,423
60.0,22.2,66.8,820.2,130.0,41.7,43.8,1.29,Wheat,3.75,339
37.9,24.9,58.3,559.1,72.6,41.1,34.2,6.84,Jowar,1.9,430
41.5,24.3,36.8,200.3,64.9,41.0,55.6,4.86,Bajra,1.38,734
55.0,21.8,66.1,989.1,35.1,70.2,48.3,5.04,Soybean,1.91,596
75.3,28.6,86.9,1694.9,185.6,62.6,105.1,1.9,Rice,6.04,193
85.7,22.5,82.9,1459.6,154.6,43.2,101.0,1.64,Rice,3.98,241
39.1,18.3,49.3,437.1,120.1,53.3,34.8,2.93,Wheat,3.63,810
65.2,21.2,67.9,655.6,121.9,44.8,42.4,3.09,Wheat,4.8,574
65.9,27.3,81.8,942.0,111.8,39.4,43.7,5.82,Maize,5.56,430
44.1,23.7,60.9,736.4,30.0,65.4,64.1,2.54,Groundnut,2.11,691
79.7,27.5,76.5,1008.7,173.7,44.6,129.4,5.05,Rice,5.14,238
59.1,30.2,67.4,308.9,46.2,80.0,71.8,5.96,Soybean,1.37,583
88.4,27.9,84.5,2115.2,174.6,57.8,119.5,4.77,Rice,4.18,126
57.7,23.2,53.5,1098.1,51.4,74.9,42.0,4.68,Soybean,2.1,715
39.2,30.2,60.7,311.7,62.9,36.7,20.0,6.88,Bajra,2.06,726
37.5,25.2,35.1,577.1,77.3,34.5,43.3,0.5,Jowar,2.15,589
37.9,31.6,39.6,435.0,39.6,22.9,36.2,2.64,Bajra,1.86,939
42.1,25.7,29.7,535.5,63.2,21.2,25.2,3.1,Bajra,1.75,606
42.8,30.4,47.9,437.7,33.7,49.5,62.4,1.98,Groundnut,1.71,858
92.0,31.0,89.3,1531.9,181.1,48.3,85.4,6.12,Rice,4.82,280
82.6,24.3,79.4,1845.2,214.3,105.4,214.2,1.92,Sugarcane,10.52,145
78.7,28.1,81.0,2176.1,209.5,68.2,230.8,1.09,Sugarcane,9.14,66
35.1,23.1,75.1,532.0,21.1,48.1,28.9,3.84,Chickpea,1.58,415
50.7,28.2,69.3,847.1,132.3,35.6,49.3,7.46,Maize,4.79,463
43.8,33.8,57.5,433.3,29.1,47.7,73.4,2.2,Groundnut,1.68,502
47.0,31.9,53.4,538.0,108.5,54.0,72.1,3.74,Cotton,3.15,714
60.5,21.8,62.5,971.7,26.6,51.7,50.6,2.95,Groundnut,1.47,291
73.7,18.8,74.5,880.4,191.3,38.8,65.8,2.54,Maize,4.93,422
68.6,23.4,62.7,612.6,114.1,44.7,43.8,4.65,Wheat,4.24,549
66.9,26.9,70.3,1089.3,171.9,40.5,74.7,7.33,Rice,4.18,143
89.4,25.6,83.5,2168.0,152.9,63.4,107.2,2.98,Rice,4.0,270
64.5,21.2,66.6,672.4,46.5,41.9,62.5,1.71,Groundnut,1.44,318
68.9,17.2,57.6,867.7,112.9,50.1,42.6,2.43,Wheat,3.58,175
62.2,24.8,53.1,15.1,108.2,48.7,26.4,2.09,Wheat,2.84,598
43.1,23.0,58.8,708.5,152.1,47.1,49.2,5.42,Wheat,4.48,532
84.6,32.1,74.3,1635.8,150.4,43.1,93.0,2.8,Rice,5.24,472
49.9,34.4,59.2,619.4,28.0,57.7,60.7,2.32,Groundnut,1.81,500
62.5,23.4,57.7,501.5,118.5,55.4,44.4,3.22,Wheat,4.74,825
35.7,18.9,56.1,291.6,22.7,46.5,25.1,4.53,Chickpea,1.55,858
73.5,33.2,74.0,1178.1,129.0,42.4,94.2,3.57,Rice,4.47,557
56.5,28.4,77.9,709.9,43.5,43.5,63.1,2.74,Soybean,2.43,620
56.5,27.3,51.3,1084.0,119.5,41.8,39.1,2.62,Maize,4.18,631
60.6,29.9,76.0,552.2,39.7,67.5,61.1,5.17,Soybean,1.93,367
66.8,29.8,63.2,1279.3,51.9,61.8,63.0,3.97,Soybean,1.85,558
79.1,20.9,80.1,1361.5,121.0,51.5,76.8,3.46,Rice,4.3,473
70.8,23.8,72.5,1322.3,123.7,50.2,81.8,2.06,Rice,4.86,420
41.5,18.9,57.9,244.1,25.1,40.4,50.0,1.26,Chickpea,1.7,593
38.2,14.7,50.6,421.4,24.6,49.2,44.2,2.83,Chickpea,1.68,423
54.0,21.5,50.3,622.2,166.7,59.7,51.9,3.44,Wheat,4.65,744
47.0,28.4,50.9,354.2,61.9,27.0,32.3,2.26,Jowar,2.03,722
70.9,28.3,79.5,1503.0,224.4,73.7,169.2,3.14,Sugarcane,11.75,114
57.8,24.9,68.0,1069.9,47.2,43.3,83.1,4.34,Soybean,2.17,464
45.9,16.3,49.4,83.9,160.2,50.6,54.1,4.21,Wheat,3.64,819
45.5,33.8,42.3,353.6,42.6,32.3,39.9,2.41,Bajra,1.6,709
52.5,28.6,55.6,969.3,72.6,51.0,72.0,6.19,Cotton,2.92,678
65.9,30.4,69.8,1852.9,154.7,49.0,78.8,3.99,Rice,4.98,456
59.4,14.6,70.2,850.7,75.8,52.6,42.1,3.43,Wheat,3.85,234
62.2,21.3,66.9,503.9,68.1,40.7,41.7,3.75,Wheat,3.63,483
49.2,22.1,54.2,556.1,20.8,53.4,20.5,4.81,Chickpea,1.62,694
63.7,28.2,66.4,1491.9,39.6,58.6,52.2,2.08,Soybean,2.09,549
86.9,30.7,85.8,1954.6,213.1,20.3,97.8,3.64,Rice,4.93,445
80.6,24.9,78.7,1206.7,190.2,60.5,114.5,3.14,Rice,4.86,59
41.7,30.7,67.7,1042.5,120.2,39.8,48.5,1.81,Cotton,2.46,444
50.7,30.3,61.7,503.7,34.2,20.4,66.3,3.28,Groundnut,2.02,679
43.9,25.6,45.8,543.2,53.6,42.3,34.3,0.5,Jowar,1.87,869
83.0,24.7,74.6,1210.2,102.9,55.6,96.7,2.1,Rice,5.02,640
57.5,25.7,64.0,750.0,38.1,65.2,57.9,2.32,Groundnut,2.18,378
37.8,15.3,54.2,388.7,31.1,42.9,30.1,0.5,Chickpea,1.75,583
52.4,10.5,56.7,660.5,63.9,37.7,41.9,3.36,Wheat,4.11,427
81.1,29.6,76.1,1869.0,224.4,56.3,86.5,2.76,Rice,6.79,421
75.7,29.4,86.2,1411.7,178.6,48.0,74.1,2.57,Rice,5.73,77
50.7,27.0,70.6,1248.8,47.0,63.9,37.2,2.88,Soybean,2.28,588
72.5,29.8,75.5,1194.9,227.8,113.7,172.6,3.71,Sugarcane,9.31,520
49.3,30.0,55.0,565.6,58.9,34.1,42.6,3.42,Jowar,2.15,688
47.0,31.8,48.0,1194.5,109.3,35.3,60.5,1.54,Cotton,2.66,256
74.8,20.3,68.7,580.2,118.4,35.1,43.6,0.5,Wheat,4.32,402
88.9,26.7,74.6,2147.0,186.8,43.3,70.6,0.54,Rice,5.1,392
49.5,26.8,72.6,479.8,28.2,43.0,73.5,3.73,Groundnut,1.91,271
33.3,26.6,37.3,202.4,43.5,23.2,38.6,4.53,Bajra,1.66,735
43.3,13.9,53.9,428.4,27.0,49.6,29.7,3.72,Chickpea,1.43,622
62.0,20.0,76.5,921.4,39.1,53.6,74.1,3.63,Soybean,2.02,539
76.9,25.6,73.7,1627.1,166.3,75.8,78.3,3.74,Rice,6.14,382
46.0,24.0,57.4,482.4,84.7,38.5,42.4,4.46,Jowar,1.94,647
77.7,29.0,69.7,2036.5,250.0,86.7,160.7,1.07,Sugarcane,11.5,253
58.5,18.7,55.4,512.0,128.2,46.2,51.7,4.87,Wheat,4.84,617
55.8,23.9,83.2,875.4,185.7,55.3,23.9,5.67,Maize,5.5,338
57.4,17.9,65.8,461.5,101.8,48.7,45.4,4.0,Wheat,4.83,655
55.4,24.6,71.3,1067.0,33.2,42.2,59.1,4.21,Groundnut,1.92,396
33.5,35.8,39.0,274.3,55.0,27.7,33.1,1.19,Bajra,1.72,913
59.8,15.4,55.7,596.1,92.2,45.5,44.5,0.5,Wheat,3.65,344
57.7,15.1,64.7,612.8,103.5,59.2,41.2,3.8,Wheat,4.54,716
59.0,26.4,64.7,310.8,58.1,64.6,44.9,5.51,Soybean,2.03,545
70.5,34.3,79.7,1074.4,150.4,48.7,103.6,4.7,Rice,4.37,533
89.6,23.1,83.8,1891.8,168.6,44.3,103.5,1.48,Rice,4.46,259
41.5,22.1,42.0,461.8,27.2,29.0,36.8,1.35,Chickpea,1.73,847
73.4,24.3,80.1,2048.1,219.2,96.0,186.7,4.39,Sugarcane,10.23,482
58.9,26.6,72.6,716.7,59.1,71.5,33.4,4.75,Soybean,2.24,373
38.0,20.0,51.9,441.6,36.0,41.2,31.0,2.84,Chickpea,1.76,663
42.3,33.5,53.9,445.3,47.3,33.4,50.9,2.54,Bajra,1.86,610
66.3,34.8,65.4,863.3,54.2,53.6,49.1,3.16,Soybean,1.63,527
61.0,22.6,52.9,592.8,129.5,38.7,57.3,0.5,Wheat,4.56,377
52.4,16.8,53.3,844.6,118.4,48.7,43.9,3.83,Wheat,4.29,565
77.9,30.0,81.5,1168.3,159.3,50.7,76.8,4.12,Rice,5.37,298
40.8,30.9,70.4,526.4,127.3,31.7,64.3,3.98,Cotton,2.94,378
50.9,26.2,63.2,902.5,147.4,42.8,64.0,4.0,Cotton,2.7,477
35.4,33.3,51.0,278.2,68.5,30.9,35.6,4.24,Bajra,1.92,440
80.4,26.7,89.0,2047.4,169.9,68.0,64.6,2.97,Rice,4.54,418
82.3,31.1,76.9,1405.0,164.5,45.8,114.6,3.64,Rice,4.88,410
84.4,26.3,72.7,1404.1,194.7,40.2,79.3,3.04,Rice,5.21,660
57.0,27.5,56.9,819.6,119.5,37.7,39.4,7.24,Wheat,3.62,433
75.9,26.5,82.7,1201.7,165.3,61.1,114.5,6.61,Rice,5.04,146
39.7,17.8,50.7,404.3,29.4,59.9,23.7,0.67,Chickpea,1.73,707
67.2,25.6,75.0,1015.4,52.5,52.7,62.7,0.63,Soybean,1.87,146
57.9,22.6,64.1,605.8,163.9,44.5,55.2,1.27,Maize,5.18,572
54.0,19.2,59.7,558.6,121.6,52.9,50.9,4.83,Wheat,6.04,470
87.4,29.2,88.1,2476.6,159.8,50.2,71.0,2.67,Rice,4.25,123
47.3,21.2,49.5,413.4,28.1,61.0,25.5,2.76,Chickpea,1.88,710
35.8,31.5,59.6,562.5,51.3,39.6,48.4,5.41,Bajra,2.03,585
62.6,22.0,51.1,683.0,120.7,48.6,31.9,5.71,Wheat,4.41,913
50.4,35.0,62.4,882.5,131.6,26.4,79.4,5.26,Cotton,2.52,613
41.8,17.6,67.2,560.0,32.9,37.1,37.0,2.98,Chickpea,1.69,321
59.7,18.6,60.6,619.5,123.8,63.9,62.0,3.83,Wheat,5.22,713
61.5,34.5,68.2,956.0,47.4,56.6,48.1,2.55,Soybean,2.06,256
49.2,19.3,60.3,571.8,167.2,41.6,53.8,2.69,Wheat,4.12,585
42.7,29.5,60.1,400.0,57.2,31.4,50.7,5.83,Bajra,1.91,403
63.5,21.7,61.3,977.8,155.3,41.0,63.4,4.28,Maize,4.64,385
78.1,32.3,86.6,1510.8,138.5,64.7,71.2,3.83,Rice,5.63,467
52.0,24.9,61.2,942.2,151.2,47.0,54.9,6.06,Maize,4.54,432
80.2,27.3,73.8,1907.0,161.0,82.3,146.4,3.48,Sugarcane,10.34,208
48.4,27.7,60.1,338.8,68.8,20.3,45.4,5.38,Jowar,1.81,516
58.7,35.8,66.9,1150.2,56.5,57.8,53.5,7.46,Soybean,1.72,398
55.2,28.6,75.9,682.5,42.0,48.5,72.1,2.53,Groundnut,2.25,656
58.0,17.9,66.1,320.7,136.2,65.6,47.1,5.27,Wheat,3.47,377
83.0,26.8,76.4,2130.2,250.0,85.5,173.5,2.49,Sugarcane,9.51,77
57.2,25.9,65.8,474.8,36.1,54.5,46.1,2.98,Soybean,2.3,629
47.3,31.3,42.9,347.0,132.0,47.6,61.8,3.07,Cotton,2.68,478
51.9,17.9,66.2,55.1,113.2,36.5,49.4,7.39,Wheat,3.34,534
41.6,27.2,62.5,717.2,104.1,45.2,73.1,5.28,Cotton,2.65,709
84.4,31.0,89.7,1769.8,119.3,46.5,109.9,3.75,Rice,4.96,224
53.5,28.1,66.1,923.4,114.7,35.0,57.9,2.25,Cotton,2.81,407
71.0,25.9,77.3,732.5,166.0,61.0,86.8,2.77,Rice,4.68,309
69.8,24.4,68.4,635.6,126.9,50.3,57.1,4.6,Wheat,3.62,359
55.5,28.9,56.7,490.3,30.4,61.5,57.2,1.25,Groundnut,2.0,518
61.3,26.6,73.0,872.7,53.9,53.7,69.2,4.02,Soybean,2.41,454
58.9,22.7,48.5,777.2,120.7,66.9,28.6,6.56,Wheat,3.85,825
80.3,24.3,72.5,847.6,103.8,52.3,68.9,0.95,Rice,4.7,588
58.8,12.9,48.8,977.1,119.9,77.3,44.3,3.92,Wheat,3.56,521
61.3,22.9,60.8,613.6,122.6,59.2,26.8,4.62,Wheat,4.26,449
61.5,27.2,51.0,484.7,109.2,44.5,63.7,4.54,Maize,4.64,757
58.7,21.2,49.2,419.1,144.1,62.0,50.4,3.72,Wheat,4.59,393
75.5,27.6,65.5,1053.6,33.0,74.2,33.4,2.73,Soybean,2.2,401
63.7,23.7,65.7,609.6,163.8,41.1,44.8,2.39,Wheat,4.56,473
60.1,14.8,51.4,447.3,23.4,46.2,35.9,4.07,Chickpea,1.56,481
74.9,27.0,85.3,1644.1,167.9,59.5,103.4,3.25,Rice,5.8,107
51.3,20.9,55.3,344.4,141.4,56.1,45.6,4.43,Wheat,5.38,688
41.3,25.8,52.1,313.3,58.6,32.0,39.0,2.98,Jowar,1.79,408
78.4,28.9,73.8,1890.4,65.8,107.1,224.4,3.68,Sugarcane,12.0,166
82.4,29.1,71.2,1998.7,190.7,120.0,182.7,0.5,Sugarcane,9.58,212
76.1,24.9,80.3,1568.6,135.0,47.6,105.7,5.59,Rice,4.94,310
60.1,31.9,80.0,1120.3,45.2,53.3,53.7,2.16,Soybean,2.19,140
60.9,23.8,73.1,0.0,37.9,71.1,56.9,1.55,Soybean,1.92,708
69.8,20.7,72.7,696.0,96.8,72.7,47.5,4.58,Wheat,4.63,409
56.4,16.9,53.8,698.5,203.4,42.9,56.9,2.54,Wheat,4.44,562
84.4,31.2,71.9,1099.4,218.7,82.2,146.4,3.37,Sugarcane,8.26,356
72.3,15.0,77.7,1007.7,160.6,42.0,59.8,5.35,Maize,2.93,276
32.7,18.3,45.5,174.8,33.1,38.2,52.2,5.17,Chickpea,1.35,570
44.4,29.0,43.1,443.3,67.1,34.0,33.5,3.68,Jowar,2.07,883
61.5,20.1,62.1,441.7,157.6,53.7,53.6,3.66,Wheat,4.2,601
49.0,14.5,54.1,487.9,132.0,54.8,36.3,1.36,Wheat,3.63,608
80.2,27.7,78.3,1796.1,139.3,47.6,74.6,3.31,Rice,5.36,437
49.8,19.5,51.1,415.3,22.1,44.7,30.7,3.96,Chickpea,1.62,546
55.9,33.7,61.4,645.9,121.1,26.0,60.7,1.15,Cotton,2.5,646
52.9,26.4,45.4,277.6,38.9,39.2,39.9,0.5,Jowar,1.86,712
59.3,17.3,52.3,493.8,113.2,40.1,34.0,2.15,Wheat,4.83,501
63.1,21.6,49.5,0.0,107.7,59.2,38.4,4.45,Wheat,3.71,828
55.0,24.0,58.8,664.2,76.4,68.7,41.6,5.45,Wheat,5.59,338
63.5,18.6,58.1,638.9,119.9,44.7,34.4,4.72,Wheat,4.19,675
75.4,26.4,76.7,1909.5,155.3,52.0,93.0,3.63,Rice,5.11,147
74.6,29.8,92.1,1609.7,200.9,34.4,104.8,3.97,Rice,5.55,282
68.0,31.1,83.7,1929.1,161.9,44.6,76.3,2.06,Rice,5.12,449
65.5,24.8,81.8,432.0,159.3,43.3,35.0,2.06,Wheat,4.24,503
61.7,32.0,68.1,575.7,116.3,32.0,81.7,3.53,Cotton,2.46,413
72.1,27.0,77.0,698.5,128.4,45.8,42.0,4.31,Maize,4.63,415
58.7,23.2,82.5,623.0,44.7,42.7,66.3,1.44,Groundnut,1.85,331
53.3,27.1,62.9,760.1,122.6,44.3,48.1,3.48,Maize,4.87,342
28.7,32.2,45.3,280.2,61.7,36.5,40.3,0.5,Bajra,1.84,539
67.4,27.1,87.9,2177.7,182.6,49.9,78.7,6.19,Rice,4.99,199
34.4,32.1,41.9,645.3,72.9,31.6,39.1,3.37,Jowar,1.96,773
48.7,30.6,73.0,845.0,33.0,62.8,62.8,2.06,Groundnut,2.03,162
50.7,30.0,63.9,886.4,36.3,73.5,45.3,1.83,Soybean,2.3,486
68.9,19.3,57.3,518.8,159.7,45.4,59.4,3.57,Wheat,3.76,672
45.1,19.9,56.5,520.7,23.5,42.7,48.4,4.7,Chickpea,1.85,617
55.5,30.2,53.1,219.4,156.9,50.7,50.0,4.15,Maize,4.09,508
61.7,15.7,70.5,1127.3,130.0,48.2,36.0,4.69,Wheat,3.44,573
30.3,32.5,44.9,205.7,57.6,21.5,29.7,3.88,Bajra,1.71,532
44.6,28.9,52.2,742.7,89.0,30.5,76.6,0.85,Cotton,2.34,703
71.7,19.9,67.5,598.5,128.7,55.5,31.6,3.93,Wheat,4.48,749
72.7,29.4,60.8,1305.6,51.0,66.4,50.0,2.29,Soybean,1.99,156
56.1,16.6,57.8,197.0,36.8,39.7,33.4,7.37,Chickpea,1.63,668
50.8,28.2,70.1,786.8,45.8,48.2,56.8,3.36,Soybean,2.37,508
66.7,10.6,70.2,612.5,138.3,60.2,44.1,3.89,Wheat,3.6,516
57.4,27.9,56.8,600.4,137.7,64.1,41.1,4.79,Maize,4.25,470
55.5,14.6,51.9,645.6,37.7,47.8,37.0,4.59,Chickpea,1.24,570
77.2,30.3,74.8,1987.9,220.8,82.7,184.7,0.57,Sugarcane,11.47,71
28.5,34.5,34.6,327.2,69.3,19.4,28.2,3.54,Bajra,2.0,787
66.0,18.2,65.9,651.0,170.2,49.4,63.6,3.62,Wheat,4.73,591
65.8,26.5,63.9,345.2,144.9,46.2,56.4,3.94,Maize,4.74,462
78.6,22.7,81.0,1173.6,117.4,40.8,107.5,4.61,Rice,5.32,190
23.1,28.8,56.3,452.1,64.5,23.9,37.3,3.8,Bajra,1.58,536
75.4,23.6,71.1,1497.6,209.1,95.7,206.7,3.17,Sugarcane,8.75,362
83.8,28.8,85.2,1341.5,228.1,69.6,60.2,4.29,Rice,5.48,293
68.5,29.4,68.2,1015.4,133.6,50.1,82.0,4.51,Cotton,2.57,429
67.3,18.4,61.0,943.8,116.6,32.1,51.8,7.32,Wheat,3.91,520
40.9,25.4,45.9,355.8,48.9,38.2,34.7,0.5,Bajra,1.73,493
41.2,22.6,60.0,671.6,40.6,70.7,65.2,2.05,Groundnut,1.72,137
76.2,26.0,73.4,1139.8,172.5,42.1,94.3,3.06,Rice,5.67,483
40.7,30.0,50.6,285.3,58.4,42.8,39.3,2.67,Jowar,2.36,885
59.7,23.3,53.5,426.5,138.8,51.6,49.1,5.52,Wheat,3.36,416
42.3,21.2,55.7,790.2,27.5,36.5,36.0,2.5,Chickpea,1.44,469
60.0,30.2,79.1,1156.8,104.6,36.4,66.4,5.01,Cotton,2.01,391
24.7,31.4,39.5,329.0,81.2,25.7,49.6,0.69,Jowar,1.76,881
57.3,29.4,51.6,592.3,172.5,48.2,55.1,2.02,Maize,4.77,724
75.5,31.3,72.7,1650.2,183.8,41.0,90.4,4.01,Rice,4.82,528
61.7,31.1,67.4,968.4,55.4,15.0,53.3,4.94,Soybean,2.06,448
64.7,24.2,57.5,377.6,171.7,39.4,49.9,3.58,Maize,4.75,670
48.4,26.5,57.4,568.1,117.3,44.7,59.6,3.25,Cotton,2.75,647
41.1,31.3,49.2,358.7,48.0,30.6,49.0,2.49,Bajra,1.86,604
63.0,28.3,69.5,416.5,87.3,34.9,67.6,3.11,Maize,4.57,693
79.5,32.8,77.9,1633.7,168.5,52.5,99.8,0.5,Rice,4.73,394
36.0,28.9,42.6,395.4,68.3,37.9,36.2,1.59,Jowar,2.33,858
63.2,27.8,82.5,147.2,90.9,35.3,32.9,3.34,Wheat,3.32,383
59.4,22.6,58.4,866.2,108.7,43.9,40.3,0.5,Wheat,4.17,696
74.3,26.0,77.6,1808.5,138.3,54.3,93.7,1.66,Rice,5.35,122
62.9,21.0,57.8,274.6,183.5,52.6,43.9,2.11,Wheat,3.53,677
51.3,30.2,61.5,984.2,54.1,47.9,71.6,3.08,Soybean,2.17,103
50.2,28.3,47.7,559.5,158.6,47.3,60.7,0.5,Wheat,3.82,503
79.9,28.2,81.4,1729.9,187.6,50.8,85.7,2.29,Rice,6.47,378
52.7,28.4,62.9,699.7,38.6,72.2,78.1,6.12,Soybean,2.31,457
58.6,30.2,54.4,957.6,86.8,40.7,46.5,3.3,Maize,5.03,585
74.8,27.8,86.9,2001.7,154.8,63.6,75.0,5.94,Rice,5.06,0
62.3,28.6,61.0,643.5,52.6,22.8,39.7,3.97,Jowar,1.88,782
63.1,26.4,71.5,1317.5,135.8,49.3,59.1,4.45,Maize,4.85,471
67.8,24.5,63.4,888.7,118.6,61.1,57.0,1.66,Maize,5.33,493
59.2,21.3,50.7,857.4,153.8,47.5,33.7,3.41,Wheat,4.6,662
76.1,30.6,75.7,911.8,184.9,60.6,96.2,4.11,Rice,5.06,449
55.4,22.3,60.1,735.2,115.3,46.4,42.3,1.95,Wheat,3.85,757
50.4,19.8,53.2,401.2,131.1,65.7,48.1,2.91,Wheat,4.39,668
71.6,24.8,59.2,829.5,31.8,42.1,68.3,0.5,Soybean,1.8,314
80.7,23.5,82.9,1757.0,178.0,61.9,88.8,5.37,Rice,4.36,215
43.7,27.7,72.1,617.8,47.9,30.9,33.7,2.82,Jowar,2.34,658
41.8,14.2,60.5,527.9,29.1,43.4,39.9,1.86,Chickpea,1.42,652
41.7,20.5,59.7,418.8,26.3,42.5,29.2,2.23,Chickpea,1.69,521
65.6,23.7,71.5,911.0,41.9,61.1,47.2,2.69,Soybean,1.95,523
57.1,20.7,56.1,434.5,24.8,55.9,26.1,1.34,Chickpea,1.73,628
69.9,30.0,82.5,1146.5,109.3,41.3,72.8,4.67,Maize,4.38,414
76.8,28.4,90.3,1204.3,159.1,42.8,129.5,3.28,Rice,5.48,23
63.9,29.8,62.0,928.7,168.0,49.3,71.9,3.62,Maize,4.97,367
66.2,30.9,55.1,665.7,135.5,40.7,40.0,2.96,Maize,4.83,690
70.6,26.9,54.5,519.9,81.8,64.2,58.6,4.76,Maize,4.95,578
60.7,22.8,64.9,842.6,44.3,55.9,46.9,7.71,Soybean,2.15,544
59.4,18.0,56.4,341.4,119.2,57.1,38.0,5.74,Wheat,4.79,916
30.0,31.2,57.5,513.1,111.9,54.9,55.1,1.65,Cotton,2.41,543
32.4,31.6,51.6,276.2,74.1,34.0,51.9,4.14,Bajra,2.09,698
58.2,30.2,58.0,921.8,38.5,41.6,44.8,1.35,Groundnut,1.49,450
66.0,18.8,77.6,687.3,129.6,39.9,46.8,4.81,Wheat,3.77,317
49.2,16.5,58.6,142.4,154.1,40.6,34.5,3.76,Wheat,3.39,615
72.5,21.0,67.7,1025.1,172.9,52.6,88.3,2.49,Rice,3.97,226
59.0,31.6,80.2,1011.3,178.3,45.0,57.1,6.98,Maize,4.83,35
67.0,28.3,74.1,864.2,119.0,55.9,98.7,3.94,Rice,4.38,624
58.4,32.2,55.8,310.4,133.1,33.0,71.8,2.2,Cotton,2.03,612
61.7,22.4,82.7,1097.6,144.4,45.3,62.1,2.46,Maize,4.99,496
54.1,27.3,60.6,848.7,89.1,32.6,47.3,4.28,Cotton,3.14,542
73.2,26.8,79.7,1598.3,192.8,66.6,105.5,4.63,Rice,5.62,313
42.9,19.5,58.0,727.3,27.2,59.3,30.5,3.2,Chickpea,1.49,661
56.0,20.6,68.4,377.6,128.4,54.4,53.3,6.13,Wheat,5.01,632
76.7,29.6,61.3,827.8,134.7,48.1,70.4,1.74,Rice,5.6,339
56.5,23.6,67.6,527.0,113.3,56.7,61.1,4.91,Wheat,4.2,693
77.6,34.2,85.4,2103.6,250.0,109.7,251.9,1.69,Sugarcane,9.96,61
52.2,32.9,47.8,1016.3,33.6,54.3,67.4,3.34,Groundnut,1.6,632
85.7,27.9,76.9,1768.9,204.1,61.5,74.8,2.76,Rice,5.74,678
49.5,32.3,60.8,1015.1,42.1,47.7,56.3,1.92,Soybean,1.5,513
62.3,27.8,65.8,1274.8,134.8,45.8,61.2,5.0,Maize,4.85,682
49.0,25.6,44.7,825.3,146.9,33.6,75.4,2.63,Cotton,2.32,594
85.7,27.8,68.7,892.8,197.6,38.9,87.5,4.34,Rice,4.83,548
79.5,27.8,79.6,1866.6,237.5,73.5,244.5,2.05,Sugarcane,12.0,271
44.2,20.3,47.3,769.1,142.5,55.4,33.9,0.96,Wheat,4.28,698
84.1,25.8,79.7,1761.9,154.2,62.2,99.8,2.19,Rice,5.57,144
65.1,29.4,66.5,979.7,54.6,54.6,51.6,2.29,Soybean,2.12,322
50.4,27.8,67.0,508.7,32.6,59.7,65.2,1.65,Groundnut,2.16,568
42.0,29.7,70.2,606.5,75.8,29.9,48.2,2.19,Jowar,2.26,243
72.2,33.2,84.1,977.6,128.1,68.8,94.3,2.7,Rice,4.59,202
42.1,30.6,48.9,977.2,80.4,52.4,73.1,0.67,Cotton,3.09,695
55.3,17.3,57.2,413.9,133.8,57.2,48.9,5.37,Wheat,4.8,511
35.6,33.5,40.8,389.1,50.0,37.6,30.6,6.05,Bajra,1.91,587
40.6,29.6,34.7,1118.8,132.7,38.2,106.6,5.11,Cotton,2.54,516
53.0,28.9,71.9,369.7,77.4,23.3,49.9,2.57,Jowar,2.16,519
76.4,31.8,80.5,890.0,166.7,37.4,133.3,4.58,Rice,4.01,311
55.4,23.6,53.9,509.1,117.3,62.6,49.8,1.54,Wheat,4.22,640
82.5,32.2,81.4,1566.9,169.1,59.9,95.6,2.77,Rice,5.03,255
77.4,25.3,80.1,910.3,190.0,42.2,40.7,0.5,Rice,6.58,647
36.6,29.3,53.1,857.7,114.1,42.3,48.3,2.57,Cotton,3.17,515
73.7,29.8,69.1,1205.4,48.2,54.8,42.6,3.09,Soybean,1.73,117
55.2,27.1,46.4,828.5,88.0,37.5,56.6,3.2,Cotton,2.78,652
71.4,29.6,66.7,945.1,136.0,42.9,89.9,4.03,Rice,5.92,464
49.9,17.7,56.5,247.6,25.8,41.2,37.3,1.9,Chickpea,1.73,653
44.9,32.1,61.1,365.4,61.9,33.0,49.1,3.52,Jowar,2.48,338
37.5,15.0,42.7,168.1,29.6,42.9,35.8,3.48,Chickpea,1.44,903
33.2,30.6,39.1,401.2,59.2,31.8,38.8,4.4,Bajra,2.33,726
72.0,29.2,78.4,541.9,190.4,58.7,89.9,4.02,Rice,4.41,418
70.4,31.5,77.3,1892.6,140.3,49.4,126.9,5.01,Rice,4.91,36
57.7,30.2,56.4,906.8,45.7,47.4,30.3,5.72,Soybean,2.32,621
63.0,20.7,63.0,729.0,143.7,46.3,62.6,2.07,Maize,5.39,511
68.7,27.1,74.1,897.0,40.1,73.9,65.1,5.31,Soybean,2.21,617
37.1,28.1,52.9,480.4,53.6,32.5,26.4,4.63,Bajra,2.01,566
65.8,28.3,65.8,792.9,142.9,58.4,56.1,3.28,Maize,5.2,304
76.0,19.3,62.7,717.3,107.7,46.3,47.1,4.85,Wheat,4.15,544
49.1,32.5,54.6,578.9,99.2,40.7,52.7,5.72,Cotton,2.74,466
57.4,22.7,70.0,539.4,167.3,66.6,55.3,5.09,Maize,4.82,553
51.0,22.3,67.3,777.8,29.9,71.8,80.4,3.83,Groundnut,1.59,317
53.1,32.5,47.3,687.1,123.3,46.7,71.4,2.99,Cotton,2.33,625
49.4,21.6,44.9,529.0,35.0,41.1,34.5,5.76,Chickpea,1.85,645
60.3,23.2,66.0,1412.5,42.9,60.0,42.0,1.76,Soybean,1.75,406
53.8,19.2,57.4,475.0,167.7,41.5,44.1,2.67,Wheat,4.72,518
31.1,36.2,40.3,201.8,72.4,28.8,46.6,4.06,Bajra,1.6,621
58.0,23.0,53.6,359.1,158.6,30.9,34.9,2.67,Wheat,4.64,629
60.9,22.2,51.6,673.5,23.6,65.6,65.7,2.84,Groundnut,1.57,527
31.0,25.6,67.6,844.3,97.3,22.7,55.3,1.07,Cotton,2.73,493
52.7,25.1,61.3,153.1,114.7,45.6,39.1,5.44,Wheat,3.25,565
67.1,26.9,71.5,847.7,133.1,58.9,35.2,3.46,Maize,6.42,101
52.2,29.6,70.5,323.1,33.9,83.3,51.4,0.5,Groundnut,1.83,504
45.5,25.7,55.9,408.5,70.4,29.9,34.7,4.75,Jowar,2.09,824
76.4,26.2,80.5,1481.7,215.5,39.9,83.7,1.97,Rice,5.46,344
37.8,31.4,47.2,911.5,66.0,35.6,43.0,0.5,Jowar,1.59,709
43.9,38.9,50.2,486.5,67.3,27.8,45.5,1.99,Bajra,1.47,716
47.4,17.7,49.1,348.5,30.3,49.5,22.1,1.13,Chickpea,1.79,600
51.7,12.7,68.5,255.3,32.2,46.5,32.3,2.2,Chickpea,1.54,337
64.8,25.9,70.3,747.5,191.3,48.7,50.6,2.38,Maize,5.27,583
51.3,27.9,76.2,744.6,65.2,48.7,65.6,5.74,Soybean,2.34,575
33.1,33.2,48.6,561.5,70.4,25.9,29.4,3.88,Jowar,1.75,735
59.0,22.9,59.9,896.3,179.5,32.4,45.5,2.89,Wheat,3.85,587
77.8,28.1,76.0,1136.4,135.5,51.0,110.8,3.04,Rice,5.54,429
50.8,21.2,50.8,103.4,128.5,63.4,46.9,2.2,Wheat,4.12,682
75.6,23.3,86.9,1996.8,150.5,56.9,87.9,0.5,Rice,4.29,250
36.5,14.8,57.0,346.5,36.1,54.2,43.9,4.94,Chickpea,1.59,616
34.4,29.4,54.1,544.9,46.5,22.9,61.3,4.99,Bajra,2.19,661
79.3,20.1,48.4,222.9,94.3,35.5,37.7,5.33,Wheat,4.36,548
91.7,29.7,83.5,1350.8,181.5,53.5,109.4,2.89,Rice,5.51,198
76.5,35.7,70.4,809.1,220.1,54.0,77.3,3.71,Rice,3.51,538
80.8,31.1,76.3,1584.4,185.5,42.9,105.6,2.87,Rice,4.92,265
56.7,19.5,55.8,370.5,149.9,51.6,52.6,1.54,Wheat,4.16,258
57.9,28.6,74.3,1070.4,41.6,64.6,43.3,2.61,Soybean,2.23,409
88.8,25.0,88.5,2248.6,129.0,51.1,84.5,2.76,Rice,3.98,0
35.5,27.8,43.6,535.4,45.7,44.9,33.9,5.48,Bajra,1.79,974
51.2,22.6,53.1,205.1,151.5,42.7,51.5,4.94,Wheat,4.22,767
52.5,27.9,59.1,1112.5,37.1,53.9,55.2,4.13,Soybean,1.8,603
57.2,19.6,61.4,981.0,148.0,66.3,35.6,3.98,Wheat,4.61,402
46.8,19.1,65.8,363.0,116.6,41.4,42.7,1.55,Wheat,3.73,377
47.6,25.0,59.0,377.5,148.5,57.7,60.6,4.28,Wheat,4.66,564
49.3,21.2,55.7,83.3,144.3,47.1,34.8,3.52,Wheat,4.23,658
69.2,28.4,85.2,1035.6,94.1,53.6,70.3,2.16,Maize,4.62,201
29.7,29.7,65.5,421.5,57.6,31.0,39.8,0.5,Jowar,2.0,564
64.1,27.0,67.4,1167.9,35.3,56.7,56.4,6.88,Soybean,2.1,534
58.3,18.8,58.2,624.3,28.3,56.8,32.2,3.86,Chickpea,1.41,661
47.8,21.6,55.7,308.0,27.0,46.4,20.0,3.62,Chickpea,1.55,474
66.2,16.8,70.0,820.5,127.4,61.5,52.8,4.99,Wheat,3.5,132
74.2,34.3,71.8,903.0,215.6,62.4,90.8,3.16,Rice,4.48,431
64.7,16.6,59.7,555.7,112.8,52.9,53.9,5.59,Wheat,4.52,471
75.3,23.6,78.0,1819.8,169.6,120.0,120.5,3.81,Sugarcane,7.13,346
80.8,29.5,72.9,1218.7,131.7,48.2,55.9,5.48,Rice,5.65,628
43.6,34.3,36.8,572.6,68.6,29.5,36.5,2.39,Jowar,1.81,973
77.7,25.0,71.9,1037.4,178.1,75.5,73.2,6.83,Rice,5.71,456
67.8,18.5,55.5,811.7,93.1,45.5,29.6,2.42,Wheat,3.89,734
48.5,21.3,58.2,174.1,21.5,48.5,33.2,3.27,Chickpea,1.23,872
67.2,25.8,57.0,770.9,113.9,41.4,44.8,2.75,Wheat,3.3,570
57.4,23.3,49.4,322.4,90.8,66.4,41.5,1.88,Wheat,4.36,713
29.5,26.1,56.3,495.5,76.7,26.7,46.2,6.64,Jowar,1.77,730
46.3,33.2,47.0,284.7,69.6,30.5,51.5,5.13,Jowar,2.08,688
40.1,31.4,41.9,606.7,63.2,25.2,48.9,3.47,Jowar,1.89,619
89.7,23.5,73.0,1381.2,225.9,73.4,101.7,1.71,Rice,4.93,252
50.4,21.1,46.2,643.1,24.8,44.8,30.6,2.03,Chickpea,1.61,660
44.9,24.0,45.8,305.1,31.2,35.9,20.0,4.94,Chickpea,1.57,608
58.4,16.3,64.1,692.3,152.8,47.5,51.7,2.91,Wheat,4.22,637
61.0,26.0,72.0,780.0,141.5,48.7,56.3,5.95,Maize,4.57,396
65.7,31.7,60.6,644.2,118.1,39.0,68.2,4.49,Maize,5.44,769
50.0,27.9,58.5,466.4,90.5,42.3,95.8,2.96,Cotton,2.63,770
37.1,24.2,55.7,403.3,30.1,47.5,42.1,4.18,Chickpea,1.31,436
60.2,24.7,68.0,268.5,99.4,52.7,55.7,1.63,Maize,3.84,703
66.6,17.4,62.2,560.2,128.7,52.1,36.0,3.54,Wheat,4.72,491
46.0,30.4,53.5,759.5,58.1,33.4,46.3,5.47,Jowar,1.93,796
57.0,25.5,62.7,822.9,52.4,60.5,48.5,1.7,Soybean,2.43,590
68.3,24.5,74.1,1749.8,198.2,58.4,83.6,1.89,Rice,4.98,308
79.7,35.5,73.6,843.7,181.8,48.1,107.7,0.5,Rice,3.84,526
66.8,19.8,53.6,646.8,162.5,55.4,43.8,4.32,Wheat,4.18,524
42.0,19.8,85.4,642.9,133.6,54.3,40.2,4.85,Wheat,4.46,411
67.8,31.3,73.5,1151.4,155.6,61.7,84.1,6.04,Rice,5.16,446
62.7,26.3,74.7,1023.7,48.7,64.2,58.2,2.24,Soybean,2.39,374
72.3,20.4,68.7,936.6,179.4,29.2,60.0,5.8,Maize,3.8,510
39.3,31.4,45.7,77.9,70.9,35.6,44.8,5.56,Jowar,1.62,578
60.4,24.8,67.5,228.9,102.2,51.8,42.7,3.63,Wheat,4.13,635
91.4,28.9,76.3,1478.1,201.1,48.8,38.3,3.28,Rice,5.95,152
54.1,18.4,64.1,482.0,155.3,49.8,38.1,2.88,Wheat,4.26,639
63.9,32.7,73.9,1180.3,183.3,52.3,126.0,4.8,Rice,4.22,453
55.3,28.0,67.5,1061.2,49.2,41.5,63.8,0.57,Groundnut,1.63,552
58.2,29.5,54.2,1010.2,116.7,40.4,83.8,1.34,Cotton,2.78,475
64.1,26.4,60.5,1021.0,48.0,61.0,76.3,0.91,Soybean,2.1,956
56.6,20.6,87.6,1415.9,48.3,49.7,44.8,2.01,Soybean,1.64,231
89.8,37.1,95.7,1830.5,122.2,49.8,88.1,3.98,Rice,3.36,205
35.8,26.0,28.3,570.3,45.0,29.1,41.4,2.93,Jowar,2.37,671
63.3,19.9,66.7,702.8,109.8,43.2,60.9,3.39,Wheat,3.79,711
50.1,23.1,45.9,531.6,154.4,46.5,23.8,4.99,Wheat,4.33,608
42.4,29.5,58.2,615.8,73.7,27.5,45.8,5.14,Jowar,2.01,724
55.5,17.3,68.3,554.9,113.4,66.2,35.9,4.4,Wheat,4.71,367
63.6,23.2,47.2,494.0,134.8,81.9,44.7,4.54,Wheat,5.25,719
60.7,32.0,68.7,1204.2,50.1,66.6,68.7,7.39,Soybean,1.63,367
65.7,24.3,72.9,1680.8,176.9,48.9,68.9,1.47,Rice,5.16,471
66.6,24.3,51.8,771.2,126.3,28.0,54.9,2.65,Maize,5.91,564
58.2,24.5,56.4,553.8,141.7,50.0,28.8,2.45,Wheat,4.22,472
59.8,30.8,66.6,777.7,113.9,63.4,67.3,5.07,Maize,4.83,559
49.6,17.9,55.1,91.0,147.2,47.1,67.2,3.89,Wheat,3.76,489
75.3,25.1,86.1,1635.4,174.2,47.9,99.4,6.57,Rice,5.41,113
57.7,28.5,67.3,983.0,50.8,65.2,73.9,1.71,Soybean,2.32,574
54.7,25.7,55.6,898.4,115.9,29.4,80.0,3.51,Cotton,2.64,288
38.3,13.0,46.2,295.8,24.6,60.2,38.8,6.84,Chickpea,1.62,815
52.3,22.3,48.4,848.7,157.7,32.8,49.7,4.72,Wheat,3.73,565
71.8,23.8,73.0,609.1,45.2,45.0,55.0,1.16,Soybean,1.94,330
83.7,25.9,76.1,1500.5,162.7,46.6,85.5,0.5,Rice,4.56,369
89.2,27.6,76.2,1305.1,92.1,41.3,116.3,3.69,Rice,5.79,448
43.3,16.3,57.4,335.9,29.5,38.1,44.7,4.52,Chickpea,1.86,534
47.5,32.4,47.6,971.3,131.4,38.2,81.2,0.8,Cotton,2.74,590
41.7,33.9,41.5,980.6,73.3,28.1,64.5,3.24,Cotton,2.88,777
48.8,27.4,73.3,477.4,38.9,52.6,30.9,2.02,Soybean,1.69,590
69.3,31.1,75.1,1179.3,216.7,65.7,58.7,1.07,Rice,5.29,371
63.4,17.0,57.7,305.8,126.7,66.3,54.5,4.14,Wheat,4.13,509
54.2,23.0,67.0,306.7,147.7,49.9,48.0,1.9,Wheat,4.07,412
65.4,28.6,76.0,1788.7,190.0,62.2,46.8,1.39,Rice,6.0,216
60.2,16.0,55.7,557.4,142.8,53.8,52.0,6.49,Wheat,3.88,706
33.4,15.0,34.9,7.7,22.3,38.9,31.1,5.53,Chickpea,1.3,885
77.4,25.2,89.6,1879.2,191.8,69.6,69.0,4.46,Rice,4.3,258
52.6,36.7,78.2,669.6,154.9,16.2,56.8,1.46,Maize,3.38,623
43.4,29.3,62.5,366.6,46.6,33.0,48.0,3.96,Jowar,2.33,535
69.2,26.5,59.7,1006.0,86.9,48.3,48.0,3.96,Maize,4.79,464
45.7,30.5,31.6,595.3,44.3,33.3,34.9,5.33,Jowar,1.91,710
82.2,30.6,69.6,2071.4,184.6,87.8,142.3,4.33,Sugarcane,9.63,596
68.4,28.9,79.6,1497.2,150.7,66.3,81.5,0.5,Rice,5.75,11
38.6,20.1,54.8,746.1,36.3,53.0,70.7,3.2,Groundnut,1.59,634
64.9,17.6,71.2,449.8,148.1,41.6,47.5,1.81,Wheat,4.45,567
48.8,28.2,69.0,887.7,90.5,49.5,55.2,3.51,Maize,4.5,472
61.2,24.7,68.8,1372.9,33.3,65.4,65.6,1.71,Soybean,1.91,746
87.4,29.2,78.4,1454.7,157.4,57.8,97.9,3.6,Rice,5.15,497
54.6,21.3,87.6,650.6,143.9,53.3,35.4,0.5,Wheat,4.92,466
56.8,20.7,58.6,897.1,173.1,39.0,30.0,4.53,Wheat,4.08,412
44.9,26.3,66.6,506.8,26.9,37.6,53.5,3.79,Groundnut,1.85,604
66.8,21.4,53.2,511.9,137.2,69.6,58.9,2.77,Wheat,5.07,579
49.8,16.6,46.8,328.6,109.8,56.0,54.5,5.8,Wheat,4.88,706
80.0,25.6,81.9,1326.4,228.0,58.2,223.4,1.84,Sugarcane,9.06,346
31.7,30.1,48.5,645.7,74.8,23.2,39.9,0.6,Bajra,1.8,581
92.0,24.5,82.1,2390.4,248.6,88.4,201.8,0.61,Sugarcane,8.5,304
71.1,24.4,60.3,348.0,166.3,49.6,45.0,4.68,Maize,4.33,839
39.9,31.2,44.9,504.7,110.4,37.1,80.2,2.51,Cotton,2.74,845
76.3,28.4,75.0,1212.6,206.0,60.8,64.6,1.89,Rice,5.58,411
61.9,18.5,57.8,510.1,123.4,58.4,46.0,2.06,Wheat,4.43,318
58.7,21.5,56.4,254.0,156.0,47.3,39.9,4.55,Maize,4.74,800
51.5,28.9,51.1,583.1,26.1,40.6,33.9,4.04,Soybean,2.04,799
55.2,24.1,58.0,797.5,125.0,48.2,58.0,5.42,Maize,4.56,535
31.6,28.2,65.8,648.6,92.3,46.9,82.7,4.08,Cotton,2.75,451
52.2,27.7,67.0,903.7,36.2,62.0,73.6,5.33,Groundnut,2.67,575
69.9,28.4,65.9,1314.3,30.6,51.7,34.9,4.39,Soybean,1.68,318
57.2,19.1,61.1,327.3,40.9,50.0,62.6,2.87,Groundnut,1.44,715
63.5,24.2,62.1,623.8,167.7,51.7,42.6,1.76,Wheat,4.34,396
60.8,15.3,68.9,179.7,21.3,45.9,28.7,4.53,Chickpea,1.46,423
81.1,30.4,74.5,882.1,182.8,83.2,87.3,4.97,Rice,5.38,427
57.6,15.5,55.5,429.6,114.8,61.6,48.5,0.5,Wheat,3.92,416
68.3,31.4,76.1,1151.7,97.7,44.1,51.7,2.78,Maize,4.67,380
52.8,28.8,73.4,631.0,46.9,77.1,29.2,4.37,Soybean,2.18,542
74.5,23.9,81.7,1795.0,129.8,39.7,74.0,4.45,Rice,3.76,79
73.0,28.3,71.8,635.2,187.1,47.2,48.5,2.48,Rice,4.25,612
47.7,18.4,60.9,844.6,118.5,48.2,48.0,3.09,Wheat,4.07,454
76.7,23.2,80.6,1919.2,200.1,60.0,90.5,1.66,Rice,5.16,346
60.4,22.4,45.4,641.6,142.3,44.3,59.1,3.46,Wheat,4.86,708
29.5,26.2,62.8,425.5,70.0,24.7,40.2,5.61,Bajra,1.63,508
57.9,29.1,64.1,763.0,41.7,67.9,59.0,2.51,Groundnut,1.97,445
51.1,23.2,56.4,646.1,156.3,41.3,64.6,6.4,Maize,4.67,347
79.2,32.5,83.9,1448.1,191.6,46.7,104.2,5.92,Rice,5.12,192
89.6,30.0,73.8,1430.1,216.5,81.9,206.8,2.99,Sugarcane,10.15,252
61.1,30.9,67.6,1452.6,44.4,84.9,59.1,3.88,Soybean,1.56,647
27.5,33.7,42.4,245.3,59.4,32.1,51.7,3.58,Bajra,2.06,888
49.5,23.8,52.1,164.3,169.1,57.5,43.9,4.34,Wheat,4.56,485
43.8,27.4,59.3,670.5,80.0,20.6,43.0,3.9,Bajra,1.82,687
50.2,26.6,59.8,771.5,38.3,47.1,64.4,3.04,Groundnut,2.61,586
65.1,10.4,52.0,463.9,133.1,38.9,53.0,2.99,Wheat,3.52,596
39.2,17.8,48.1,195.9,29.3,55.7,44.9,1.59,Chickpea,1.84,776
61.4,29.3,71.6,1025.6,45.0,44.3,49.4,4.68,Soybean,1.84,545
64.3,20.9,59.1,742.3,157.5,31.8,34.4,1.95,Wheat,4.62,481
65.2,22.9,54.8,544.0,140.6,42.9,65.8,4.35,Maize,4.91,581
84.4,26.4,88.4,1800.9,159.9,41.8,85.1,2.06,Rice,5.76,257
47.5,19.4,54.7,238.5,27.0,41.9,22.0,3.67,Chickpea,1.9,515
77.8,25.4,77.5,1382.1,131.5,73.9,91.6,4.43,Rice,5.65,371
52.5,29.0,54.7,938.2,32.8,55.5,64.0,6.01,Groundnut,1.73,561
33.3,31.4,45.0,339.6,65.6,26.1,33.4,0.5,Bajra,1.91,615
55.0,31.3,63.0,324.9,43.0,72.9,49.7,5.5,Soybean,1.63,464
87.2,32.2,86.3,2053.5,181.2,89.6,133.4,2.37,Sugarcane,9.01,266
74.3,26.1,89.0,1606.4,93.4,48.9,79.3,4.79,Rice,5.58,375
54.0,22.7,69.4,617.2,157.4,42.6,44.1,3.83,Wheat,4.64,547
36.8,33.5,60.9,654.3,40.4,23.5,43.0,4.65,Bajra,1.6,437
60.1,28.2,63.1,652.4,109.4,45.0,55.7,3.32,Maize,5.86,653
64.6,27.6,47.9,1187.3,134.4,37.0,78.7,4.08,Cotton,2.19,619
54.1,29.3,57.6,628.0,31.9,60.2,60.0,3.16,Groundnut,2.22,676
79.9,32.7,80.2,1425.9,176.4,50.1,119.3,3.55,Rice,4.76,490
55.5,17.5,51.4,375.5,146.7,36.7,51.2,2.22,Wheat,4.88,535
48.6,26.7,57.2,94.5,51.0,47.9,39.4,5.62,Soybean,1.66,637
42.2,29.1,63.5,546.0,56.2,24.0,36.5,1.58,Bajra,2.22,468
57.6,17.9,57.0,305.4,115.0,46.3,56.8,2.26,Wheat,4.5,507
49.2,28.9,73.9,438.4,45.6,63.0,51.1,4.76,Groundnut,2.3,778
71.5,26.9,68.8,471.7,165.9,41.6,81.3,2.33,Maize,4.47,659
49.5,21.5,51.8,170.3,142.2,65.4,40.6,5.51,Wheat,3.6,431
34.7,16.4,52.0,429.5,21.4,58.5,28.3,2.89,Chickpea,1.64,718
76.1,28.5,54.7,811.5,143.9,48.1,57.7,2.61,Maize,4.76,509
51.2,20.3,63.5,517.5,180.2,44.6,49.1,4.78,Wheat,5.14,725
41.5,30.0,55.0,499.2,62.4,22.3,46.1,4.27,Jowar,2.52,638
54.6,26.7,62.7,284.9,170.4,57.6,21.5,0.5,Maize,4.59,569
37.9,32.5,75.7,476.3,67.2,34.2,28.5,5.88,Jowar,2.33,489
59.0,17.9,52.7,277.7,113.9,45.1,55.3,0.89,Wheat,3.91,724
57.4,26.4,50.2,606.0,140.3,52.1,41.3,4.63,Wheat,4.45,652
83.6,31.2,80.0,1677.8,221.8,81.9,146.1,5.38,Sugarcane,8.32,264
80.8,26.2,79.6,2263.0,129.3,54.4,54.8,4.73,Rice,4.61,220
60.9,32.2,68.7,1100.5,44.4,63.1,44.3,3.93,Soybean,1.65,518
63.7,28.4,87.0,713.1,42.5,63.9,78.9,4.98,Soybean,2.1,191
55.4,20.9,67.3,818.0,87.5,53.9,39.4,4.16,Wheat,4.77,490
39.6,30.1,48.8,59.9,53.9,34.6,37.8,1.74,Jowar,1.79,702
33.1,33.9,37.3,250.5,54.3,29.4,38.1,3.78,Bajra,1.69,701
70.5,23.2,73.3,1232.0,30.9,58.9,37.0,6.8,Soybean,1.87,500
66.2,28.4,67.4,1740.7,197.7,67.6,85.8,1.74,Rice,5.71,188
77.6,30.0,74.1,1428.4,204.7,47.1,81.0,0.94,Rice,5.19,311
45.1,20.2,55.8,399.1,101.4,41.6,26.1,1.22,Wheat,4.02,508
46.5,29.4,63.4,573.6,33.5,55.0,69.7,4.12,Groundnut,2.39,631
69.4,16.9,54.9,589.6,128.0,40.0,45.8,0.85,Wheat,3.8,548
53.3,29.4,64.8,1263.4,39.4,73.1,58.8,2.78,Soybean,2.37,461
77.1,26.5,82.8,1137.2,103.7,49.1,96.9,1.8,Rice,5.79,392
81.1,29.7,79.1,1580.1,173.5,35.8,67.3,3.49,Rice,6.15,81
72.9,26.2,89.4,1205.3,213.1,63.9,64.3,3.18,Rice,6.39,350
60.8,17.3,69.0,573.2,122.1,52.7,49.3,3.97,Wheat,5.15,400
51.3,26.2,54.4,695.6,158.2,51.0,63.5,5.05,Maize,6.01,569
74.1,27.6,77.4,1414.4,131.5,48.0,101.2,2.44,Rice,5.6,326
54.6,31.9,47.6,265.1,103.0,35.6,59.6,0.5,Cotton,2.42,822
79.1,39.5,83.4,1795.5,162.6,49.0,79.3,2.31,Rice,4.04,370
45.1,27.1,45.5,659.9,119.0,53.5,55.8,3.56,Cotton,2.99,931
67.2,21.8,72.6,539.2,171.7,30.1,44.1,2.19,Maize,4.35,510
81.9,24.1,63.7,1256.4,233.3,76.7,148.0,4.06,Sugarcane,9.51,394
68.2,17.0,65.7,740.1,100.0,50.4,65.8,7.08,Wheat,3.92,440
74.9,25.9,75.8,2153.2,250.0,116.9,158.5,1.39,Sugarcane,10.08,368
50.2,15.2,52.6,655.4,115.9,44.4,38.2,0.93,Wheat,4.36,857
51.5,15.7,52.1,522.6,145.5,44.8,48.8,6.01,Wheat,4.44,694
69.2,27.5,92.4,1759.1,41.8,63.2,76.4,4.64,Soybean,2.07,132
63.5,30.6,62.4,998.5,42.2,55.0,64.2,3.6,Soybean,2.0,546
83.0,26.2,82.7,954.7,127.1,51.3,74.7,4.21,Rice,5.82,395
47.4,29.7,38.1,0.0,91.6,27.6,76.8,4.23,Cotton,2.01,795
35.9,29.4,44.4,412.1,60.9,34.8,51.9,5.3,Jowar,2.34,603
51.3,26.6,40.4,274.4,64.0,41.2,65.9,3.73,Cotton,2.3,383
47.2,18.5,52.2,338.4,33.7,56.3,31.9,3.46,Chickpea,1.89,588
62.7,22.0,55.8,1354.0,130.7,29.0,56.8,1.62,Cotton,1.25,665
44.2,31.6,68.9,583.8,79.8,36.5,85.9,4.16,Cotton,2.65,539
43.6,27.5,41.7,538.0,54.2,26.9,40.0,3.54,Jowar,2.03,395
64.6,16.7,66.8,556.1,126.1,56.2,49.2,4.31,Wheat,4.88,529
80.6,27.3,70.7,2354.5,184.0,52.0,62.6,2.86,Rice,5.52,18
51.2,28.8,61.2,538.5,67.9,29.0,43.9,2.15,Jowar,1.5,862
66.6,24.8,62.2,1168.1,186.9,38.7,214.6,2.19,Sugarcane,7.1,514
89.1,30.0,81.5,1918.8,132.2,46.2,96.3,2.58,Rice,4.7,88
29.6,24.0,39.5,268.6,20.0,56.0,34.0,2.93,Chickpea,1.41,872
53.4,29.6,53.2,1292.8,95.9,42.6,71.9,2.78,Cotton,2.03,427
40.5,26.7,40.1,730.4,130.9,51.1,76.7,4.11,Cotton,2.63,786
51.5,34.8,63.5,712.6,42.9,46.6,50.3,4.43,Groundnut,2.01,537
30.5,32.5,41.0,318.6,60.4,29.6,42.3,2.79,Bajra,1.79,572
46.9,34.2,41.7,602.4,74.3,29.3,33.3,1.25,Jowar,1.78,804
44.7,27.4,47.1,349.2,74.3,29.1,56.3,4.85,Jowar,1.8,506
31.2,30.0,24.2,247.6,56.0,22.5,55.8,3.19,Bajra,1.82,1023
41.7,31.3,44.3,568.7,50.6,32.7,44.2,1.15,Bajra,2.32,703
58.2,28.3,66.4,842.3,24.4,52.3,40.8,1.99,Groundnut,2.22,346
57.0,20.4,66.2,699.2,120.8,59.2,53.1,4.32,Wheat,5.0,252
63.8,22.2,73.4,673.4,77.3,47.7,34.5,1.94,Wheat,3.74,696
76.9,27.5,76.1,1289.0,38.5,34.6,51.7,2.82,Soybean,1.98,576
61.5,19.6,52.6,582.3,101.6,49.2,40.5,2.24,Wheat,4.61,452
71.3,30.8,76.2,1347.5,158.2,72.4,126.9,3.53,Rice,5.24,597
61.1,29.9,67.7,867.7,50.3,70.0,48.0,2.71,Soybean,2.23,506
54.7,34.2,57.2,671.1,115.2,37.8,104.5,4.15,Cotton,3.0,556
57.6,14.6,60.5,687.6,134.2,45.9,52.4,4.34,Wheat,3.78,548
74.6,26.4,69.1,1517.0,168.6,41.3,86.6,5.5,Rice,6.08,351
47.4,16.7,65.5,502.0,158.1,54.6,45.7,4.05,Wheat,5.04,752
36.6,20.4,52.7,139.9,20.0,52.3,23.0,3.6,Chickpea,1.49,706
52.3,16.3,56.0,622.3,132.9,47.0,46.9,3.09,Wheat,4.55,337
44.4,24.9,58.8,629.1,109.2,37.3,50.5,4.42,Cotton,2.28,884
61.8,24.1,47.9,666.0,152.7,57.8,42.7,4.69,Wheat,5.03,786
43.5,39.5,33.5,696.3,101.3,27.5,86.2,5.59,Cotton,2.35,593
53.6,12.5,51.4,60.8,183.5,52.8,50.3,7.21,Wheat,3.22,651
40.2,28.9,67.6,579.8,73.1,31.4,52.1,5.66,Jowar,1.79,388
42.4,35.6,63.5,368.2,55.3,20.9,33.6,3.49,Bajra,1.77,584
37.6,20.3,56.3,584.9,27.6,56.0,24.5,4.23,Chickpea,1.6,663
82.1,30.9,70.8,2477.9,235.8,108.1,143.5,4.76,Sugarcane,9.62,306
79.4,34.0,85.7,1778.3,225.7,62.7,116.4,0.69,Rice,4.72,164
54.3,28.3,58.1,683.0,32.1,49.6,48.0,3.48,Groundnut,2.12,464
50.5,19.4,63.8,494.3,123.7,55.8,49.5,2.34,Wheat,4.74,682
61.1,13.4,64.9,286.9,130.5,57.2,48.8,0.9,Wheat,3.38,562
36.6,17.8,42.9,310.9,33.2,44.1,37.0,3.2,Chickpea,1.81,1023
47.6,33.4,65.4,647.7,59.9,38.0,38.6,1.59,Jowar,1.45,411
74.6,24.8,78.5,1364.3,195.8,56.9,99.2,1.86,Rice,6.99,454
71.4,27.8,73.7,651.8,130.5,46.4,52.9,2.96,Maize,4.65,469
58.4,32.2,65.0,533.9,47.9,28.4,20.0,5.08,Bajra,1.76,435
73.6,23.0,80.9,980.9,149.2,44.2,49.9,3.34,Maize,4.07,565
60.5,25.4,78.7,1235.0,118.9,51.2,52.3,3.84,Maize,5.44,371
52.3,18.1,64.9,625.5,85.5,48.3,40.2,6.42,Wheat,3.94,405
29.9,30.6,39.9,244.4,65.4,33.7,37.3,2.49,Bajra,1.79,711
48.2,21.6,33.4,377.8,20.1,49.0,31.7,1.27,Chickpea,1.79,929
62.1,21.0,67.9,717.8,164.1,46.3,21.9,3.62,Wheat,4.13,322
74.8,26.8,83.5,1728.2,152.4,64.6,101.6,4.29,Rice,5.63,468
53.1,30.1,67.1,708.4,109.2,52.0,87.2,2.8,Cotton,3.25,606
73.2,18.0,55.2,313.8,132.8,51.0,28.4,1.29,Wheat,3.04,606
56.7,15.5,65.4,90.2,186.9,61.5,47.3,4.1,Wheat,3.07,794
75.5,26.7,92.0,1052.3,221.6,51.4,91.0,3.94,Rice,6.17,538
87.9,31.8,79.2,1851.7,190.1,72.7,108.9,2.27,Rice,4.08,370
32.6,14.2,48.1,385.8,21.4,42.9,31.7,3.71,Chickpea,1.51,713
78.7,27.8,76.7,1989.4,232.3,94.4,200.5,4.81,Sugarcane,10.23,552
43.2,29.1,63.4,600.1,46.7,37.0,44.2,5.86,Bajra,1.8,766
47.0,34.7,62.2,562.2,136.4,54.0,88.1,4.32,Cotton,2.75,429
84.0,30.8,77.0,1323.6,173.5,59.1,66.7,2.23,Rice,5.47,325
47.1,27.5,55.4,345.5,59.6,27.3,41.4,4.49,Jowar,1.67,610
78.3,28.1,82.0,1904.8,166.2,72.2,214.4,3.57,Sugarcane,10.01,201
41.9,28.8,45.8,615.0,60.3,38.9,42.5,3.91,Bajra,1.72,462
19.9,27.3,61.5,114.0,67.6,22.6,44.4,6.1,Bajra,1.31,755
57.0,28.0,54.5,1446.0,122.1,33.6,50.6,3.58,Maize,4.75,523
50.7,31.6,51.2,108.7,52.5,33.4,40.7,0.5,Bajra,1.52,713
47.0,27.7,59.0,946.3,127.7,42.3,64.6,2.32,Cotton,2.73,744
72.4,26.4,77.0,1665.2,141.5,43.4,69.0,0.98,Rice,5.13,235
42.1,15.0,49.1,407.7,20.8,52.6,38.9,4.14,Chickpea,1.97,671
76.1,25.8,81.4,1782.0,92.3,81.6,62.7,1.24,Rice,5.88,316
44.6,32.9,46.8,394.3,75.1,24.9,33.2,4.56,Jowar,1.98,634
49.7,15.9,54.1,568.6,150.5,56.4,32.4,2.71,Wheat,4.58,608
50.7,15.2,72.5,1238.4,91.0,48.7,42.9,2.08,Wheat,3.26,510
28.3,18.3,52.4,256.0,24.6,56.3,30.6,4.88,Chickpea,1.67,672
45.1,25.3,78.9,789.3,36.7,47.2,63.7,2.99,Groundnut,2.12,599
71.1,28.9,78.0,1418.6,116.3,65.6,59.1,2.62,Rice,5.91,228
74.9,18.4,64.5,784.9,151.0,55.1,45.7,6.47,Wheat,4.07,546
69.1,26.0,81.5,1192.9,175.8,68.9,74.4,1.32,Rice,5.69,131
44.3,32.0,66.9,1248.1,117.4,37.8,65.6,3.72,Cotton,2.56,422
69.7,32.0,73.1,1448.0,132.3,55.2,89.4,3.52,Rice,5.32,267
76.3,22.1,63.9,816.0,128.2,50.7,74.3,3.67,Maize,4.72,716
45.8,19.1,52.4,637.8,25.2,51.5,41.2,1.45,Chickpea,1.4,737
39.4,33.9,51.2,596.2,58.5,38.1,40.9,1.3,Jowar,1.86,716
43.5,31.2,35.6,512.9,72.5,30.4,48.4,4.93,Jowar,1.96,1023
75.6,28.1,71.8,984.5,152.8,26.2,63.3,4.25,Maize,5.16,645
82.7,29.5,71.4,1246.9,192.5,52.8,45.4,3.05,Maize,4.64,510
29.5,28.1,54.2,320.4,58.1,30.8,32.2,4.85,Jowar,2.21,553
56.9,18.4,50.0,668.5,118.9,47.7,32.5,1.7,Wheat,5.19,432
59.5,24.9,59.4,779.5,115.2,54.3,46.8,1.0,Maize,6.04,553
81.2,35.1,68.2,1103.9,176.8,34.1,61.9,3.73,Maize,3.22,396
65.6,24.8,51.1,1039.5,140.9,44.7,59.2,7.09,Maize,5.29,495
51.3,18.5,59.4,440.7,162.8,62.4,26.3,2.45,Wheat,4.66,558
65.7,20.1,59.8,800.9,162.5,29.6,56.2,3.22,Wheat,4.06,310
37.2,17.9,45.6,366.1,29.9,47.0,38.6,5.04,Chickpea,1.81,925
85.7,31.2,75.7,1817.4,218.1,114.3,173.0,1.17,Sugarcane,10.25,143
53.8,27.0,63.0,890.2,37.9,64.8,58.4,4.38,Groundnut,2.05,417
53.0,22.5,61.1,257.8,29.8,18.2,39.6,2.64,Chickpea,1.64,693
67.4,28.2,68.5,895.3,187.3,64.9,93.3,2.27,Rice,5.84,234
37.7,32.6,66.2,427.2,48.7,40.8,25.0,2.03,Bajra,2.34,684
77.5,29.2,79.4,2037.3,141.2,53.8,92.2,3.83,Rice,5.21,400
47.0,25.4,58.7,1197.1,90.9,44.8,99.5,2.05,Cotton,2.27,464
71.8,27.9,69.3,1366.5,164.9,42.4,79.5,2.81,Rice,4.86,249
54.7,26.3,61.9,330.8,119.3,55.0,43.7,4.78,Wheat,3.89,525
62.4,22.9,82.0,988.4,42.9,54.3,61.7,5.61,Soybean,2.1,88
77.4,25.5,64.2,1776.1,250.0,114.3,146.4,4.18,Sugarcane,11.81,598
60.0,22.2,70.8,376.0,106.5,69.0,35.9,0.5,Wheat,4.36,528
56.9,24.5,62.4,483.6,137.5,38.3,73.1,2.75,Maize,4.56,464
63.5,27.8,72.0,985.3,94.8,63.0,73.7,6.22,Maize,5.17,300
73.4,26.7,84.5,2433.1,194.8,49.7,109.2,1.1,Rice,4.82,284
66.2,24.3,53.0,719.0,112.6,53.4,47.4,4.13,Wheat,4.44,834
82.4,24.7,77.8,1987.4,154.0,71.2,155.4,2.66,Sugarcane,8.38,91
43.9,21.5,49.0,381.2,47.8,20.5,31.9,3.9,Bajra,1.42,599
53.8,13.5,47.7,286.8,95.3,48.6,43.4,3.53,Wheat,3.66,445
58.6,18.7,65.6,611.6,20.0,59.2,24.8,3.04,Chickpea,1.49,629
69.2,16.9,68.3,675.7,162.6,56.0,44.1,3.34,Wheat,3.6,524
57.3,30.3,51.0,657.5,55.0,72.6,43.9,3.25,Groundnut,2.08,967
49.7,32.4,51.3,920.6,71.0,43.3,81.3,1.03,Cotton,3.16,584
66.7,28.1,70.0,1598.8,146.8,67.1,78.7,2.9,Rice,5.33,310
48.9,25.6,59.9,468.3,38.0,35.3,51.8,4.11,Jowar,2.2,489
52.9,18.1,64.8,391.1,142.0,62.8,36.9,3.43,Wheat,4.44,690
77.6,27.7,79.4,1049.4,161.3,68.2,97.4,0.71,Rice,6.66,131
46.1,23.1,59.9,269.0,96.4,56.5,60.2,3.1,Cotton,1.86,727
42.4,20.3,43.4,868.0,125.2,56.1,40.5,2.79,Wheat,3.61,703
56.6,19.7,63.5,958.9,59.6,71.7,62.2,4.36,Soybean,2.08,428
49.5,20.2,61.1,604.5,141.7,54.3,44.3,2.55,Wheat,4.98,434
46.9,18.9,61.0,466.2,36.8,47.6,37.5,4.68,Chickpea,1.83,739
45.4,30.6,53.4,399.2,141.6,42.2,57.2,3.31,Cotton,2.49,923
68.7,35.0,74.4,865.2,168.0,55.9,65.3,2.33,Rice,4.03,364
67.3,24.9,54.4,833.2,124.0,52.8,38.4,1.68,Wheat,3.28,667
79.0,24.0,80.7,1505.5,210.0,61.7,85.4,2.28,Rice,5.31,566
56.9,22.3,62.4,777.1,112.1,47.9,66.0,1.75,Wheat,3.97,443
62.1,30.7,74.4,1307.9,47.4,57.6,46.2,3.77,Soybean,1.77,339
70.9,29.5,56.2,26.5,148.5,32.6,55.8,3.77,Maize,3.57,494
54.5,18.8,60.8,548.4,192.3,49.1,44.7,4.22,Wheat,5.2,554
78.7,26.6,86.6,1319.6,233.0,51.7,86.7,2.75,Rice,6.01,279
67.2,15.7,60.4,686.8,142.9,49.9,48.3,1.07,Wheat,3.92,500
47.4,23.7,53.4,693.3,63.8,38.7,83.8,3.19,Cotton,2.14,506
58.6,20.4,70.3,772.8,104.7,52.7,54.7,2.32,Wheat,4.29,240
67.5,27.8,77.6,1092.9,138.8,54.0,143.2,4.23,Rice,5.83,180
62.8,15.4,54.2,844.2,130.2,56.8,29.2,5.38,Wheat,3.68,446
78.6,29.8,72.6,1971.8,161.1,48.0,66.1,2.96,Rice,5.95,407
56.7,23.0,67.1,1078.8,36.5,50.4,90.9,1.59,Groundnut,1.59,384
80.8,29.6,73.1,1412.0,171.5,52.0,81.2,6.39,Rice,5.14,248
58.1,24.1,64.2,599.4,44.2,54.3,75.5,2.1,Soybean,1.86,640
69.6,28.1,78.4,2014.5,181.5,63.4,126.3,5.7,Rice,5.08,354
53.3,33.0,50.2,822.7,49.0,30.4,28.2,4.54,Bajra,1.41,511
55.8,32.8,63.3,916.2,127.0,53.1,95.7,5.22,Cotton,2.79,417
67.7,24.8,68.9,1158.9,127.8,29.6,67.2,3.31,Maize,4.86,533
53.3,22.3,71.4,387.5,107.9,74.2,50.6,2.95,Wheat,4.0,567
88.0,33.0,77.7,2500.0,250.0,79.4,225.5,3.79,Sugarcane,7.01,107
62.5,30.5,43.3,945.2,41.5,58.2,64.1,4.07,Groundnut,2.04,694
56.5,20.9,62.7,401.5,134.6,45.5,42.2,5.61,Wheat,4.51,575
53.7,26.8,49.5,120.9,116.3,45.9,64.0,1.09,Maize,4.4,873
50.1,20.3,50.3,368.0,124.3,65.3,38.1,2.68,Wheat,4.02,547
64.1,31.4,83.9,1198.1,53.0,55.2,48.9,3.38,Soybean,1.55,452
55.9,16.2,57.4,433.7,133.5,51.0,39.5,2.87,Wheat,5.01,680
47.3,23.4,58.4,438.1,134.9,38.4,46.2,4.09,Wheat,3.67,459
55.7,21.3,50.1,787.4,131.4,29.5,34.2,3.33,Wheat,3.66,783
61.6,27.6,78.7,1213.7,38.2,77.0,63.6,1.82,Soybean,2.39,490
73.2,31.4,73.8,716.3,163.5,43.4,61.5,5.27,Rice,3.68,258
31.9,26.4,47.0,173.2,62.2,28.7,36.3,3.81,Bajra,1.56,1012
64.0,23.0,76.6,827.2,35.4,54.3,57.2,6.07,Soybean,1.87,248
79.0,26.2,69.7,1561.8,124.0,47.9,72.0,1.82,Rice,5.66,244
51.6,15.2,53.5,462.2,117.0,42.5,51.1,3.04,Wheat,4.1,594
80.0,20.2,80.9,1437.8,146.8,49.3,51.0,4.19,Rice,4.61,430
70.9,19.2,65.8,320.3,68.3,53.9,30.2,6.54,Wheat,3.36,652
27.9,29.2,43.1,170.5,91.7,31.3,43.0,7.28,Bajra,1.65,731
48.2,27.2,59.9,1021.4,33.9,59.3,50.9,4.44,Groundnut,1.66,725
45.9,21.7,54.0,18.1,27.3,51.3,44.5,4.92,Chickpea,1.51,749
88.1,28.6,71.5,1316.7,246.3,92.6,186.4,3.35,Sugarcane,10.67,603
82.1,29.4,78.9,1212.7,178.0,40.8,95.2,3.67,Rice,6.0,772
40.3,29.5,54.2,541.3,58.0,32.1,38.5,3.99,Bajra,2.06,655
67.3,12.3,56.2,519.6,100.6,65.4,47.7,2.53,Wheat,3.5,233
46.3,26.0,55.0,855.2,112.2,49.4,77.7,0.5,Cotton,2.48,515
86.6,34.5,87.9,2273.8,161.6,45.5,105.4,5.09,Rice,3.99,37
58.7,28.5,46.9,817.6,131.2,37.6,69.7,2.54,Maize,5.38,661
50.1,31.2,59.7,470.3,27.0,77.0,84.6,3.48,Groundnut,2.12,609
67.7,29.2,74.4,193.8,191.7,59.6,52.4,7.44,Wheat,2.8,333
59.1,20.8,61.5,152.4,131.1,42.1,46.9,3.54,Wheat,3.48,448
43.6,27.5,60.1,416.8,63.0,34.2,32.6,5.3,Jowar,1.94,558
59.7,27.8,58.6,948.6,139.1,53.2,30.9,5.07,Maize,5.61,513
37.4,33.7,61.2,546.7,70.8,29.0,45.8,4.06,Bajra,2.11,185
71.7,30.5,71.7,2200.8,225.4,90.8,185.1,4.34,Sugarcane,8.44,439
36.5,21.1,55.2,551.3,31.3,52.9,33.1,4.44,Chickpea,2.04,623
46.5,24.3,51.0,463.8,168.2,50.4,46.9,2.05,Wheat,3.69,658
52.0,31.0,76.3,798.0,132.6,52.4,44.4,4.47,Maize,4.91,468
45.4,28.2,68.8,575.5,99.0,46.1,73.8,4.0,Cotton,2.69,357
50.1,21.6,64.8,1118.9,29.9,37.5,54.0,3.62,Groundnut,1.34,464
63.1,28.4,78.6,952.1,40.4,62.3,40.3,3.53,Soybean,2.52,543
83.1,28.4,82.6,1326.8,183.4,45.1,107.5,2.72,Rice,6.63,477
50.2,15.2,75.1,435.7,139.6,39.2,63.8,5.7,Maize,3.12,548
51.6,25.7,70.1,435.8,114.4,59.2,53.0,2.26,Wheat,4.12,476
48.8,16.5,55.2,341.4,27.9,47.1,43.7,3.13,Chickpea,1.87,520
83.3,24.4,85.9,1604.0,170.1,37.2,91.4,6.08,Rice,5.4,464
42.8,28.7,64.7,702.9,57.0,23.5,37.7,4.59,Jowar,1.89,604
50.0,27.2,49.4,809.7,101.6,37.3,43.0,2.14,Cotton,2.65,566
50.4,21.9,55.8,682.6,145.5,56.8,48.5,3.83,Wheat,4.4,272
53.4,16.1,61.4,223.3,142.4,56.3,41.3,3.06,Wheat,4.17,481
56.7,29.3,68.1,619.3,29.7,49.7,54.2,4.97,Soybean,2.56,220
76.4,28.9,77.4,1456.6,217.9,70.8,158.6,2.14,Sugarcane,10.37,525
30.0,36.5,52.5,506.2,81.6,25.4,27.8,5.64,Bajra,1.88,672
62.2,31.2,64.8,929.7,153.2,51.0,57.0,1.62,Maize,5.18,384
49.8,31.4,50.8,404.9,114.5,37.7,41.8,4.72,Cotton,3.22,626
51.7,32.8,63.2,503.0,48.0,64.2,33.9,6.57,Soybean,1.73,954
69.3,27.4,92.4,1454.3,152.0,49.3,89.4,1.26,Rice,5.53,426
30.8,19.8,43.6,514.6,33.2,48.1,27.8,2.56,Chickpea,1.66,502
56.7,22.6,69.4,739.1,142.9,65.8,45.4,5.41,Wheat,4.17,465
35.2,28.2,45.3,270.2,65.5,24.5,54.1,5.11,Jowar,2.0,534
59.8,21.4,71.5,675.1,128.6,35.1,49.1,3.71,Wheat,5.03,216
47.9,29.6,68.0,907.3,37.7,60.2,67.8,2.49,Groundnut,2.11,500
52.6,27.5,65.7,384.6,27.8,50.1,56.0,1.47,Groundnut,1.81,924
71.7,21.5,72.0,1103.4,162.8,45.8,84.7,3.44,Rice,4.8,655
79.9,27.2,75.0,1818.5,204.6,65.0,101.3,2.57,Rice,6.12,320
36.5,28.3,54.7,816.0,42.3,69.1,93.9,7.02,Groundnut,2.22,532
49.5,34.5,64.1,735.0,124.6,57.9,52.3,2.82,Maize,4.33,557
79.1,24.6,80.7,783.5,164.3,53.2,91.5,2.21,Rice,3.97,549
82.0,26.5,82.3,1484.1,150.8,58.5,69.2,2.61,Rice,5.4,80
55.7,14.2,65.5,586.0,149.7,39.6,51.8,4.38,Wheat,4.33,251
78.7,24.3,72.3,743.0,167.9,44.1,66.3,1.86,Maize,4.32,747
73.2,31.3,77.9,1253.7,201.2,58.2,77.2,1.15,Rice,5.75,400
77.7,28.6,71.0,1675.5,235.4,115.4,144.9,3.18,Sugarcane,9.61,602
37.8,33.8,15.0,548.2,64.2,42.0,37.9,2.3,Bajra,1.9,895
59.2,29.9,58.2,416.8,36.7,67.7,79.4,1.75,Groundnut,1.85,837
40.6,20.7,41.6,496.9,29.1,36.2,35.7,4.58,Chickpea,1.59,627
47.0,16.0,64.3,731.7,129.8,50.0,41.3,3.6,Wheat,4.74,601
79.7,34.1,67.9,2126.3,133.1,99.7,193.2,2.43,Sugarcane,7.76,564
33.4,29.2,46.8,296.4,50.9,26.5,20.0,4.34,Bajra,1.82,863
76.6,27.4,71.9,1318.5,150.7,62.5,94.4,2.58,Rice,6.11,323
48.8,32.6,59.3,590.1,90.8,33.1,87.4,7.93,Cotton,2.49,719
78.7,36.7,88.0,1759.8,163.7,39.1,56.7,2.56,Rice,4.09,138
73.1,26.2,65.0,1094.2,134.2,43.3,64.2,4.31,Maize,4.24,256
57.6,28.1,52.1,957.9,138.1,43.7,65.4,4.82,Maize,4.26,671
53.9,18.4,44.1,557.3,152.5,55.0,52.3,3.42,Wheat,5.17,911
57.6,29.1,61.5,851.6,48.3,77.0,51.8,2.78,Soybean,2.32,662
49.6,16.2,68.9,537.5,132.3,37.1,39.4,4.49,Wheat,4.89,322
42.1,27.9,58.0,324.6,44.9,52.9,76.4,3.3,Groundnut,2.02,758
35.2,17.3,51.3,459.8,140.5,51.6,50.3,3.69,Wheat,4.02,762
52.7,13.3,57.5,384.9,23.4,39.9,22.9,3.86,Chickpea,1.23,551
80.0,25.0,83.5,1894.8,198.0,43.1,117.4,4.22,Rice,4.64,0
43.0,22.6,70.2,1074.4,38.5,86.4,56.8,4.76,Soybean,1.89,592
56.0,19.1,52.6,494.2,160.2,44.6,41.7,6.15,Wheat,4.75,780
41.2,28.4,64.8,408.4,45.8,60.9,76.9,0.91,Groundnut,1.84,639
34.8,28.1,53.7,538.5,43.1,31.7,47.2,1.51,Bajra,2.14,365
66.0,26.3,81.1,1524.0,228.8,41.2,99.8,5.77,Rice,5.62,76
76.9,24.8,78.2,1561.2,133.2,52.1,74.7,4.07,Rice,5.8,476
48.2,31.3,54.3,841.9,132.2,39.6,58.9,4.17,Cotton,2.29,712
71.6,30.8,78.0,1248.7,202.9,44.4,70.2,2.6,Rice,6.68,433
34.4,37.4,44.4,445.9,48.7,36.1,48.0,2.1,Jowar,1.91,669
68.9,24.7,67.6,805.7,46.3,59.0,64.1,4.73,Soybean,1.97,551
34.8,29.6,67.4,1056.6,33.5,48.8,54.1,2.62,Groundnut,1.61,376
57.7,26.5,64.9,267.1,111.2,47.1,57.8,2.67,Wheat,3.6,531
69.7,24.7,81.6,1290.8,128.4,30.2,58.3,0.91,Maize,5.33,194
54.6,33.7,52.7,122.3,32.3,64.8,59.5,3.31,Groundnut,1.25,726
59.7,19.1,68.8,1160.0,141.2,45.2,47.4,2.04,Maize,4.38,372
59.6,22.7,69.1,888.9,42.8,58.0,54.6,1.47,Soybean,1.97,614
40.9,29.9,53.0,487.4,36.3,75.3,72.0,2.62,Groundnut,2.4,753
92.0,29.0,75.2,1711.4,190.7,61.4,116.8,3.62,Rice,5.07,199
56.6,16.8,75.1,516.3,159.7,46.5,51.9,2.74,Wheat,4.52,751
80.4,28.2,68.8,1849.7,210.9,103.1,234.1,2.78,Sugarcane,10.83,180
82.3,25.6,78.0,1472.3,81.2,67.0,78.7,3.63,Rice,5.31,401
67.3,25.5,73.0,687.3,166.3,43.3,34.8,4.87,Maize,4.72,630
85.5,28.7,83.0,1961.0,205.1,63.4,99.7,1.05,Rice,5.02,447
65.3,33.9,95.7,945.2,119.6,42.1,70.2,2.71,Maize,4.32,0
76.9,22.2,75.2,2217.1,157.0,59.2,85.5,4.76,Rice,3.45,425
73.4,27.6,75.6,1105.3,243.7,99.5,164.2,0.5,Sugarcane,9.3,580
34.0,33.5,41.1,263.7,71.1,28.4,54.8,3.44,Jowar,1.69,970
53.1,20.8,59.7,620.9,150.8,41.6,63.8,3.19,Wheat,4.62,232
33.6,28.3,48.5,363.3,62.4,26.0,43.1,5.98,Bajra,1.86,584
81.9,25.9,86.6,1593.5,182.1,64.1,94.5,2.94,Rice,5.78,248
55.1,31.7,67.0,630.7,33.7,54.5,62.0,1.42,Groundnut,1.88,448
70.3,30.7,90.3,1687.4,153.9,42.6,81.0,2.62,Rice,5.64,441
48.4,17.9,69.1,758.2,135.5,60.4,43.6,2.0,Wheat,3.91,379
50.5,23.2,81.2,958.0,128.7,38.6,46.0,4.09,Maize,4.42,558
67.0,25.9,67.7,805.8,23.3,63.6,56.0,3.84,Soybean,2.38,576
70.2,22.7,84.7,1641.8,171.3,57.4,86.1,2.38,Rice,5.26,45
66.7,18.8,53.8,776.4,137.9,43.8,25.8,2.38,Wheat,3.74,447
54.6,29.7,64.0,1098.7,40.3,66.5,51.1,1.79,Soybean,2.41,408
34.6,24.9,41.7,244.0,63.1,23.5,50.4,2.66,Bajra,1.59,761
63.1,30.1,68.0,864.5,46.0,60.7,52.5,3.22,Soybean,2.85,633
48.3,18.8,61.0,630.8,117.6,45.9,33.7,2.01,Wheat,4.37,536
89.8,30.6,68.7,2159.3,250.0,108.7,199.0,1.6,Sugarcane,10.01,459
57.3,27.3,68.4,1108.5,39.3,51.6,75.3,2.17,Groundnut,1.86,202
53.6,30.8,64.0,1005.4,49.3,49.8,62.3,3.6,Soybean,2.44,20
42.7,18.9,57.4,658.2,90.6,37.4,53.4,5.38,Wheat,4.58,536
89.7,31.6,86.3,2009.0,182.5,61.9,92.6,2.58,Rice,5.15,298
44.1,27.9,70.7,495.1,30.5,59.0,73.4,2.06,Groundnut,2.26,449
79.3,27.8,93.5,1979.5,155.9,48.3,132.3,3.4,Rice,6.67,36
92.0,28.0,89.0,2178.7,123.5,47.1,88.7,2.74,Rice,4.64,264
43.6,31.8,59.1,608.8,40.6,34.4,45.8,2.71,Groundnut,1.91,881
62.0,23.6,60.3,938.9,126.5,50.5,46.6,6.0,Maize,6.01,514
80.8,24.6,91.9,2273.7,191.8,52.1,111.6,3.62,Rice,4.07,65
57.8,18.8,69.5,399.9,136.3,43.3,35.0,2.36,Wheat,4.48,396
69.2,28.7,76.9,1108.2,46.6,56.9,83.7,4.0,Soybean,2.31,686
40.7,29.0,46.5,720.7,102.1,48.7,62.4,3.85,Cotton,2.98,655
88.1,27.4,78.2,2129.6,159.1,95.0,141.6,2.47,Sugarcane,9.72,356
54.4,27.3,68.1,426.6,30.6,76.9,68.4,3.72,Groundnut,2.05,724
36.4,30.3,60.8,233.7,64.2,31.9,54.1,4.21,Jowar,2.33,782
62.9,22.9,72.2,580.7,152.1,48.7,51.3,4.14,Wheat,4.46,340
32.8,31.9,54.2,236.2,72.8,40.1,49.8,4.92,Jowar,1.57,811
59.1,27.1,67.0,977.3,146.6,43.3,42.3,4.89,Maize,5.53,604
68.3,15.3,64.2,828.7,84.6,64.5,45.5,3.28,Wheat,2.54,590
75.9,29.1,77.2,2026.2,250.0,89.7,237.7,2.74,Sugarcane,11.34,434
41.2,28.2,59.3,790.7,72.9,30.4,43.5,0.5,Bajra,1.76,470
47.9,20.8,53.4,899.0,166.6,51.4,42.2,2.22,Wheat,4.33,577
80.4,30.5,75.9,1645.8,121.3,46.2,126.5,2.77,Rice,5.72,245
75.9,33.0,87.8,1196.1,150.1,52.2,94.7,1.46,Rice,4.03,414
71.9,29.3,77.9,1053.3,136.5,61.2,104.8,0.56,Rice,4.98,279
72.2,26.3,81.4,2252.0,236.8,73.5,82.5,1.4,Rice,4.32,293
59.3,18.5,70.4,715.8,122.3,35.9,48.7,3.04,Wheat,5.0,310
51.7,29.2,40.3,28.7,54.4,41.1,45.9,1.29,Jowar,1.48,756
54.0,26.6,68.7,1306.8,43.5,76.4,55.9,4.91,Soybean,2.06,362
56.9,21.3,58.1,1077.8,102.6,60.3,50.2,6.7,Maize,4.71,512
51.6,19.5,71.3,754.8,115.6,59.3,53.2,3.84,Wheat,5.13,488
75.8,25.2,85.1,1783.9,133.7,64.2,68.0,4.94,Rice,6.15,225
34.1,24.3,67.4,814.5,85.9,28.1,30.9,3.51,Jowar,1.72,456
92.0,27.2,92.2,1978.1,135.6,43.6,78.3,1.28,Rice,4.34,0
50.7,21.0,47.1,357.5,30.3,35.5,36.3,3.69,Chickpea,1.7,870
82.3,32.6,89.3,1416.3,153.2,68.1,68.9,1.62,Rice,4.1,168
53.5,23.3,74.9,1052.3,148.7,44.5,75.8,1.98,Maize,4.58,365
88.6,30.2,84.0,1472.1,245.7,72.6,156.3,2.75,Sugarcane,8.86,164
55.8,18.0,48.5,172.7,143.8,42.7,72.7,0.5,Wheat,3.83,864
52.9,28.2,64.0,1036.9,51.5,59.0,33.9,3.05,Soybean,2.38,349
21.5,35.6,47.2,409.1,82.0,32.3,50.4,1.42,Bajra,1.76,770
59.5,16.3,50.8,452.0,135.3,45.6,53.8,2.43,Wheat,4.11,845
83.3,32.8,70.8,1244.2,201.4,65.5,84.2,2.52,Rice,5.24,665
76.6,28.0,84.3,1624.0,183.3,58.8,104.3,1.99,Rice,6.72,459
45.7,13.8,64.5,249.5,34.7,50.7,39.5,3.64,Chickpea,1.63,681
81.7,28.6,83.9,1234.7,162.7,65.5,72.1,0.95,Rice,6.42,132
36.3,28.8,46.3,165.3,65.0,37.6,41.2,3.93,Bajra,1.69,925
50.4,29.4,60.9,822.1,24.7,54.2,72.8,3.91,Groundnut,1.89,725
46.4,28.9,64.7,487.1,25.2,55.5,71.6,3.4,Groundnut,2.51,683
53.8,19.1,64.2,303.1,107.1,62.2,38.5,0.61,Wheat,4.43,705
56.4,26.5,50.8,513.6,91.6,42.2,51.4,3.8,Maize,5.62,667
65.4,24.0,63.2,780.6,127.0,43.3,49.4,4.57,Maize,5.49,448
56.7,29.4,60.9,1300.1,35.0,73.8,48.1,2.37,Soybean,1.76,647
52.3,30.2,62.9,908.4,104.1,44.4,85.7,2.29,Cotton,3.03,712
69.5,19.4,59.1,721.7,133.9,72.2,47.9,4.03,Wheat,4.35,407
64.5,29.2,71.9,1131.6,56.5,43.0,38.2,5.6,Soybean,2.29,558
75.9,24.4,80.1,1789.2,125.7,49.8,67.4,0.5,Rice,5.86,323
41.0,18.0,57.2,478.0,27.1,38.4,38.7,2.65,Chickpea,1.45,750
38.7,36.6,49.7,184.1,58.5,16.4,46.7,5.42,Bajra,1.52,744
76.5,25.7,70.1,1007.3,122.3,52.7,92.8,2.87,Rice,5.22,618
45.7,33.8,56.1,496.1,71.3,46.7,64.8,3.89,Cotton,2.48,778
31.8,36.1,36.1,124.5,62.1,31.5,41.9,0.87,Bajra,1.7,929
51.2,22.4,69.5,775.9,111.9,62.8,34.0,2.63,Wheat,4.75,268
45.7,21.0,57.0,350.6,38.2,41.8,39.4,4.74,Chickpea,1.9,758
68.4,26.3,75.8,799.1,183.2,62.4,104.5,4.08,Rice,4.76,437
48.1,30.9,80.3,1134.6,45.3,59.5,61.8,3.57,Soybean,1.94,182
34.7,16.7,69.3,342.8,26.4,48.5,32.5,0.5,Chickpea,1.83,647
72.0,29.8,82.9,1472.8,228.4,88.5,146.8,3.27,Sugarcane,10.65,90
63.1,21.2,67.7,531.6,122.2,33.9,36.0,4.46,Wheat,3.79,665
49.5,30.0,53.1,709.2,118.8,49.3,51.1,5.39,Cotton,3.2,878
49.4,18.4,62.3,597.6,141.5,64.9,52.6,4.12,Wheat,5.06,483
63.1,19.9,60.6,970.2,120.1,42.0,38.4,3.28,Wheat,3.6,668
67.1,24.3,70.9,1118.0,145.6,49.2,51.4,3.7,Maize,5.01,497
86.2,29.1,78.4,1226.0,166.7,60.4,97.4,3.37,Rice,5.41,460
57.6,22.9,54.6,438.5,112.8,45.7,50.9,4.6,Wheat,4.17,431
63.6,28.1,61.3,866.5,43.0,60.3,55.2,1.79,Soybean,2.19,628
50.5,33.0,57.6,412.6,52.2,43.6,35.9,2.37,Jowar,1.97,641
28.6,29.1,52.5,322.2,47.9,33.5,40.8,5.44,Jowar,1.99,782
62.5,17.5,76.9,943.7,171.9,52.7,48.1,3.7,Maize,4.39,406
62.8,23.6,58.8,654.3,53.3,24.7,50.7,3.57,Jowar,1.33,750
74.0,25.9,61.7,768.2,51.9,80.4,63.6,2.7,Soybean,2.15,587
45.0,29.8,67.6,770.2,40.9,61.0,71.8,3.06,Soybean,2.14,603
56.0,28.8,76.6,831.3,30.4,39.8,68.8,3.52,Groundnut,2.21,631
74.5,24.4,81.4,1116.8,183.1,61.1,78.9,0.65,Rice,5.75,380
35.3,31.8,43.9,394.1,75.3,38.4,36.4,4.9,Jowar,2.14,873
50.9,30.4,59.3,820.5,30.9,60.9,62.5,5.62,Groundnut,2.09,592
57.3,27.2,66.2,775.7,46.7,40.5,43.6,2.75,Groundnut,2.13,589
37.8,23.5,37.2,172.9,52.0,25.8,25.5,3.48,Jowar,1.88,703
58.5,30.2,81.7,1108.0,53.7,49.3,66.1,5.4,Soybean,2.05,470
35.6,31.3,43.6,480.1,84.9,33.7,37.4,2.47,Bajra,1.87,901
64.5,20.2,70.6,577.8,132.5,55.5,48.3,2.37,Wheat,5.23,487
85.6,28.9,74.9,2136.0,131.5,48.4,136.7,0.98,Rice,5.12,407
92.0,26.4,85.1,1616.6,157.4,62.0,66.2,4.51,Rice,5.89,340
69.1,25.5,54.2,730.9,45.0,45.0,95.2,2.35,Groundnut,1.88,439
56.5,14.8,62.4,766.9,144.9,39.0,37.6,5.79,Wheat,3.96,594
73.2,29.5,85.5,919.8,153.6,63.5,95.3,2.02,Rice,6.18,549
65.7,10.1,52.3,583.7,130.2,56.7,28.8,1.96,Wheat,3.0,566
46.6,22.3,58.4,766.4,82.5,27.6,75.5,5.27,Cotton,2.37,299
60.4,21.5,61.6,432.0,103.1,63.2,42.6,1.94,Wheat,4.55,620
52.8,22.7,47.2,614.0,162.3,54.3,43.8,2.93,Wheat,4.68,576
69.1,26.5,79.5,1838.5,166.8,43.1,89.4,5.08,Rice,5.35,578
86.7,24.4,84.6,1680.0,116.4,69.0,67.8,4.41,Rice,4.62,266
63.8,28.6,80.1,600.9,143.5,58.5,56.5,0.5,Rice,3.99,424
61.5,29.0,71.2,1809.1,126.7,61.6,114.4,2.28,Rice,4.81,250
38.3,14.2,66.9,525.2,27.1,48.1,27.2,5.93,Chickpea,1.72,575
59.8,23.3,65.9,519.3,123.5,41.3,62.9,2.48,Wheat,4.72,459
42.2,29.9,58.7,460.0,111.2,45.3,76.8,2.33,Cotton,2.73,470
65.0,29.7,85.2,1663.1,129.5,64.0,86.0,1.2,Rice,5.3,261
61.9,20.4,63.6,522.5,91.3,59.9,43.2,2.41,Maize,3.46,439
55.3,30.4,56.8,570.7,54.7,63.5,51.2,3.43,Soybean,2.04,810
49.4,12.2,66.4,1040.1,132.2,43.0,42.6,3.11,Wheat,2.94,297
54.9,21.8,51.8,763.9,135.8,39.3,59.5,0.5,Maize,5.34,612
68.8,21.1,59.6,809.6,169.6,40.9,55.8,1.0,Maize,4.54,453
56.3,28.7,77.6,848.9,41.9,81.9,57.6,4.6,Soybean,2.06,203
25.5,34.3,59.0,911.8,109.7,48.8,75.4,4.37,Cotton,2.39,802
60.3,16.5,56.7,149.5,29.7,52.6,32.6,2.38,Chickpea,1.37,340
26.5,28.8,53.8,257.4,78.8,41.3,28.8,4.83,Jowar,2.43,890
55.6,21.6,54.6,778.0,67.3,37.9,39.5,3.5,Wheat,4.18,385
28.9,25.1,45.7,271.3,63.7,32.0,54.4,3.74,Jowar,1.94,737
37.4,29.3,68.0,1192.3,113.3,25.9,71.0,3.75,Cotton,1.97,788
60.0,21.1,59.8,404.5,142.0,56.1,69.7,2.42,Maize,5.02,283
40.0,16.7,51.1,597.9,29.0,61.7,41.3,3.53,Chickpea,1.52,439
67.1,28.8,84.2,1813.0,200.3,50.3,115.3,3.28,Rice,5.04,461
73.1,23.2,74.9,797.6,46.0,54.8,69.0,3.61,Soybean,1.84,466
60.3,25.8,71.2,425.2,27.7,62.3,64.0,1.69,Soybean,2.28,433
63.6,21.7,82.5,780.5,176.7,48.8,36.3,3.78,Maize,6.25,380
40.0,24.8,45.0,496.1,99.8,19.5,70.2,0.5,Cotton,2.13,556
40.6,21.5,44.9,599.3,27.4,41.9,32.4,4.75,Chickpea,1.51,711
71.7,31.0,82.1,1766.9,157.4,51.4,76.4,2.52,Rice,5.28,506
79.4,30.5,77.4,2219.8,101.7,50.8,75.5,1.98,Rice,5.04,205
84.0,29.2,76.1,802.3,140.9,31.2,57.0,4.71,Maize,4.57,451
58.2,20.5,58.3,748.6,116.9,49.1,51.3,3.62,Maize,4.91,758
48.1,27.8,69.0,1180.6,44.9,65.5,52.5,3.23,Groundnut,1.69,739
51.0,31.3,49.7,999.1,96.5,35.2,68.1,1.18,Cotton,2.46,521
68.9,28.4,87.0,1630.7,157.1,71.0,88.9,5.84,Rice,5.51,309
70.7,33.9,82.5,1685.9,198.4,51.8,67.5,1.46,Rice,5.26,199
57.5,28.0,64.8,527.5,68.7,40.4,61.8,1.8,Soybean,2.16,455
51.9,25.3,79.0,1190.5,75.2,45.9,65.8,5.59,Cotton,1.68,301
68.3,18.5,66.4,803.1,119.4,60.0,37.2,3.13,Wheat,3.79,409
59.6,25.7,67.2,592.6,139.3,52.2,68.9,3.01,Wheat,4.62,263
62.1,19.9,67.3,471.8,115.6,41.0,52.6,2.05,Wheat,4.94,238
39.4,32.0,64.2,940.1,128.9,43.2,88.0,0.81,Cotton,2.79,394
65.6,27.0,64.9,572.9,112.3,45.8,57.1,6.07,Maize,4.75,566
56.8,15.1,53.1,499.7,136.8,50.9,49.8,5.26,Wheat,4.22,830
76.4,31.7,71.7,1911.1,216.9,65.8,210.4,3.5,Sugarcane,10.33,251
49.1,18.7,51.2,648.7,134.4,80.3,38.8,3.0,Wheat,4.56,616
35.7,29.8,29.5,301.6,57.8,32.2,38.9,0.95,Bajra,2.18,916
45.3,21.0,51.7,582.4,132.8,40.8,42.7,5.52,Wheat,4.65,758
35.7,30.7,44.0,195.1,61.3,30.4,36.5,4.83,Bajra,1.77,724
38.9,17.6,48.9,180.0,33.7,47.2,25.8,3.32,Chickpea,1.72,703
42.2,26.9,55.0,574.8,63.5,38.1,50.8,2.55,Jowar,2.38,907
61.1,28.3,86.2,1351.1,40.9,56.9,51.7,3.9,Soybean,2.18,245
64.8,19.1,49.1,822.3,160.5,56.0,25.1,4.17,Wheat,3.7,562
66.7,27.1,84.2,941.6,186.5,42.6,90.6,2.87,Rice,4.72,107
81.9,26.1,80.4,1895.7,200.1,60.9,107.2,1.6,Rice,4.49,342
44.3,28.8,45.4,570.7,77.6,34.5,37.8,4.65,Jowar,1.84,652
48.8,24.8,62.0,727.9,104.3,44.1,81.4,2.8,Cotton,2.42,839
58.4,15.2,61.8,443.3,68.5,51.8,56.1,0.77,Wheat,4.08,536
76.7,34.4,67.6,1149.5,231.3,58.4,122.8,3.52,Rice,4.89,575
43.0,27.8,49.3,502.8,59.7,34.2,46.5,4.34,Bajra,1.91,814
39.5,31.9,48.4,1025.6,138.5,38.8,88.6,2.34,Cotton,2.56,867
75.0,28.4,82.8,1704.2,183.4,28.4,104.0,2.06,Rice,5.54,82
33.7,27.2,57.5,867.2,65.9,34.6,28.7,0.5,Bajra,1.7,804
56.1,15.2,57.6,689.4,131.3,45.6,49.5,4.14,Wheat,3.74,590
45.1,29.5,51.9,597.2,96.7,34.1,69.6,2.15,Cotton,3.16,627
46.3,21.0,48.8,649.4,140.6,64.1,48.9,3.86,Wheat,3.6,612
66.3,31.3,64.8,1401.0,222.1,85.8,136.5,2.26,Sugarcane,10.2,382
44.6,19.8,53.6,484.5,36.4,43.6,35.4,1.04,Chickpea,1.9,591
61.8,23.4,61.6,1560.9,36.5,55.7,50.6,4.96,Soybean,1.75,93
82.8,26.6,75.8,2029.6,210.9,47.7,101.4,3.6,Rice,4.96,369
52.6,32.2,71.7,665.4,116.0,48.7,78.7,3.15,Maize,4.33,491
67.8,27.0,55.1,361.4,137.7,34.2,49.2,3.77,Maize,5.7,503
62.4,22.6,59.1,436.4,102.2,66.3,42.8,3.78,Wheat,4.3,599
68.0,22.2,76.9,1203.9,54.2,69.3,65.1,2.7,Soybean,2.02,724
36.3,27.4,33.1,794.0,52.3,32.6,43.0,3.04,Jowar,1.8,807
60.8,27.0,67.9,925.9,54.6,73.9,51.5,3.73,Soybean,2.79,419
65.6,23.3,61.8,791.0,138.6,45.1,64.3,0.5,Maize,5.16,802
46.9,30.9,44.3,571.1,110.0,42.6,72.9,4.08,Cotton,2.87,579
63.6,28.3,86.5,779.3,40.4,58.6,58.0,5.03,Soybean,2.25,333
48.7,18.2,66.3,223.2,23.5,60.2,41.5,3.16,Chickpea,1.96,496
75.0,26.9,75.2,752.2,197.2,44.4,101.1,0.5,Rice,4.78,407
69.1,31.6,88.1,858.3,182.6,54.6,88.5,2.59,Rice,5.24,447
74.4,24.0,78.5,1150.4,191.3,61.7,73.5,3.51,Rice,5.06,458
36.4,29.8,58.1,808.9,72.5,41.0,30.9,3.26,Jowar,1.97,459
52.7,19.8,54.8,466.5,146.7,74.4,32.7,4.89,Wheat,4.78,617
52.9,34.9,71.5,834.9,104.9,45.7,62.2,4.53,Cotton,2.43,474
64.4,24.6,70.0,1240.5,146.0,39.7,55.1,3.29,Maize,4.47,360
60.2,23.0,67.3,842.7,138.2,26.0,76.1,4.22,Maize,5.09,487
78.2,30.6,73.6,1273.2,181.4,62.7,95.1,4.28,Rice,6.48,282
77.4,34.4,68.7,1629.6,223.9,64.9,182.1,2.49,Sugarcane,8.83,273
49.1,24.9,53.7,898.6,94.6,46.8,71.3,4.24,Cotton,2.15,598
78.2,29.3,70.7,1497.6,42.5,76.9,45.7,3.61,Soybean,1.36,229
66.4,25.4,49.9,861.7,30.9,48.0,55.7,0.95,Groundnut,1.98,688
56.0,14.3,70.2,973.6,154.4,45.3,70.8,4.12,Wheat,3.34,424
85.6,26.4,73.7,1994.0,201.8,117.9,147.5,2.57,Sugarcane,11.52,169
64.8,12.8,50.3,729.7,33.9,38.5,25.6,4.76,Chickpea,0.72,545
74.0,32.9,78.0,1642.4,182.1,68.9,81.6,0.83,Rice,5.51,246
53.3,17.9,71.4,438.6,107.7,47.4,33.7,6.86,Wheat,4.2,488
90.9,30.0,76.1,1039.5,94.7,78.0,82.1,1.52,Rice,3.91,418
54.4,23.1,61.5,458.1,194.0,28.9,57.3,3.24,Wheat,4.14,555
61.8,28.2,71.8,1080.9,59.6,71.6,51.4,6.72,Soybean,2.35,297
54.0,22.7,73.6,703.2,97.2,22.2,36.4,0.62,Wheat,4.4,677
92.0,34.0,91.0,1586.3,155.1,26.3,92.4,2.41,Rice,3.78,380
53.3,24.5,59.2,731.9,22.7,39.4,60.2,2.52,Groundnut,1.93,587
76.3,26.8,83.9,2500.0,165.3,56.7,57.8,3.78,Rice,4.43,346
36.6,32.3,47.7,320.5,60.6,41.3,38.5,5.31,Bajra,1.95,753
54.6,19.2,50.8,447.4,84.9,38.8,51.0,2.27,Wheat,4.26,629
36.7,30.8,48.0,337.1,57.0,35.5,52.7,3.78,Jowar,2.08,712
64.6,25.1,69.9,1126.0,35.2,51.6,40.7,5.2,Soybean,2.15,838
67.3,26.0,73.7,1058.0,170.4,44.2,67.1,4.84,Rice,4.21,566
55.7,33.2,56.1,802.2,44.9,62.9,48.4,2.65,Soybean,1.91,742
72.2,27.9,79.0,1079.1,129.8,86.6,115.9,3.53,Rice,4.19,315
59.6,27.0,76.6,1775.8,192.4,53.7,76.5,4.02,Rice,5.09,403
43.5,13.4,53.3,578.2,26.8,44.9,39.9,2.09,Chickpea,1.33,974
81.0,31.1,70.4,1850.5,115.3,87.4,151.4,3.61,Sugarcane,9.22,410
40.8,34.7,50.1,158.8,78.8,30.1,48.5,3.03,Cotton,2.22,867
52.6,20.8,52.8,417.2,110.7,45.6,45.2,2.7,Wheat,5.16,846
49.2,34.0,51.8,794.4,92.9,42.1,109.2,0.5,Cotton,2.04,715
52.4,23.2,59.2,909.1,95.7,54.9,53.7,4.14,Wheat,4.07,784
43.8,30.1,65.0,345.1,65.0,29.1,48.9,2.07,Bajra,2.04,608
75.0,29.5,59.6,417.7,146.9,53.0,52.4,4.81,Maize,3.86,681
37.4,28.7,55.6,972.0,73.3,46.5,79.0,1.64,Cotton,2.61,473
40.5,29.5,40.6,648.3,70.0,29.4,32.5,4.79,Jowar,1.92,1023
55.0,19.0,71.4,491.6,142.3,64.1,43.9,2.05,Wheat,4.48,551
65.2,31.5,54.5,972.6,28.9,42.8,49.5,1.98,Soybean,1.99,592
39.5,27.6,51.7,677.3,59.1,24.6,37.6,3.43,Jowar,2.01,842
53.5,34.0,65.8,567.7,40.7,67.3,52.2,4.93,Groundnut,1.85,466
53.9,13.3,61.2,606.1,126.4,34.7,23.6,1.71,Wheat,4.0,569
48.2,17.3,35.7,203.4,92.5,49.1,44.3,1.87,Wheat,3.87,672
56.9,20.4,55.8,622.3,113.0,45.0,22.8,2.05,Wheat,4.84,613
37.0,28.7,57.7,608.6,79.0,27.6,29.6,3.06,Bajra,1.82,538
49.8,30.9,51.3,731.5,102.8,42.7,77.2,3.64,Cotton,2.78,711
48.6,25.2,46.9,513.4,73.9,24.2,29.3,5.14,Jowar,1.69,668
57.3,27.1,72.9,696.9,41.8,56.3,51.7,1.59,Soybean,2.52,377
45.5,24.8,65.8,601.6,56.5,34.9,48.2,2.94,Jowar,1.9,490
56.8,31.5,61.4,927.2,48.8,26.6,44.6,2.83,Bajra,1.56,510
48.4,31.4,45.2,315.4,82.1,35.0,29.0,2.63,Cotton,2.38,643
53.5,28.7,53.0,746.4,100.2,46.9,50.7,3.85,Cotton,2.71,756
38.5,13.9,44.6,425.5,26.9,43.0,45.5,2.13,Chickpea,1.41,813
76.1,26.4,77.7,1057.1,146.6,50.5,80.0,3.68,Rice,6.36,408
47.7,22.1,57.7,460.9,60.3,37.5,38.7,2.34,Jowar,1.67,436
69.8,29.5,55.6,1038.0,152.1,31.4,64.8,5.66,Maize,4.16,636
73.3,30.4,66.5,1163.8,183.8,56.2,91.6,4.48,Rice,5.71,266
59.9,24.4,52.4,541.8,134.9,52.1,61.1,5.71,Wheat,4.12,672
52.5,20.6,59.1,780.0,128.8,42.8,65.8,1.52,Maize,4.45,571
61.8,22.4,71.9,1067.1,30.3,51.6,43.7,3.98,Soybean,2.13,340
48.5,15.5,69.1,312.4,32.1,34.6,39.5,0.5,Chickpea,2.0,421
38.7,29.6,45.8,437.1,62.5,43.6,55.1,3.53,Jowar,1.98,599
59.9,21.2,56.9,752.3,148.0,40.1,53.1,7.5,Maize,4.51,892
52.7,14.3,61.4,413.3,27.9,34.2,20.0,3.2,Chickpea,1.19,553
81.2,33.4,75.7,1649.0,196.7,54.7,143.1,1.74,Sugarcane,9.53,301
54.9,35.6,78.3,749.3,57.3,25.9,37.5,3.36,Bajra,1.15,562
58.1,17.9,50.4,726.9,128.0,47.2,50.7,6.03,Wheat,3.77,699
31.7,27.0,55.8,460.1,77.5,31.0,54.0,3.4,Bajra,1.75,787
56.7,21.9,69.0,1065.4,44.5,51.9,48.9,2.33,Groundnut,1.46,267
73.4,27.1,77.7,1429.0,211.4,57.0,115.1,1.59,Rice,6.32,180
29.4,31.0,45.4,227.3,73.6,29.0,33.0,4.17,Bajra,1.67,1023
35.9,30.6,62.3,356.0,103.3,45.2,62.1,0.65,Cotton,2.58,586
69.8,27.4,60.9,881.6,119.6,37.5,44.0,0.5,Maize,6.08,494
65.8,28.4,83.0,1284.1,151.8,44.8,53.4,2.76,Rice,4.96,347
43.3,29.2,55.2,313.1,65.4,41.8,52.6,1.99,Bajra,1.94,799
49.5,24.0,44.5,0.0,104.3,49.2,38.9,2.36,Wheat,3.41,579
54.5,17.9,69.3,613.4,155.7,78.7,48.0,4.43,Wheat,4.46,548
38.9,37.3,42.3,557.2,59.9,33.9,40.9,5.55,Jowar,1.75,709
42.9,26.8,41.3,577.3,52.2,34.8,38.5,3.59,Jowar,2.09,818
63.5,29.0,61.1,563.6,170.3,44.3,53.5,1.25,Maize,5.31,602
44.0,30.4,49.7,709.9,132.1,34.0,62.9,4.36,Cotton,3.01,564
74.7,24.7,81.6,1331.6,156.2,57.4,111.0,0.5,Rice,5.64,197
81.7,32.2,81.4,1640.6,168.7,73.5,111.3,0.95,Rice,5.63,0
65.0,25.5,64.8,534.0,150.4,32.5,40.9,2.0,Maize,4.87,697
64.5,31.3,73.4,960.1,37.7,76.1,43.2,0.5,Soybean,2.06,210
59.4,16.7,58.6,787.6,130.8,31.1,56.3,5.08,Wheat,4.33,506
47.5,19.2,60.5,335.9,26.8,49.2,39.5,1.12,Chickpea,2.01,857
85.8,25.9,72.0,1714.6,223.8,109.4,212.9,2.8,Sugarcane,11.32,287
66.5,26.3,90.1,1032.1,51.3,74.0,62.6,3.97,Soybean,2.44,394
67.4,32.6,59.3,598.9,129.6,38.8,59.9,0.83,Cotton,2.68,554
49.9,17.5,65.0,846.1,147.5,41.3,35.0,4.06,Wheat,4.29,614
57.6,27.6,52.4,724.0,97.7,46.6,63.5,2.23,Cotton,2.61,626
47.4,35.7,62.6,325.0,65.8,27.0,45.6,1.9,Bajra,1.5,518
59.1,16.0,59.3,335.7,34.2,54.5,39.6,1.98,Chickpea,1.66,819
50.3,14.7,63.6,239.0,146.7,49.7,49.2,5.45,Wheat,3.81,557
51.2,33.7,67.5,1102.0,88.6,30.6,84.5,2.29,Cotton,2.61,258
48.1,27.6,58.4,1064.3,177.0,42.6,34.6,1.89,Maize,4.8,484
62.7,27.9,87.3,2185.2,174.6,64.0,74.6,2.94,Rice,4.91,291
64.1,15.3,70.2,537.8,119.7,33.3,37.2,2.45,Wheat,4.31,342
62.6,26.7,69.5,1104.9,44.9,45.0,72.1,5.65,Soybean,2.12,559
75.4,28.5,68.9,898.4,180.5,55.5,68.8,5.22,Rice,4.43,586
58.7,36.9,69.3,1346.0,138.1,44.9,64.3,2.68,Maize,3.0,730
22.5,31.0,43.6,0.0,48.2,19.5,44.4,3.64,Bajra,1.53,667
41.7,31.1,41.8,736.2,53.8,36.7,39.5,0.5,Jowar,1.63,795
44.6,31.5,65.3,547.8,126.9,45.6,74.1,3.07,Cotton,3.08,296
68.7,29.0,74.5,969.0,38.9,46.0,56.2,5.38,Soybean,2.2,358
58.1,29.5,60.1,784.1,116.7,48.5,46.9,1.07,Maize,4.85,571
52.5,29.8,61.7,1063.3,99.3,46.3,78.8,5.05,Cotton,2.39,568
63.9,21.9,60.5,492.7,99.8,38.2,50.1,4.48,Maize,4.35,581
58.1,27.0,58.1,546.0,52.5,48.6,65.1,6.93,Soybean,2.3,587
45.2,29.2,51.6,673.7,118.3,47.3,56.9,1.85,Cotton,2.76,543
50.5,29.3,51.7,803.4,63.8,38.4,49.6,3.66,Jowar,1.69,551
39.2,13.9,51.5,373.8,91.8,43.8,56.8,0.5,Wheat,3.77,716
26.0,35.4,59.8,313.5,49.8,31.7,34.2,3.39,Bajra,1.53,700
41.2,30.4,64.1,700.0,157.6,39.4,82.5,2.34,Cotton,2.88,630
73.0,24.4,81.4,1414.3,162.4,57.8,72.0,1.91,Rice,6.55,467
65.0,24.2,84.5,1377.0,42.7,49.4,39.1,4.98,Soybean,1.55,479
47.9,25.7,53.3,432.9,145.4,48.7,55.3,1.12,Wheat,3.62,382
67.0,27.8,63.3,1047.8,39.2,52.9,59.5,1.49,Soybean,2.16,419
77.2,32.5,77.2,1723.9,114.1,40.4,102.2,7.16,Rice,5.6,289
82.4,32.0,85.2,2500.0,182.7,74.0,133.4,3.62,Sugarcane,8.95,100
36.3,26.0,50.3,226.2,60.3,35.2,27.2,2.22,Jowar,1.75,851
87.9,25.4,78.6,1870.3,222.0,33.1,112.9,2.32,Rice,4.48,400
85.9,28.9,76.6,1827.6,189.6,81.3,96.6,2.6,Rice,6.28,290
75.1,26.2,76.7,1597.0,138.6,48.3,73.1,7.3,Rice,5.41,348
72.7,34.6,65.6,1919.9,232.7,110.3,211.9,2.2,Sugarcane,8.39,559
63.7,28.8,79.4,733.3,154.7,50.9,98.8,6.38,Rice,4.99,361
30.3,29.9,41.5,219.5,55.7,40.2,42.3,0.59,Bajra,2.1,707
42.3,27.1,54.4,500.5,46.2,60.5,56.5,3.83,Groundnut,1.99,769
68.0,25.6,69.8,776.9,26.3,32.3,57.7,4.42,Soybean,2.37,550
80.5,32.0,86.2,1536.8,215.4,67.3,52.1,2.6,Rice,6.24,486
80.8,28.1,71.6,1849.7,138.9,54.1,79.3,2.2,Rice,6.56,392
52.5,26.0,57.7,555.7,34.2,59.8,40.4,5.85,Soybean,2.14,714
67.5,28.2,72.5,939.5,139.4,48.2,55.7,1.16,Maize,6.45,358
33.2,33.4,36.2,274.1,62.9,25.1,48.7,5.23,Bajra,1.85,640
79.6,28.1,85.8,1820.7,173.7,68.3,98.4,2.51,Rice,6.52,249
58.1,19.2,71.7,373.2,158.3,44.7,39.9,1.72,Wheat,5.41,123
64.4,30.5,45.6,1424.5,124.2,44.0,36.5,2.45,Maize,4.46,648
81.9,30.8,74.8,1346.4,210.0,52.8,77.8,4.33,Rice,5.31,517
58.9,23.7,64.5,696.0,138.2,55.6,38.6,4.09,Wheat,4.56,544
52.6,16.9,52.8,347.5,101.2,47.2,35.9,5.0,Wheat,3.91,631
70.5,25.0,85.4,932.4,31.4,61.0,60.9,2.65,Soybean,2.18,507
50.7,20.8,40.3,583.4,135.7,70.8,48.3,3.82,Wheat,5.6,717
53.3,19.4,48.1,508.6,121.3,66.2,74.0,1.07,Wheat,4.82,824
77.3,29.1,72.6,1557.6,159.1,67.8,93.9,4.51,Rice,5.95,689
63.3,19.5,76.1,810.0,165.5,53.9,60.8,4.45,Wheat,4.49,535
54.1,30.3,47.8,586.4,46.5,69.2,61.0,3.35,Groundnut,2.03,811
57.7,16.0,68.2,555.3,110.7,44.8,30.3,4.48,Wheat,4.85,595
53.8,24.7,54.8,844.7,120.2,69.7,42.8,3.63,Wheat,3.55,626
71.3,33.4,71.3,1264.8,237.3,61.6,86.4,3.25,Rice,5.25,449
82.8,27.2,84.3,1054.5,199.6,56.0,100.9,4.42,Rice,4.79,349
65.7,21.2,65.4,255.1,132.4,38.4,59.6,3.74,Maize,3.51,742
66.8,25.0,68.7,1057.2,41.9,84.4,56.7,3.09,Soybean,2.09,214
66.2,25.1,76.2,1033.1,36.4,43.6,48.1,4.16,Soybean,2.25,360
75.9,27.9,73.8,1660.8,200.9,93.6,182.8,1.43,Sugarcane,10.31,441
37.8,15.6,52.3,265.8,23.3,53.4,42.8,4.24,Chickpea,1.91,552
48.8,31.8,55.2,864.8,130.2,55.7,60.4,5.58,Cotton,2.99,568
33.5,26.1,68.7,199.8,51.3,20.5,56.5,1.88,Jowar,1.64,460
60.9,22.6,71.8,730.4,128.7,41.2,50.9,3.19,Wheat,3.77,536
83.8,23.4,73.5,1408.4,179.0,58.9,79.0,3.98,Rice,5.02,503
68.9,19.1,71.7,327.0,159.9,41.6,43.1,7.01,Wheat,3.89,739
57.2,22.8,65.2,365.3,101.7,64.1,27.6,5.35,Wheat,3.27,643
71.3,22.0,62.2,625.6,132.5,38.2,62.9,6.01,Maize,4.85,453
59.1,32.4,66.0,2282.9,164.6,55.1,93.7,4.86,Rice,3.22,365
30.4,28.9,36.4,270.3,71.3,20.5,55.6,5.44,Bajra,1.71,863
69.3,21.9,69.8,912.1,174.7,43.8,43.2,0.5,Maize,4.5,673
60.2,29.3,63.5,943.8,61.7,70.9,72.4,2.67,Soybean,2.24,191
61.6,21.1,71.2,302.7,77.9,49.0,49.1,3.26,Wheat,4.41,585
41.3,31.0,48.8,657.9,74.7,25.0,35.1,3.85,Jowar,2.36,386
71.9,31.6,84.8,1667.5,205.1,82.9,214.6,4.18,Sugarcane,10.32,377
39.6,31.0,51.0,807.0,121.3,31.7,55.6,3.41,Cotton,2.48,688
74.0,27.2,73.2,1098.0,158.6,66.2,172.8,2.7,Sugarcane,7.58,488
44.8,34.6,48.5,537.6,77.1,21.9,32.3,0.5,Bajra,1.7,804
75.2,28.7,72.7,2005.7,214.7,96.4,139.1,1.37,Sugarcane,11.5,370
54.4,22.9,56.1,380.0,117.2,48.4,45.4,1.61,Wheat,4.7,540
92.0,24.7,80.8,970.6,152.6,69.8,88.7,4.17,Rice,4.19,426
44.5,18.9,60.7,468.3,32.1,51.0,42.9,2.66,Chickpea,2.04,768
55.2,25.0,67.3,260.0,27.8,48.2,47.5,2.14,Chickpea,1.32,549
52.8,24.1,80.7,531.6,41.2,51.2,44.8,2.34,Soybean,1.84,432
86.2,28.8,83.4,2110.1,174.2,69.0,102.8,0.97,Rice,4.9,58
38.1,35.5,56.6,463.2,57.6,31.5,44.7,4.2,Bajra,1.89,794
58.2,20.7,70.4,622.1,52.7,60.0,58.0,2.5,Soybean,1.53,421
85.9,27.6,92.7,1076.6,146.3,36.9,87.9,5.5,Rice,6.31,172
66.5,19.0,79.1,568.4,113.6,50.9,64.0,4.83,Wheat,4.56,369
47.0,15.1,45.5,603.9,30.8,41.6,30.9,0.5,Chickpea,1.28,559
44.7,30.8,78.7,898.0,134.9,37.5,83.7,3.2,Cotton,3.07,360
68.8,27.6,62.2,1037.7,50.2,48.5,48.0,0.5,Soybean,2.26,696
69.0,28.5,84.0,1773.9,128.6,61.1,92.3,1.84,Rice,5.16,383
38.4,23.0,51.8,294.8,34.5,55.5,38.5,6.85,Chickpea,1.52,888
42.4,26.0,59.3,351.9,48.5,37.5,42.8,4.36,Bajra,1.47,836
66.9,27.5,71.7,965.2,51.4,73.8,51.8,3.46,Soybean,2.55,310
80.0,22.6,78.9,1994.5,105.1,63.8,91.1,1.54,Rice,4.67,346
55.3,26.3,50.8,1078.1,47.3,52.7,61.4,4.25,Soybean,2.38,812
56.6,27.7,51.6,651.9,104.4,47.7,84.9,3.12,Cotton,2.85,977
51.3,26.8,60.4,595.1,44.3,67.3,57.2,3.56,Groundnut,2.2,368
38.5,30.0,49.7,561.7,65.1,27.9,23.8,3.84,Bajra,1.89,450
89.0,33.9,81.5,1769.7,170.5,59.3,90.6,4.5,Rice,4.96,350
28.2,27.4,44.7,0.0,82.0,40.2,60.0,2.63,Jowar,1.78,706
70.8,20.2,61.9,628.0,142.6,41.9,53.1,3.74,Wheat,3.72,414
55.4,13.9,41.8,601.6,135.4,49.2,46.1,2.57,Wheat,3.57,768
84.8,27.2,94.9,1251.0,169.4,54.1,70.5,6.86,Rice,5.01,135
66.2,23.9,79.6,766.0,131.9,39.5,64.3,2.39,Maize,5.11,71
58.0,32.4,79.4,1237.5,35.8,80.3,40.8,0.64,Groundnut,1.53,349
35.8,37.8,54.2,171.9,50.7,41.7,47.3,0.5,Bajra,1.24,693
85.0,25.0,77.7,1648.2,160.0,47.6,101.1,2.52,Rice,5.1,412
80.8,32.7,91.8,1348.8,243.7,49.4,66.8,3.77,Rice,5.24,399
56.4,18.4,49.3,482.7,174.3,50.9,41.2,4.23,Wheat,4.31,700
74.9,30.4,57.2,744.2,168.9,33.0,47.9,3.09,Maize,4.81,548
51.5,20.1,67.9,585.5,147.4,50.6,44.9,0.5,Wheat,4.93,421
58.0,21.4,79.1,997.6,140.7,40.8,63.1,6.11,Maize,5.36,138
57.4,15.7,53.0,934.9,139.3,61.6,45.8,5.0,Wheat,4.23,526
89.1,26.6,71.1,1918.3,206.8,106.8,202.0,3.56,Sugarcane,10.48,480
55.1,30.1,65.3,653.6,108.9,33.7,76.3,3.83,Cotton,2.7,627
56.0,20.1,56.5,668.6,27.9,70.0,63.2,1.5,Soybean,1.85,901
49.7,27.3,50.3,554.6,70.8,20.1,33.0,2.7,Jowar,1.88,635
79.0,25.1,82.6,1717.5,165.2,56.4,66.0,4.97,Rice,5.63,15
45.9,21.5,48.2,730.2,48.6,48.4,45.8,5.17,Jowar,1.48,774
55.2,10.6,55.5,806.2,138.7,55.2,36.7,3.68,Wheat,3.06,741
88.2,29.0,82.6,1800.2,131.7,56.3,91.5,4.49,Rice,4.54,98
56.9,26.5,72.2,644.3,25.3,77.0,42.6,3.86,Soybean,1.81,239
41.1,25.6,53.9,549.9,28.2,39.5,34.0,5.76,Chickpea,1.37,654
76.6,27.9,74.4,1858.2,169.9,25.7,75.4,0.5,Rice,5.83,422
42.6,26.1,45.6,435.4,32.1,45.8,41.8,1.4,Chickpea,1.56,538
50.5,20.0,63.3,901.7,92.2,34.3,47.8,5.36,Wheat,2.83,464
67.0,28.3,57.1,995.7,117.8,25.1,46.5,6.27,Maize,4.83,436
52.2,26.9,53.3,1014.8,40.5,66.8,76.0,1.82,Groundnut,1.71,403
30.0,37.0,64.0,439.8,58.7,31.0,36.9,2.39,Bajra,1.63,373
40.2,16.9,50.8,220.7,20.0,43.0,37.9,1.85,Chickpea,1.28,712
87.2,29.3,72.3,1608.4,221.0,88.1,223.7,4.57,Sugarcane,11.29,304
48.5,13.9,60.3,354.5,135.4,50.7,59.9,3.17,Wheat,3.71,508
46.6,38.9,41.9,405.3,59.5,23.9,29.7,4.57,Bajra,1.39,345
66.1,32.4,69.6,1579.4,197.4,47.2,105.9,0.5,Rice,4.38,640
55.6,30.1,52.0,122.0,41.0,50.0,49.7,4.66,Groundnut,1.67,555
76.2,32.1,86.4,1380.6,188.5,61.3,49.4,3.51,Rice,5.44,269
50.6,24.3,44.8,455.3,21.6,45.0,33.1,2.73,Chickpea,1.26,538
80.4,27.9,81.3,2076.7,179.1,106.8,185.0,1.46,Sugarcane,10.71,307
38.7,19.7,64.2,544.9,27.3,36.6,34.7,4.54,Chickpea,1.74,329
47.0,26.3,69.3,425.1,34.8,57.8,60.1,0.51,Groundnut,2.08,542
78.9,28.7,83.6,1837.4,247.8,120.0,198.2,2.18,Sugarcane,8.81,232
45.9,24.5,61.4,1217.7,121.6,45.4,62.2,0.52,Maize,4.24,624
48.0,34.5,66.2,695.6,39.8,55.2,63.7,6.54,Groundnut,2.15,355
42.1,27.3,53.3,238.6,44.0,35.6,49.2,5.99,Jowar,2.01,576
80.3,29.9,89.0,1622.6,146.7,66.1,97.1,5.9,Rice,6.05,214
34.2,34.8,54.0,612.8,68.9,29.0,30.3,7.28,Bajra,1.81,932
27.3,27.3,50.1,380.8,128.3,37.3,77.3,4.16,Cotton,2.27,460
28.4,24.9,82.7,731.3,69.1,33.0,39.7,5.79,Jowar,1.4,429
73.4,27.1,83.8,2175.2,124.3,79.3,126.1,3.07,Rice,5.77,131
74.7,32.8,67.8,2289.2,236.5,109.1,103.3,1.57,Sugarcane,9.89,359
79.4,18.2,71.5,1782.0,209.7,105.8,178.4,3.35,Sugarcane,7.43,440
83.5,28.5,80.1,1759.4,223.3,60.1,70.7,2.58,Rice,5.75,310
46.6,18.9,53.4,485.8,25.2,37.5,30.8,3.96,Chickpea,1.68,680
61.5,31.8,41.3,713.5,42.1,63.4,36.3,3.49,Groundnut,1.77,742
70.9,27.9,72.7,1546.2,188.7,32.8,73.5,4.85,Rice,5.54,275
49.5,19.0,60.4,693.4,106.2,44.8,48.7,3.65,Wheat,4.66,530
48.9,29.7,59.2,925.5,116.9,37.1,102.1,2.4,Cotton,3.18,297
48.7,21.4,57.8,698.6,32.5,57.4,64.3,0.65,Groundnut,1.63,529
74.4,32.7,81.5,1738.7,178.4,38.7,194.7,2.29,Sugarcane,10.72,168
46.6,35.1,57.0,538.0,89.6,42.9,83.6,3.88,Cotton,2.66,570
69.7,24.7,66.1,991.5,145.3,52.5,44.6,4.01,Maize,5.11,589
47.3,29.9,62.4,446.9,59.9,27.2,48.2,2.44,Jowar,2.12,634
87.3,27.3,83.4,2244.0,162.5,63.9,96.6,3.64,Rice,4.75,293
69.1,22.6,71.2,570.1,110.0,53.0,40.9,4.68,Maize,4.39,657
78.1,28.0,81.6,1102.7,194.6,56.9,92.6,0.65,Rice,6.16,0
58.2,18.2,64.0,516.0,152.3,57.9,34.4,6.38,Wheat,5.5,620
56.5,24.8,79.0,839.1,213.3,47.3,39.7,1.48,Maize,5.36,396
44.3,28.7,59.2,632.2,119.9,21.0,85.4,3.65,Cotton,2.64,564
43.9,18.8,52.3,607.9,155.1,43.9,47.5,3.6,Wheat,5.2,441
56.8,24.2,57.4,449.4,136.7,49.3,49.4,1.57,Wheat,4.12,697
33.9,29.8,67.1,1036.2,133.8,30.6,30.3,4.52,Cotton,2.33,636
51.0,19.2,61.3,530.1,96.5,53.6,45.6,1.85,Wheat,4.62,727
83.2,26.9,79.6,2019.2,250.0,57.4,99.0,2.9,Sugarcane,9.67,252
62.7,30.5,84.6,1376.4,167.1,79.9,69.6,3.16,Rice,4.47,393
77.0,27.5,84.6,1825.2,170.3,81.2,185.8,5.14,Sugarcane,11.5,390
88.1,25.4,85.2,1381.6,250.0,97.0,158.0,2.83,Sugarcane,7.92,564
53.9,33.7,63.1,684.0,114.9,43.5,74.1,2.53,Cotton,2.83,723
45.7,26.1,43.9,685.0,31.8,46.8,20.0,2.6,Chickpea,1.07,706
84.9,23.4,81.4,1373.5,168.9,62.7,95.0,3.04,Rice,5.61,334
53.1,27.8,72.8,564.1,41.0,52.7,45.0,5.38,Soybean,1.7,506
40.4,30.8,36.9,487.7,53.3,30.8,42.0,5.27,Jowar,2.75,785
81.7,29.0,72.8,2053.4,161.0,62.0,114.4,3.93,Rice,6.06,230
68.1,25.3,67.7,1040.2,37.2,49.8,36.2,3.84,Soybean,2.46,575
79.0,27.9,80.0,1208.4,116.2,46.3,88.8,2.23,Rice,6.4,246
81.5,25.8,83.8,1762.3,209.6,38.0,83.2,2.87,Rice,5.41,146
48.6,27.6,40.9,533.8,104.4,48.9,78.0,4.09,Cotton,2.59,774
64.2,25.2,75.5,1344.2,122.1,33.0,57.2,5.01,Maize,4.47,280
72.0,22.3,73.5,544.7,177.2,48.5,43.9,1.02,Wheat,4.17,442
60.5,31.2,67.3,1011.5,51.7,59.9,52.8,1.55,Soybean,2.22,160
70.9,17.3,61.1,798.9,136.8,40.5,59.1,1.62,Wheat,3.71,660
54.6,27.9,54.3,1010.5,110.0,32.3,65.0,3.22,Cotton,2.6,568
39.1,22.8,58.5,437.9,29.6,30.7,35.0,0.5,Chickpea,1.78,589
51.6,27.2,58.8,645.5,135.5,57.9,55.8,2.33,Maize,4.81,648
76.7,29.8,86.8,2086.7,222.0,52.6,74.7,0.8,Rice,5.25,249
51.4,21.4,60.8,568.6,149.1,42.9,63.5,4.41,Wheat,4.43,470
57.6,25.9,50.0,574.6,136.1,56.6,46.7,5.19,Wheat,4.7,951
75.1,27.4,82.8,1085.4,189.2,51.0,94.5,0.5,Rice,5.31,276
76.6,32.0,84.2,908.9,136.4,60.2,98.0,4.24,Rice,4.5,497
36.3,28.6,50.5,295.0,70.2,26.1,52.3,3.25,Bajra,1.71,954
58.6,23.0,69.5,911.2,54.9,67.5,47.2,1.31,Soybean,2.2,371
67.6,19.9,78.8,726.7,107.7,32.4,44.1,2.4,Wheat,4.35,428
62.3,31.9,69.1,672.4,37.3,47.9,58.8,1.75,Soybean,2.04,375
73.6,27.2,70.7,1533.6,250.0,76.2,151.1,3.6,Sugarcane,11.09,532
92.0,26.8,82.8,1186.0,146.8,65.9,95.3,1.74,Rice,5.95,282
88.6,27.9,67.8,1971.9,244.5,65.6,128.6,3.72,Sugarcane,8.98,184
43.5,23.0,58.9,326.4,40.6,62.0,57.8,4.06,Groundnut,1.92,813
83.1,28.2,81.5,1210.5,183.5,54.9,65.1,5.53,Rice,5.09,473
40.0,20.8,45.4,455.0,30.7,38.8,31.1,2.71,Chickpea,1.61,568
79.5,23.7,71.8,1270.1,163.0,36.8,49.0,3.74,Maize,4.55,575
77.9,24.6,56.0,837.7,149.4,53.9,45.7,1.33,Maize,4.68,606
56.2,28.5,72.3,598.0,37.0,77.6,43.8,4.78,Soybean,2.04,882
67.1,14.9,80.5,564.9,179.7,48.7,57.4,2.67,Wheat,3.61,675
39.4,20.6,57.6,237.2,20.8,51.5,31.6,3.3,Chickpea,1.69,557
54.4,19.0,53.4,355.0,27.9,59.4,39.9,6.09,Chickpea,1.69,615
81.5,28.0,75.8,1481.3,208.4,64.0,170.6,2.74,Sugarcane,10.57,216
76.4,28.8,72.8,979.4,157.4,63.8,74.9,1.63,Rice,5.72,448
64.4,29.1,71.0,981.8,35.6,87.2,53.6,5.34,Soybean,2.07,449
74.8,30.8,82.7,1199.8,170.8,40.2,95.5,2.87,Rice,5.11,439
51.9,30.4,68.4,601.9,85.6,51.3,59.1,4.98,Cotton,2.78,523
63.2,21.1,41.4,401.0,140.6,59.3,48.2,5.91,Wheat,5.57,514
57.1,24.4,74.9,1132.7,41.3,44.3,55.3,2.96,Soybean,1.77,273
58.9,27.7,75.7,612.7,49.6,67.1,40.0,3.47,Soybean,2.27,661
35.6,22.3,39.6,338.6,53.7,33.6,46.3,2.41,Jowar,1.84,920
68.9,28.1,68.6,592.2,155.0,33.3,60.1,3.07,Maize,4.82,486
55.1,18.4,57.0,429.6,137.2,39.0,46.0,2.8,Maize,4.2,599
56.9,26.9,49.8,753.3,43.1,62.5,40.7,3.81,Soybean,2.1,609
68.0,24.0,82.9,1375.1,250.0,60.7,69.3,3.74,Rice,4.73,313
64.3,32.5,69.2,1157.4,135.0,29.1,91.1,2.21,Cotton,1.72,185
41.9,27.1,63.3,145.7,116.6,35.1,60.9,2.39,Cotton,2.05,739
32.3,26.1,42.6,441.9,75.2,34.6,39.5,4.61,Jowar,2.02,622
44.4,28.1,57.3,498.4,41.0,56.9,76.1,5.76,Groundnut,2.26,631
48.2,36.5,58.9,416.0,99.8,50.4,58.3,1.11,Cotton,2.1,233
83.2,32.0,73.0,2032.7,250.0,95.1,145.6,1.85,Sugarcane,11.02,339
51.5,28.3,57.4,577.6,45.5,79.2,57.0,4.98,Soybean,2.23,796
42.4,27.4,66.6,227.5,24.5,43.1,50.5,1.75,Groundnut,1.75,241
53.1,29.4,62.0,927.2,20.0,37.9,80.8,3.52,Groundnut,2.1,743
32.6,38.7,71.6,510.5,43.8,27.5,45.8,6.01,Bajra,1.47,566
43.4,18.5,52.0,264.0,30.4,49.1,23.6,3.6,Chickpea,1.69,567
68.8,28.4,75.0,1298.1,39.1,55.4,50.7,1.67,Soybean,1.98,138
70.7,22.5,61.3,975.2,120.2,45.9,55.7,2.68,Maize,4.39,690
52.0,23.7,62.7,610.4,57.3,52.7,58.5,3.54,Soybean,1.93,592
38.1,13.0,40.7,351.6,23.9,40.1,22.4,4.92,Chickpea,1.56,829
72.3,28.3,86.3,1701.5,134.7,60.6,82.6,3.22,Rice,5.49,215
47.8,34.8,42.8,413.0,146.3,25.2,49.3,6.46,Cotton,2.37,603
60.6,24.3,74.9,743.8,117.4,43.3,46.4,3.64,Maize,4.77,570
20.5,33.5,45.9,293.8,79.6,45.9,38.8,2.96,Jowar,1.52,572
41.2,30.2,62.4,840.9,65.7,19.0,42.2,1.36,Bajra,1.85,660
61.2,26.4,74.9,1478.3,181.3,43.3,46.2,2.33,Maize,4.09,105
60.0,29.1,69.5,602.3,44.8,38.6,36.1,1.88,Soybean,1.92,364
25.3,25.4,53.8,606.0,60.0,37.2,43.2,4.89,Jowar,1.27,407
81.5,30.0,89.1,1405.3,181.4,52.5,126.7,1.99,Rice,5.73,461
44.8,32.7,36.1,272.3,59.8,22.0,47.5,4.33,Bajra,1.89,517
62.0,16.2,72.0,479.9,117.1,34.1,50.2,0.92,Wheat,4.01,328
72.7,25.5,79.2,1690.8,199.4,55.9,68.1,2.97,Rice,5.16,398
57.2,17.8,63.8,443.6,132.0,42.2,64.0,2.92,Wheat,4.34,600
39.3,31.9,54.7,453.3,89.2,25.6,43.4,1.46,Jowar,1.96,958
46.9,29.9,30.5,270.5,47.9,29.0,27.3,6.2,Bajra,1.96,1023
35.5,33.1,46.1,268.9,74.8,32.5,64.3,0.5,Jowar,2.04,807
38.6,30.5,39.3,532.4,65.3,25.5,29.4,3.51,Bajra,1.99,834
48.1,33.5,61.8,797.3,138.5,44.5,52.6,2.5,Cotton,2.81,266
51.1,22.1,54.6,41.2,118.6,50.2,44.0,5.49,Wheat,4.01,552
43.6,18.1,41.7,531.1,28.1,51.5,32.3,6.95,Chickpea,1.72,667
44.2,21.0,33.0,329.5,32.4,33.4,42.2,6.61,Chickpea,1.94,762
37.5,25.7,50.0,337.8,21.7,49.6,28.9,4.84,Chickpea,1.54,477
77.6,29.0,75.2,1313.7,165.2,69.6,70.1,1.61,Rice,5.83,231
58.1,27.6,58.9,1087.9,63.1,42.3,74.5,1.48,Soybean,2.74,397
59.4,17.5,56.2,685.7,131.6,31.2,36.9,3.17,Wheat,4.43,751
52.6,22.8,59.2,792.0,24.2,61.2,49.6,2.68,Groundnut,1.79,621
59.9,21.1,60.1,618.5,148.1,62.6,48.0,3.38,Wheat,4.11,523
61.4,27.9,78.9,920.3,42.4,63.8,62.6,2.85,Soybean,2.44,348
55.8,17.5,76.1,759.2,116.3,76.5,48.8,2.9,Wheat,4.06,473
40.1,31.8,55.5,500.9,52.9,34.0,42.0,5.34,Bajra,2.12,519
62.9,27.0,52.5,902.1,158.1,36.0,49.3,4.98,Maize,5.61,556
46.7,18.5,47.7,388.5,154.0,40.5,37.1,3.19,Wheat,4.57,436
56.3,29.2,56.6,896.8,160.8,39.1,60.1,1.86,Maize,5.68,664
61.5,20.1,48.4,966.4,166.6,69.4,35.4,0.59,Wheat,3.92,761
43.4,17.4,67.6,325.2,26.3,51.2,41.0,4.43,Chickpea,1.8,605
44.2,33.8,56.8,379.4,36.9,59.7,98.0,5.53,Groundnut,1.47,698
56.6,21.8,50.4,809.5,176.9,53.4,40.4,3.85,Wheat,4.35,677
59.7,25.2,56.7,932.3,112.8,57.6,63.5,3.78,Maize,5.84,862
77.9,25.9,91.0,1233.4,154.2,72.1,84.4,3.11,Rice,5.87,302
72.3,23.7,77.4,1830.5,167.8,50.3,97.1,5.1,Rice,5.25,100
89.3,24.6,84.2,1259.0,126.7,57.7,84.0,3.95,Rice,4.22,158
67.3,26.2,80.7,1155.1,52.3,22.7,40.3,3.32,Soybean,2.27,454
42.4,30.4,49.6,376.5,69.6,33.7,48.5,4.88,Bajra,1.8,837
54.5,30.3,59.7,675.3,44.6,47.0,60.0,7.74,Soybean,2.47,683
31.2,31.8,39.9,564.5,82.8,34.2,44.6,3.92,Bajra,1.75,849
40.0,26.8,54.8,238.0,66.1,37.2,40.9,4.5,Jowar,1.59,686
82.8,27.8,69.0,1436.2,233.1,56.3,179.9,1.41,Sugarcane,10.68,179
64.2,25.0,72.5,1178.7,126.0,48.0,42.7,2.37,Maize,5.11,300
65.8,28.5,86.9,1130.9,139.8,47.9,78.0,2.21,Rice,5.31,40
85.3,28.0,78.3,2349.0,138.5,59.1,106.0,3.54,Rice,3.18,182
52.0,26.7,58.1,842.6,71.4,31.3,38.3,4.41,Jowar,1.44,357
55.0,29.6,65.9,590.1,31.4,65.6,70.0,2.55,Groundnut,1.95,545
67.0,22.7,82.6,264.7,164.6,49.5,58.5,2.89,Maize,4.14,416
85.5,25.7,83.3,2346.3,159.7,56.6,78.0,1.71,Rice,5.66,0
55.0,22.9,67.3,600.8,123.6,62.4,36.7,3.61,Wheat,5.13,627
62.4,32.5,68.1,1003.4,135.1,42.6,42.4,5.88,Maize,4.02,574
53.9,23.0,62.4,421.2,117.0,34.1,41.4,6.33,Wheat,4.63,372
69.7,20.7,63.9,491.4,152.6,49.7,44.3,3.36,Wheat,4.79,580
61.1,20.3,63.4,583.4,144.0,43.9,46.1,2.29,Wheat,4.81,657
52.8,19.0,51.6,623.2,127.5,47.5,42.0,3.2,Wheat,4.61,592
63.5,24.8,71.9,498.6,108.4,35.7,60.7,1.98,Wheat,3.82,622
77.4,32.7,96.8,1842.5,152.9,60.9,98.3,3.95,Rice,5.06,215
81.3,28.7,78.8,1777.2,162.2,36.1,87.0,2.51,Rice,5.57,452
41.7,20.5,51.1,372.2,30.2,41.3,31.0,5.4,Chickpea,1.74,696
74.7,28.0,81.5,1403.3,240.5,106.5,185.1,1.88,Sugarcane,10.72,290
56.5,30.3,60.3,922.6,98.8,46.6,55.9,2.12,Maize,4.88,607
62.5,19.4,75.4,501.6,81.4,50.7,35.8,0.72,Wheat,4.89,583
72.2,23.8,77.5,1486.9,166.3,49.0,93.8,1.86,Rice,4.94,369
63.7,27.3,69.3,547.2,36.2,31.3,82.3,1.51,Groundnut,1.85,442
63.5,32.1,66.5,1138.7,180.2,63.2,99.3,2.03,Rice,4.69,337
43.9,23.1,38.1,347.0,64.0,33.2,43.7,2.64,Jowar,2.04,701
82.7,35.9,84.6,1481.6,169.7,53.8,81.7,3.65,Rice,4.56,200
59.8,24.9,66.8,1043.7,53.8,70.6,51.0,5.8,Soybean,2.4,495
37.6,24.9,41.6,469.3,54.8,48.2,32.3,3.8,Bajra,1.69,747
38.6,31.6,65.9,453.7,62.6,25.1,27.4,2.95,Bajra,1.93,534
56.3,28.6,69.2,973.9,44.0,70.2,50.3,2.15,Soybean,2.76,454
63.2,31.2,70.2,739.1,109.9,53.4,30.5,0.5,Maize,4.65,502
64.5,25.4,67.3,1157.2,57.6,57.5,60.5,0.83,Soybean,2.28,679
64.6,31.6,71.9,413.3,51.8,61.2,61.5,4.07,Soybean,1.5,684
69.0,22.3,79.2,1477.3,172.5,49.5,82.5,6.17,Rice,4.72,235
59.8,22.3,64.0,357.3,162.5,64.2,37.6,5.02,Wheat,4.02,636
49.3,29.3,76.7,813.9,54.5,38.2,60.5,2.84,Soybean,2.41,368
41.6,30.4,64.4,716.4,129.1,43.6,60.9,2.88,Cotton,2.84,510
67.0,21.3,52.1,807.7,137.8,35.7,39.5,4.73,Maize,4.9,571
43.5,30.8,55.2,1088.8,173.1,49.4,31.9,3.18,Maize,3.88,456
69.9,32.1,81.7,1459.2,221.9,95.9,204.3,1.23,Sugarcane,9.54,103
50.2,16.1,46.8,641.5,29.9,49.3,20.8,2.74,Chickpea,1.48,299
52.9,24.4,62.0,1037.7,122.1,50.2,43.6,3.8,Maize,4.64,532
78.0,27.2,66.3,1588.8,250.0,66.2,114.5,2.69,Sugarcane,9.46,576
63.3,20.9,55.3,786.9,49.7,53.7,59.5,3.74,Soybean,1.63,451
32.6,29.4,43.2,466.9,58.6,32.8,57.5,6.57,Jowar,2.45,786
43.8,27.4,45.4,764.9,62.1,33.4,46.5,4.61,Bajra,1.6,604
48.6,23.3,57.8,923.2,36.8,36.9,60.9,1.81,Soybean,1.71,591
55.1,27.0,61.1,846.7,31.3,45.2,56.5,4.07,Groundnut,2.08,413
64.4,23.8,59.3,621.5,122.1,41.9,52.3,2.71,Wheat,4.48,541
73.5,26.9,61.3,669.9,123.8,50.3,47.2,3.67,Maize,4.06,537
82.5,26.3,78.8,1996.8,141.7,63.9,103.8,2.75,Rice,5.16,0
82.3,28.3,71.8,2000.1,117.4,72.1,113.0,3.13,Rice,5.1,345
53.7,29.0,73.4,734.9,29.1,51.4,73.0,1.13,Groundnut,2.14,431
48.8,31.0,44.0,651.7,42.0,21.3,42.2,3.13,Bajra,1.69,313
56.9,21.0,63.4,718.1,144.4,61.5,36.8,3.66,Wheat,4.07,628
40.1,26.8,56.8,501.3,34.6,59.1,53.3,4.55,Groundnut,2.27,604
57.5,26.7,50.2,702.0,34.1,64.8,63.7,4.9,Soybean,2.18,664
58.5,20.5,56.2,222.2,119.1,44.6,43.1,5.58,Wheat,3.89,701
48.9,20.7,67.6,448.0,28.8,45.5,28.1,3.06,Chickpea,1.74,470
39.3,27.6,47.7,304.8,95.7,51.0,82.6,4.27,Cotton,2.53,536
54.3,26.5,45.8,548.2,39.0,42.3,36.6,3.86,Jowar,1.76,616
33.0,28.0,61.3,390.0,66.3,27.8,34.0,1.82,Bajra,2.02,525
64.8,23.7,65.3,875.8,142.7,54.3,47.0,1.9,Maize,5.14,828
67.9,27.8,72.7,1129.6,152.0,54.0,63.8,2.12,Rice,5.73,683
70.2,22.3,71.3,1013.8,129.8,57.3,39.1,3.57,Wheat,3.12,359
36.6,16.2,56.9,271.7,20.0,41.1,46.8,3.25,Chickpea,1.74,574
59.0,24.4,64.0,1056.6,155.7,33.2,67.7,2.35,Maize,5.18,531
85.0,30.0,88.2,1819.8,230.0,53.4,106.4,1.41,Rice,5.02,314
47.3,26.9,52.8,351.4,70.4,42.4,39.3,1.03,Jowar,2.05,552
41.7,25.2,63.4,699.1,69.5,36.3,47.3,1.64,Bajra,1.33,383
40.8,12.5,39.8,341.2,36.5,35.7,37.8,2.81,Chickpea,1.69,1023
79.5,30.4,75.0,2437.5,202.2,77.4,92.8,6.7,Rice,4.88,405
49.9,17.9,52.5,447.6,144.9,72.4,54.5,4.25,Wheat,4.68,414
62.4,18.1,66.6,603.8,118.1,49.3,28.8,3.31,Wheat,3.88,255
55.9,15.1,52.5,647.7,23.8,35.6,36.8,4.74,Chickpea,1.17,499
46.1,19.8,43.0,235.8,30.9,22.9,26.7,2.72,Chickpea,1.68,768
78.1,28.5,77.1,1569.4,159.6,45.3,102.9,1.76,Rice,6.61,405
72.2,31.8,75.2,1277.2,206.5,52.8,82.9,3.1,Rice,4.69,319
40.0,17.1,43.5,331.8,32.3,33.2,44.0,3.52,Chickpea,1.64,479
69.4,26.1,79.3,1048.8,57.8,64.5,67.3,1.74,Soybean,2.14,400
84.2,30.2,60.8,2315.3,250.0,68.3,142.6,2.13,Sugarcane,9.54,442
84.2,26.0,84.9,1781.1,178.9,59.5,92.9,2.34,Rice,5.36,251
38.2,36.3,40.1,544.8,51.6,32.6,44.3,5.18,Bajra,1.71,646
80.0,28.8,70.7,953.3,127.8,55.7,69.8,1.21,Rice,6.11,529
83.4,23.0,78.7,1470.8,198.5,52.0,86.7,1.7,Rice,4.19,314
57.6,14.7,69.5,631.7,136.6,42.7,59.9,5.16,Wheat,4.45,324
35.9,31.0,42.7,445.1,115.7,55.8,56.9,4.23,Cotton,2.75,728
62.2,21.3,58.7,663.2,139.3,69.6,38.5,4.7,Wheat,4.27,378
72.1,35.2,83.6,698.1,159.4,62.4,99.8,3.14,Rice,4.14,522
35.3,26.0,49.3,582.2,129.1,39.2,85.5,5.72,Cotton,2.73,724
67.6,34.0,72.7,1311.0,191.7,47.0,90.6,2.39,Rice,4.83,234
67.7,30.7,55.3,819.7,129.2,41.1,59.0,2.93,Maize,5.25,611
76.1,27.5,77.2,1524.5,190.9,48.3,78.3,5.13,Rice,6.95,515
73.4,25.3,64.1,1716.1,203.9,109.9,152.8,1.2,Sugarcane,9.37,75
83.7,27.3,87.1,1089.6,161.8,34.1,74.4,3.24,Rice,6.01,287
84.5,29.3,87.7,1776.9,178.8,65.0,92.7,4.0,Rice,6.39,483
82.0,31.5,75.1,1124.9,94.8,67.5,103.7,5.24,Rice,5.28,154
77.8,29.8,87.0,1386.0,203.6,53.4,83.3,2.84,Rice,5.89,252
44.5,14.9,44.9,385.5,30.7,50.9,37.1,2.99,Chickpea,1.74,491
63.4,24.1,91.0,1419.9,200.9,62.5,107.6,3.07,Rice,5.54,239
52.7,25.6,62.4,428.2,39.3,44.2,72.6,1.87,Soybean,1.93,211
40.8,30.5,60.5,150.2,107.6,46.3,62.3,4.17,Cotton,2.28,378
71.1,26.4,86.3,1721.8,204.8,64.8,89.7,2.53,Rice,5.74,167
54.5,19.8,57.8,394.0,115.8,41.6,35.6,0.97,Wheat,4.4,634
60.8,26.6,77.9,693.9,38.6,48.6,46.1,1.97,Soybean,2.5,477
45.4,31.4,51.8,464.9,106.9,40.1,77.1,0.79,Cotton,3.21,713
91.9,25.7,81.2,1798.6,250.0,115.1,203.0,3.42,Sugarcane,9.26,445
38.0,31.7,45.1,382.2,48.9,31.7,42.0,4.95,Bajra,1.97,810
57.6,17.7,65.9,818.1,32.2,37.4,45.1,5.6,Chickpea,1.26,609
38.9,34.8,47.3,1147.5,92.6,24.5,92.4,1.4,Cotton,2.0,452
72.4,31.3,81.9,950.2,141.3,51.8,76.5,1.42,Rice,4.76,336
59.6,17.0,43.6,567.9,190.5,37.7,36.4,3.43,Wheat,4.84,1023
75.5,10.5,80.5,749.9,164.8,44.5,34.7,3.38,Wheat,2.52,737
59.0,19.9,52.6,419.2,28.0,49.6,36.7,4.19,Chickpea,1.67,774
61.4,19.8,62.3,771.4,122.1,38.7,37.6,4.25,Wheat,3.99,643
40.9,29.8,41.7,474.8,62.6,30.7,32.5,4.99,Bajra,2.27,867
86.8,25.8,86.1,1639.2,124.4,50.1,94.3,2.16,Rice,4.93,196
70.4,20.5,57.6,864.8,44.3,46.1,54.0,2.72,Soybean,1.57,853
53.3,27.4,53.6,377.4,86.2,25.2,34.9,3.61,Jowar,1.98,589
74.5,26.9,81.2,1370.9,151.0,46.7,115.5,0.92,Rice,6.23,304
55.1,24.6,79.8,810.7,150.1,49.4,48.8,7.42,Maize,4.98,722
76.6,29.8,79.4,1425.1,202.0,55.7,103.3,5.02,Rice,6.02,7
49.9,20.9,45.4,670.8,91.0,58.9,41.7,1.47,Wheat,4.78,726
41.6,29.9,40.8,641.1,49.5,19.4,38.2,3.37,Jowar,2.18,444
71.4,27.3,70.9,950.0,141.8,54.5,54.7,3.68,Maize,5.19,342
50.2,30.0,57.8,894.9,36.1,33.2,78.7,2.34,Groundnut,2.18,537
36.0,26.4,44.5,769.2,93.1,32.7,78.1,2.72,Cotton,2.52,612
27.9,33.1,44.9,406.7,65.5,30.9,40.3,3.39,Bajra,2.21,730
64.1,31.1,69.6,407.5,59.5,58.2,65.4,3.77,Soybean,1.89,404
82.1,27.8,80.3,1973.3,250.0,81.6,90.1,1.29,Sugarcane,10.85,244
69.1,26.4,90.6,1211.7,150.9,65.6,80.9,5.36,Rice,5.8,92
76.2,24.8,77.5,1732.1,201.3,60.3,73.0,5.75,Rice,5.43,243
67.0,18.3,65.9,438.8,123.4,41.0,47.4,3.83,Wheat,4.33,334
41.8,18.5,53.7,323.6,24.9,39.4,32.9,2.38,Chickpea,1.92,752
89.1,24.9,73.6,1266.2,250.0,98.7,207.7,5.37,Sugarcane,8.35,185
53.0,28.6,69.2,485.1,102.3,46.7,64.5,3.74,Maize,3.79,620
68.6,28.7,75.0,1588.4,107.7,59.7,110.6,2.31,Rice,6.37,271
49.5,20.0,49.3,468.1,26.0,40.7,39.0,3.46,Chickpea,1.77,620
72.7,34.4,89.4,1592.2,170.8,66.1,82.6,3.42,Rice,4.24,423
75.4,30.5,90.2,1454.9,172.3,49.3,73.3,2.06,Rice,6.16,267
61.5,18.3,64.3,837.5,126.1,43.7,50.3,2.42,Maize,4.07,218
53.0,28.9,62.8,469.1,31.8,58.0,72.6,2.84,Groundnut,1.73,642
44.9,28.2,51.0,857.0,115.4,38.5,52.3,2.62,Cotton,3.03,164
49.2,21.1,71.7,1196.0,187.1,26.9,70.4,1.51,Maize,4.16,446
51.7,22.1,49.5,430.7,58.5,29.1,42.4,3.15,Jowar,1.58,608
40.9,17.6,45.1,58.8,27.0,37.8,34.9,1.35,Chickpea,1.28,525
66.7,32.6,57.7,1015.5,121.6,29.9,59.4,4.56,Cotton,2.0,548
81.8,27.3,67.2,1812.8,250.0,105.4,268.1,0.5,Sugarcane,11.73,317
65.2,22.9,59.6,466.3,113.7,50.7,54.5,2.34,Wheat,3.81,898
84.8,31.0,85.8,1334.0,118.3,60.1,107.4,0.7,Rice,5.03,223
43.6,29.6,63.9,1060.6,107.2,51.8,72.5,5.17,Cotton,2.55,779
66.4,26.8,87.7,2202.9,187.8,72.4,73.3,4.4,Rice,4.93,410
37.4,13.6,56.8,660.7,28.2,26.5,31.3,1.97,Chickpea,1.25,494
52.9,22.4,72.3,750.8,155.1,27.1,42.5,3.61,Maize,5.6,331
49.8,25.9,55.8,1014.0,41.0,63.4,46.5,2.56,Soybean,1.95,754
50.5,31.9,55.1,1224.7,121.7,47.7,67.8,3.84,Cotton,2.37,509
50.2,15.6,68.4,823.7,124.9,74.2,59.5,3.28,Wheat,2.86,501
37.5,32.8,50.5,286.0,68.1,28.0,38.5,5.37,Bajra,1.96,640
55.6,19.5,70.3,865.4,202.7,51.4,53.1,0.5,Wheat,3.66,271
76.5,26.3,78.2,1388.4,191.5,71.8,79.0,8.29,Rice,5.47,278
33.1,17.6,44.1,544.0,23.8,40.3,25.7,3.26,Chickpea,1.25,546
69.0,26.7,84.7,1344.5,212.9,61.6,150.3,3.54,Sugarcane,7.57,61
77.4,26.6,67.7,1439.5,123.5,51.1,86.7,4.68,Rice,7.02,360
66.8,15.1,55.0,507.3,126.5,44.2,38.3,3.43,Wheat,4.07,894
42.2,32.2,73.4,705.4,38.7,63.3,53.4,5.62,Groundnut,1.75,701
41.4,36.2,45.5,58.4,72.5,27.0,26.2,6.4,Bajra,1.41,727
40.1,13.4,54.4,211.4,25.4,39.2,34.7,0.5,Chickpea,1.38,681
67.4,31.1,65.0,918.2,125.4,51.7,54.1,3.05,Maize,5.14,570
60.7,27.4,68.5,1132.0,51.0,49.8,53.8,3.87,Soybean,2.44,646
64.0,19.0,73.2,1275.3,32.1,53.0,47.4,3.34,Soybean,1.81,433
56.5,24.4,54.2,365.3,121.4,72.2,39.2,0.99,Wheat,3.9,570
35.2,26.6,49.9,412.0,59.5,23.4,48.0,4.36,Bajra,1.71,608
53.0,25.2,70.1,411.7,34.4,64.6,65.3,1.59,Groundnut,2.08,691
50.1,34.0,48.4,372.2,122.7,47.7,80.9,4.81,Cotton,2.13,1023
30.2,33.7,44.1,566.7,65.7,22.4,38.2,3.11,Bajra,1.96,595
79.2,23.3,83.9,1801.5,134.1,58.2,77.6,4.22,Rice,4.95,0
76.7,23.8,72.1,1582.1,213.4,58.7,73.4,1.06,Rice,5.38,481
73.9,22.9,75.5,1103.0,116.3,51.7,68.2,7.52,Maize,4.91,376
65.1,28.8,80.7,1572.8,153.4,43.0,81.6,3.36,Rice,5.03,319
53.9,18.2,51.8,517.3,30.9,31.8,32.6,4.18,Chickpea,1.51,833
30.5,29.2,51.8,523.8,60.6,44.4,46.2,3.73,Jowar,2.13,652
80.2,27.9,91.8,1890.6,189.9,52.3,80.7,3.59,Rice,5.08,0
81.8,32.0,76.7,2051.2,250.0,75.9,160.2,3.88,Sugarcane,8.14,0
59.4,33.1,71.0,1701.3,208.3,81.9,139.5,3.2,Sugarcane,9.49,342
73.9,25.0,75.9,1617.8,196.1,101.5,192.0,3.56,Sugarcane,10.4,147
31.8,28.2,66.6,518.2,52.8,26.8,36.1,2.58,Bajra,2.17,575
41.9,15.9,53.8,157.5,28.5,46.7,21.2,0.98,Chickpea,1.16,474
52.1,25.3,53.8,657.0,30.9,39.5,74.5,4.33,Groundnut,2.31,557
63.5,27.5,74.1,1354.5,120.7,33.7,54.2,5.11,Maize,4.45,141
38.9,22.9,58.7,528.7,28.8,53.9,36.8,2.81,Chickpea,1.91,534
57.4,28.0,52.5,601.1,91.3,28.9,55.4,5.34,Cotton,2.35,559
81.4,24.5,79.3,1514.6,204.8,48.6,85.4,4.71,Rice,5.75,405
41.5,26.1,51.3,828.5,87.6,37.4,55.8,2.24,Cotton,2.51,816
41.0,31.4,36.8,601.5,58.9,44.0,49.5,4.76,Jowar,1.99,707
49.8,23.8,61.4,306.3,47.8,72.7,70.3,3.31,Groundnut,1.79,464
33.0,28.4,44.8,555.8,48.4,28.3,53.8,2.7,Jowar,2.24,990
52.0,28.4,59.1,609.4,47.7,58.9,48.8,2.8,Soybean,2.25,633
59.7,25.5,86.6,996.0,45.3,36.4,47.5,4.31,Soybean,2.3,416
57.8,17.4,65.7,265.8,134.9,55.2,61.1,5.4,Wheat,4.0,663
80.0,26.2,66.6,1461.9,127.1,52.4,89.1,4.34,Rice,5.18,636
36.5,28.2,57.0,586.6,65.7,32.4,57.5,4.11,Bajra,1.91,752
52.5,19.9,59.3,986.9,115.1,41.6,30.2,5.71,Wheat,4.48,632
57.9,27.7,77.0,816.7,38.2,55.0,58.1,2.93,Groundnut,1.72,530
69.9,29.5,85.6,1739.4,184.9,57.0,102.2,1.83,Rice,5.83,118
62.5,24.9,66.0,684.3,141.6,49.1,50.1,4.05,Wheat,5.04,420
80.3,27.1,83.0,822.0,171.7,59.0,95.3,0.5,Rice,5.11,350
55.6,26.3,78.0,582.8,41.0,58.9,68.6,1.44,Soybean,2.21,448
88.7,28.0,82.0,1236.0,174.7,53.8,117.3,1.42,Rice,5.88,329
56.5,14.1,47.3,585.4,183.9,41.9,32.7,3.13,Wheat,4.28,715
65.2,13.5,59.9,479.8,102.9,49.1,35.8,3.42,Wheat,4.15,591
59.3,27.2,59.2,355.7,99.1,47.3,58.1,4.32,Maize,4.29,542
72.8,17.3,62.6,740.3,155.7,45.7,29.9,1.96,Wheat,4.52,282
76.2,25.7,80.7,1366.5,115.9,64.5,98.4,1.88,Rice,6.73,450
54.4,24.3,50.1,786.5,134.4,65.1,63.0,4.85,Wheat,3.92,714
72.8,25.0,85.0,1754.4,190.5,54.9,98.8,4.65,Rice,5.32,117
78.9,30.9,73.9,1805.0,131.4,52.4,82.6,2.15,Rice,5.5,395
59.5,18.7,65.8,350.9,126.8,45.7,54.0,3.79,Wheat,5.11,619
88.8,26.0,85.9,1768.7,141.2,45.7,89.5,2.42,Rice,5.47,258
46.7,19.3,61.3,507.9,110.7,49.8,48.7,5.98,Wheat,4.7,289
53.3,27.2,63.5,696.7,49.0,55.0,45.1,4.35,Soybean,1.99,346
52.3,26.7,64.5,632.4,37.3,59.7,43.4,3.6,Groundnut,1.93,440
29.8,34.7,50.9,469.3,50.3,23.7,49.6,1.12,Bajra,1.81,905
75.7,22.9,40.2,562.5,138.3,44.5,38.0,2.15,Wheat,4.69,586
50.6,23.4,78.5,890.3,30.4,54.3,44.5,2.05,Groundnut,2.01,338
82.3,21.5,73.8,1865.3,250.0,80.4,147.6,2.24,Sugarcane,9.11,141
79.6,31.1,84.7,1407.4,139.3,39.5,99.4,1.52,Rice,5.75,214
60.9,20.7,65.8,805.7,100.5,28.2,49.1,3.03,Wheat,4.5,553
51.5,25.0,58.9,960.0,41.2,73.1,53.1,2.85,Soybean,2.06,214
63.1,19.0,71.2,495.0,160.4,40.6,72.2,3.28,Maize,3.83,59
55.2,26.0,74.2,851.2,157.6,55.1,57.4,1.36,Maize,5.88,532
75.7,29.5,87.8,1136.2,168.4,28.3,95.1,3.07,Rice,6.07,304
78.0,27.8,81.4,1921.0,184.7,53.5,94.2,4.84,Rice,5.48,165
57.0,28.9,41.0,494.7,64.5,26.5,24.9,3.84,Jowar,1.92,870
56.6,24.8,69.1,677.0,115.1,38.2,55.5,2.85,Wheat,4.53,641
50.4,32.0,48.3,161.3,55.5,35.9,44.4,6.46,Bajra,1.43,384
63.3,29.1,58.3,948.8,187.9,43.6,38.6,2.68,Maize,5.38,515
64.4,23.6,67.1,1314.1,140.8,45.0,65.0,2.25,Maize,4.88,597
68.3,23.4,58.9,515.0,130.1,46.9,56.9,1.97,Wheat,4.37,487
60.7,25.6,55.1,625.3,37.1,59.9,58.6,4.63,Soybean,2.22,557
76.6,24.1,85.9,2013.8,184.7,64.3,107.7,4.01,Rice,4.78,372
66.7,23.4,63.1,1330.5,45.2,63.6,58.8,4.03,Soybean,1.74,413
30.8,30.1,54.7,704.8,74.4,19.4,41.9,2.61,Bajra,1.66,414
83.3,26.5,69.4,1081.1,139.0,44.2,48.9,2.17,Maize,4.22,331
59.7,14.7,63.9,735.9,163.9,60.2,41.3,2.65,Wheat,3.68,319
51.2,27.2,70.5,766.5,44.6,50.5,58.6,4.49,Soybean,2.12,554
49.4,32.7,59.4,662.0,104.7,27.5,72.7,3.01,Cotton,2.93,301
58.0,26.0,64.5,1010.7,166.9,35.4,41.9,1.82,Cotton,2.34,639
54.3,15.8,43.7,280.9,36.3,64.2,26.2,6.45,Chickpea,1.72,471
56.8,21.4,68.5,1199.1,58.2,49.7,60.2,1.12,Soybean,1.71,436
40.6,28.6,47.1,527.5,37.4,57.2,68.2,0.5,Groundnut,2.0,448
39.6,27.4,47.5,801.3,61.2,29.0,34.6,3.88,Jowar,1.99,592
53.3,24.7,73.2,1052.2,96.1,39.8,50.1,2.13,Maize,5.17,570
62.5,17.0,68.6,273.8,118.5,48.9,42.7,4.64,Wheat,4.19,720
52.4,23.9,52.6,883.8,96.4,44.9,39.2,3.11,Wheat,2.95,795
60.7,26.4,70.3,885.4,24.1,59.6,27.4,4.56,Soybean,2.14,441
41.7,32.6,40.5,447.3,36.4,33.3,52.8,3.42,Jowar,1.97,745
81.1,26.5,88.3,1486.3,152.2,70.4,86.9,2.35,Rice,6.17,296
56.4,27.6,55.2,458.1,132.2,48.0,83.2,2.92,Maize,4.27,721
79.5,28.0,87.4,999.6,184.0,47.6,73.2,2.77,Rice,4.67,254
54.7,31.2,70.2,1064.2,29.8,51.6,51.7,4.7,Soybean,1.82,604
81.9,28.9,67.2,2500.0,131.7,95.8,159.7,3.18,Sugarcane,9.48,338
91.8,28.3,92.8,1650.9,147.4,58.6,82.3,4.98,Rice,5.15,396
67.3,22.0,75.6,824.0,142.5,48.1,40.5,3.12,Wheat,3.35,496
79.3,30.0,75.4,1098.7,209.8,62.1,101.1,0.5,Rice,5.1,495
92.0,25.3,84.9,2249.4,250.0,105.4,216.9,3.41,Sugarcane,6.91,96
46.5,30.1,70.9,1007.9,53.7,74.1,39.0,3.65,Soybean,2.16,370
63.6,25.5,78.9,844.9,49.2,65.7,48.6,0.5,Soybean,2.59,194
46.9,16.7,62.7,554.8,28.7,36.3,33.2,2.1,Chickpea,1.62,510
81.3,27.8,91.2,2500.0,189.8,67.0,78.0,5.27,Rice,5.19,133
51.1,26.0,70.4,873.6,49.6,53.8,49.7,3.07,Soybean,2.59,585
71.0,30.3,70.2,2017.5,250.0,51.6,102.7,5.09,Sugarcane,10.38,125
62.4,31.6,78.3,1420.1,173.3,55.8,90.8,2.07,Rice,5.35,832
48.2,20.6,57.1,627.7,117.0,46.3,33.4,3.94,Wheat,4.89,571
81.8,28.8,84.9,1470.4,144.8,66.4,98.6,3.61,Rice,5.14,477
38.7,28.0,57.6,166.7,98.1,43.3,89.9,2.21,Cotton,2.41,804
61.2,27.0,57.8,1092.7,120.8,46.8,47.2,2.12,Maize,4.77,135
51.4,21.6,55.6,649.1,71.5,23.5,37.4,3.71,Jowar,1.75,558
78.3,27.7,87.2,2273.5,207.1,52.9,83.4,0.5,Rice,5.03,424
82.3,29.3,91.9,1175.5,183.8,44.6,87.0,2.35,Rice,6.23,0
38.8,25.0,70.2,1040.4,30.4,32.5,81.3,4.37,Groundnut,1.78,555
30.7,31.6,36.2,441.9,58.7,32.3,48.4,1.12,Bajra,2.17,614
57.7,25.1,62.8,720.0,31.7,61.1,61.4,4.17,Groundnut,1.76,462
44.9,18.3,61.9,548.5,72.0,47.9,45.4,3.17,Wheat,4.5,598
49.1,18.5,56.3,622.8,116.6,40.5,48.6,4.67,Wheat,4.55,308
56.4,23.7,58.3,784.9,126.3,36.1,50.2,4.26,Wheat,3.91,591
77.1,30.2,80.8,1046.3,168.6,60.3,75.4,3.62,Rice,5.81,256
41.7,19.3,46.1,152.4,38.1,53.9,34.5,3.27,Chickpea,1.64,607
66.2,30.4,57.2,817.3,189.4,53.0,52.0,2.82,Maize,5.51,674
71.7,22.0,74.8,573.8,133.3,46.8,34.6,3.88,Wheat,4.07,1003
57.6,17.2,53.9,163.6,34.0,49.9,37.7,1.39,Chickpea,1.56,722
70.8,29.6,79.6,1325.6,183.5,57.5,85.9,2.4,Rice,5.98,418
49.8,16.9,64.2,716.2,102.5,41.2,41.5,2.52,Wheat,4.45,516
43.5,28.7,47.4,192.3,63.9,29.1,40.4,5.6,Jowar,1.96,598
90.9,31.9,71.7,2010.9,131.2,42.1,66.2,2.04,Rice,4.14,351
55.3,24.3,77.9,968.8,45.6,65.6,52.9,1.94,Soybean,2.43,622
78.0,28.0,83.1,1910.0,185.8,44.3,70.6,3.37,Rice,5.2,279
79.4,26.7,81.0,1078.3,146.2,50.3,121.8,4.5,Rice,5.13,489
53.4,14.6,51.3,567.9,31.4,34.5,45.3,3.63,Chickpea,1.25,605
51.0,21.4,61.9,561.2,44.8,58.0,43.9,3.49,Soybean,1.9,952
53.1,19.4,27.7,299.7,48.8,30.9,35.3,4.66,Bajra,1.3,559
63.3,16.7,57.5,438.9,153.8,47.4,55.3,0.5,Wheat,3.54,701
38.8,34.0,40.6,460.0,52.0,21.5,40.2,4.08,Jowar,1.96,810
69.1,21.9,59.5,820.7,173.5,40.7,57.5,0.5,Maize,4.52,588
39.3,29.7,41.4,219.8,63.4,33.7,44.8,4.91,Jowar,2.05,572
47.2,29.5,55.1,355.9,104.7,36.6,86.6,1.78,Cotton,2.83,461
33.0,35.2,50.4,304.5,75.9,33.5,34.1,2.21,Bajra,1.93,641
64.3,16.4,48.3,433.3,155.3,39.4,37.9,6.38,Wheat,4.12,693
64.3,19.9,64.7,368.2,100.6,55.8,42.8,0.61,Wheat,3.78,375
50.9,16.2,54.8,327.5,129.5,44.3,29.5,3.4,Wheat,4.24,478
44.7,29.8,51.7,482.8,163.9,48.3,40.7,2.83,Cotton,3.15,734
34.8,33.4,45.9,180.3,51.1,34.0,38.5,4.87,Bajra,1.86,881
40.2,17.1,51.2,427.4,31.8,42.0,37.5,4.45,Chickpea,1.59,570
63.3,26.2,50.3,683.0,163.1,34.0,53.2,2.47,Wheat,4.56,525
72.9,30.6,74.5,1818.6,250.0,98.7,186.5,5.3,Sugarcane,10.88,199
55.2,21.9,59.7,595.6,121.7,49.6,51.1,0.59,Wheat,4.25,957
60.0,18.8,69.6,420.0,96.0,25.3,44.8,3.1,Maize,3.41,594
42.9,17.7,49.3,191.2,27.6,48.9,45.8,5.27,Chickpea,1.67,687
77.9,26.8,76.2,1394.1,169.4,56.8,72.5,1.67,Rice,6.05,504
52.4,17.3,63.8,376.6,130.1,40.6,36.8,3.26,Wheat,4.07,925
78.2,32.2,72.1,1977.8,159.8,54.3,87.2,0.5,Rice,4.75,492
50.3,18.1,57.6,157.1,98.6,65.2,33.6,5.8,Wheat,4.01,421
47.8,34.1,40.9,132.5,70.2,30.1,52.9,4.06,Jowar,1.71,743
43.6,25.4,57.1,548.2,20.0,32.5,25.2,0.5,Chickpea,1.06,536
75.9,30.2,80.5,1373.8,129.5,52.7,80.7,2.52,Rice,5.27,267
72.0,11.1,52.2,79.5,157.0,35.4,43.5,4.12,Wheat,2.46,500
77.7,26.6,84.1,1640.2,163.8,41.0,78.4,4.69,Rice,5.07,207
40.4,26.1,47.4,860.1,59.3,36.8,42.2,4.63,Jowar,1.67,465
44.4,29.0,56.4,586.8,121.3,52.5,58.4,2.41,Cotton,2.66,651
51.0,24.9,62.9,844.6,33.2,53.9,62.6,1.3,Soybean,2.28,523
27.6,31.0,47.9,840.1,69.6,31.4,56.0,6.49,Jowar,1.55,412
84.8,30.2,80.4,2118.2,250.0,93.5,233.7,2.86,Sugarcane,11.63,0
37.1,20.0,53.5,335.0,28.7,35.1,26.8,1.26,Chickpea,1.9,576
64.3,20.6,72.3,789.6,172.6,44.5,58.9,3.32,Wheat,4.32,551
75.4,32.3,73.7,1193.0,187.5,50.0,85.5,3.34,Rice,5.56,466
54.9,31.7,55.2,1209.3,93.2,44.5,90.3,5.27,Cotton,2.67,519
53.2,30.2,58.1,509.2,146.8,54.5,64.1,0.93,Maize,5.5,82
27.4,23.9,53.0,375.9,71.9,36.7,46.7,4.13,Jowar,1.91,572
74.9,30.7,72.4,1759.9,188.8,75.6,202.0,2.81,Sugarcane,11.59,217
60.9,19.5,55.6,412.9,25.0,65.7,26.1,2.96,Chickpea,1.52,574
33.6,28.1,51.1,564.3,39.2,21.6,52.3,2.18,Jowar,2.26,451
68.1,28.3,56.8,772.3,143.9,46.0,65.7,4.34,Maize,5.31,505
67.0,24.6,57.5,793.5,133.2,47.2,42.6,2.41,Maize,5.71,461
61.7,24.1,70.5,1084.8,150.6,58.9,61.3,1.35,Maize,5.14,848
65.9,23.3,69.5,833.3,46.1,42.3,52.6,1.76,Soybean,2.03,575
55.5,25.6,53.7,670.4,43.2,45.3,52.2,3.45,Groundnut,1.85,579
81.3,25.8,85.5,1688.3,187.8,46.8,110.5,1.0,Rice,5.71,247
49.3,23.9,55.9,501.0,45.7,60.3,66.7,4.59,Groundnut,1.98,594
79.9,29.1,89.3,1836.9,239.2,64.8,57.3,6.24,Rice,5.64,249
70.9,26.2,59.7,1004.6,133.2,41.8,68.3,3.47,Maize,5.37,457
56.9,31.2,59.3,980.4,35.6,54.4,74.1,1.99,Groundnut,1.92,524
75.8,29.0,76.1,2500.0,240.2,49.5,222.0,1.93,Sugarcane,7.92,392
87.3,24.7,84.6,1475.2,198.3,119.9,193.0,4.94,Sugarcane,7.66,411
62.1,27.9,65.2,1740.3,118.3,41.7,87.0,2.45,Rice,5.18,434
87.1,28.8,83.1,1291.5,150.9,58.7,88.7,0.52,Rice,5.65,518
45.5,21.6,40.0,24.9,23.3,50.7,29.7,1.03,Chickpea,1.66,806
83.5,33.1,85.0,1497.9,183.8,60.4,104.6,2.83,Rice,4.61,124
58.4,19.8,76.3,775.5,106.6,67.1,44.1,4.85,Wheat,4.74,149
59.7,15.8,57.8,632.5,138.9,56.2,55.1,4.89,Wheat,4.3,474
38.1,33.2,64.4,222.9,49.7,26.9,45.3,3.09,Bajra,2.01,573
76.8,28.3,68.8,2069.6,250.0,120.0,101.2,3.12,Sugarcane,11.01,384
86.4,25.1,84.3,1984.0,139.3,67.0,100.6,3.26,Rice,4.09,401
60.2,27.2,73.0,1157.5,40.2,74.0,43.7,4.23,Soybean,2.21,309
39.6,31.4,45.8,398.6,68.0,26.0,39.4,0.5,Jowar,1.87,572
42.2,17.7,58.7,412.7,22.3,39.5,32.5,2.79,Chickpea,1.89,722
77.8,22.3,79.0,2071.0,170.4,47.1,92.5,1.99,Rice,3.7,439
51.2,18.4,61.7,560.4,136.6,53.0,32.6,4.88,Wheat,4.65,487
41.9,31.2,36.2,564.0,110.2,31.2,55.1,3.45,Cotton,2.59,794
50.4,23.2,74.9,824.7,49.0,71.5,53.6,1.01,Soybean,2.04,639
39.3,27.7,60.1,232.5,108.9,33.2,78.0,1.41,Cotton,2.34,664
52.5,32.8,57.8,1171.3,125.2,36.5,46.0,5.65,Cotton,2.62,505
34.3,28.6,36.5,597.3,44.5,45.6,38.5,3.85,Bajra,1.75,413
75.4,29.1,87.9,1395.3,145.2,46.0,99.9,0.5,Rice,6.12,475
51.8,29.2,58.6,971.8,109.0,39.7,51.1,2.52,Cotton,2.61,633
49.2,24.7,54.0,461.5,35.3,32.0,41.2,3.39,Bajra,1.5,651
49.1,31.7,55.9,381.5,98.9,45.2,72.1,5.12,Cotton,2.6,555
52.1,28.0,55.1,733.5,45.5,70.4,70.9,2.71,Soybean,2.11,396
57.9,26.6,58.9,1068.6,38.5,75.2,57.0,4.15,Soybean,2.38,503
46.6,30.9,72.4,1301.5,171.2,39.3,54.9,6.14,Maize,4.58,369
56.1,14.8,52.8,99.7,131.7,30.0,48.8,2.48,Wheat,2.66,853
66.7,24.4,80.5,706.1,142.3,54.0,68.7,3.87,Maize,4.72,209
54.4,22.8,63.7,682.2,147.9,24.2,53.5,4.27,Wheat,4.48,754
81.9,27.2,81.9,1499.4,192.5,72.2,89.3,3.78,Rice,5.55,302
57.4,29.5,61.7,984.7,45.3,56.3,68.3,4.59,Groundnut,1.83,692
58.8,23.5,77.9,1200.4,33.5,51.9,61.8,4.56,Groundnut,1.5,206
48.3,26.0,64.1,422.4,45.7,52.3,46.5,2.2,Groundnut,1.73,614
15.0,30.2,47.3,56.9,69.3,16.0,35.1,7.02,Bajra,1.25,913
73.7,29.1,76.2,1297.6,37.6,50.7,50.9,2.96,Soybean,1.97,376
57.4,24.8,67.7,1141.7,149.9,54.9,72.6,0.5,Maize,5.41,212
50.9,25.9,63.0,847.6,37.2,90.8,95.3,3.31,Groundnut,2.08,463
79.7,28.4,65.3,1509.4,243.8,69.3,93.0,3.01,Rice,5.28,496
34.5,33.8,19.2,483.4,39.8,31.6,43.6,0.5,Bajra,2.03,622
57.7,28.3,51.4,656.3,104.2,49.1,75.3,1.02,Cotton,2.94,403
38.0,33.2,45.5,457.1,60.6,34.3,44.3,4.2,Bajra,2.45,729
51.7,25.6,58.1,884.2,98.1,20.9,78.6,1.37,Cotton,2.58,400
56.6,23.1,56.2,716.1,124.7,46.4,34.8,2.84,Wheat,4.48,690
67.5,31.0,48.0,941.9,84.4,45.4,84.8,2.73,Cotton,2.47,435
36.5,22.5,48.9,522.7,36.9,72.0,61.3,4.25,Groundnut,1.63,376
40.1,19.4,55.3,460.9,25.6,44.2,36.7,3.62,Chickpea,2.01,501
61.6,24.9,61.3,290.6,162.1,35.1,25.3,3.65,Wheat,3.56,830
55.3,24.8,38.9,854.4,114.5,56.0,40.5,6.2,Wheat,3.39,559
55.2,32.0,63.8,764.2,150.0,41.3,71.8,2.64,Cotton,2.83,518
92.0,32.3,79.7,1860.4,250.0,75.3,164.6,1.41,Sugarcane,9.78,311
79.8,32.4,78.9,1641.7,202.5,52.5,87.4,4.56,Rice,5.61,153
90.2,26.5,85.9,1590.4,129.4,43.2,86.7,1.72,Rice,5.58,431
54.5,15.7,63.0,508.1,117.9,69.0,41.7,3.96,Wheat,4.04,585
58.2,20.7,65.7,526.2,127.8,50.7,36.9,2.91,Wheat,4.21,604
59.3,22.6,63.8,392.4,167.4,53.4,31.7,2.05,Wheat,4.42,305
56.6,25.9,65.7,1292.2,199.5,56.1,70.8,2.85,Maize,5.04,165
85.1,26.3,86.6,2366.8,222.1,58.2,72.9,3.92,Rice,4.96,0
63.4,23.5,71.9,978.3,50.9,34.1,47.3,0.5,Soybean,2.61,399
53.6,16.6,55.6,620.9,147.6,56.6,44.5,4.05,Wheat,5.13,565
54.2,28.6,63.7,431.7,28.7,37.8,88.5,2.99,Groundnut,1.63,674
48.2,32.9,50.1,398.1,109.5,38.2,71.7,2.78,Cotton,2.27,898
55.8,26.0,43.6,486.5,38.5,59.3,72.0,1.89,Groundnut,2.33,663
82.3,26.3,68.5,2076.4,250.0,94.5,205.4,4.84,Sugarcane,9.82,282
79.3,28.9,80.2,1734.3,165.2,61.7,121.9,1.22,Rice,5.65,353
60.4,30.2,67.3,1231.7,212.5,17.7,79.6,3.79,Rice,5.0,670
69.1,24.1,90.3,1221.0,158.9,70.2,100.3,4.0,Rice,4.55,144
44.9,25.8,60.8,1107.4,33.9,66.7,59.3,2.9,Groundnut,1.8,596
40.2,36.9,62.3,33.9,55.2,45.2,42.1,3.7,Bajra,1.15,584
75.8,27.9,77.3,2057.5,250.0,111.2,210.1,3.24,Sugarcane,10.11,216
70.8,22.9,73.6,946.7,194.3,56.7,57.8,7.13,Maize,6.63,547
58.5,20.6,63.9,394.3,104.6,48.7,43.9,7.11,Wheat,4.36,443
26.8,35.3,56.2,403.3,53.3,34.7,39.9,4.1,Bajra,1.68,457
78.9,29.2,74.1,1047.4,212.3,52.8,123.4,0.57,Rice,5.67,507
74.7,27.3,83.7,1531.8,183.1,65.9,64.2,3.16,Rice,5.66,278
44.2,24.0,54.8,578.3,106.6,48.4,45.9,3.81,Wheat,3.61,571
57.0,25.5,67.9,1151.2,49.4,49.7,58.5,4.19,Soybean,1.8,418
60.8,27.7,60.1,794.7,136.6,37.9,43.5,3.47,Maize,5.73,622
77.8,30.0,76.5,2500.0,246.2,111.2,198.6,1.36,Sugarcane,9.55,173
34.7,16.8,55.9,291.4,29.9,39.7,27.9,1.88,Chickpea,1.63,757
52.6,27.2,64.2,721.5,140.0,51.8,65.3,5.46,Maize,6.04,586
85.1,28.2,65.0,962.0,150.4,42.3,84.3,3.6,Rice,4.52,715
54.7,26.0,65.3,1079.2,38.9,53.2,61.4,1.15,Groundnut,1.94,664
55.3,21.6,78.6,1117.3,43.2,58.1,64.4,4.24,Soybean,2.21,495
44.8,20.3,58.2,560.0,29.5,40.7,33.6,2.62,Chickpea,1.75,557
50.3,29.1,63.9,747.9,30.2,69.7,63.4,0.5,Groundnut,2.06,539
90.4,31.7,83.8,1174.8,132.2,44.5,79.1,3.51,Rice,5.08,227
72.6,23.5,74.5,1462.2,169.0,46.7,32.1,4.25,Rice,4.57,794
52.2,14.3,45.2,445.9,26.4,20.5,40.8,4.36,Chickpea,1.55,662
62.5,17.4,72.7,726.0,186.7,57.7,41.2,6.34,Wheat,4.49,541
82.9,25.1,77.2,2040.2,241.5,42.8,74.7,2.9,Rice,4.34,482
61.2,23.4,67.1,759.3,180.2,37.5,51.9,4.57,Maize,5.64,283
32.2,29.6,44.6,493.5,44.7,33.2,46.1,2.02,Jowar,2.17,567
45.6,14.2,74.4,393.1,154.8,55.4,51.2,2.23,Wheat,3.62,423
79.7,30.2,70.0,2155.3,193.1,77.3,180.9,2.32,Sugarcane,12.0,151
92.0,27.4,82.8,2072.2,250.0,67.9,118.8,2.96,Rice,4.95,38
49.3,33.2,64.0,552.5,115.0,36.7,63.0,6.62,Cotton,2.46,465
52.6,22.3,39.6,392.5,164.7,49.8,38.1,5.83,Wheat,4.06,939
40.0,21.3,49.8,606.4,29.8,43.4,39.0,4.05,Chickpea,1.83,758
84.3,31.0,73.6,1818.1,214.6,87.2,172.8,1.58,Sugarcane,10.87,323
64.1,26.5,67.8,852.8,116.9,38.0,26.7,2.97,Maize,5.88,482
62.1,27.4,65.2,790.4,141.4,44.5,38.3,3.57,Wheat,3.57,248
45.0,26.4,75.7,967.2,43.4,50.5,62.1,3.94,Groundnut,1.87,510
54.3,27.4,76.7,907.6,42.8,57.4,52.1,3.03,Groundnut,1.61,468
89.5,26.8,76.4,2012.4,115.5,112.6,140.7,2.85,Sugarcane,10.41,111
67.3,29.7,76.2,552.8,49.4,43.5,45.9,5.64,Soybean,1.84,482
86.8,21.5,77.8,1792.6,134.4,57.5,87.8,3.01,Rice,3.81,263
55.6,24.2,69.4,902.6,43.0,66.7,42.0,2.88,Soybean,2.34,378
74.8,25.9,79.0,1904.3,227.5,60.8,94.4,1.93,Rice,5.87,121
57.4,23.0,55.6,403.7,140.7,28.6,40.2,5.18,Wheat,4.61,523
42.0,14.5,67.6,448.9,106.1,42.1,37.1,6.49,Wheat,3.21,384
74.9,31.5,77.9,1964.0,148.5,44.8,61.8,5.33,Rice,4.61,346
44.0,32.2,50.1,722.6,105.4,47.9,84.2,3.22,Cotton,3.42,687
85.3,28.2,84.4,934.4,225.8,68.5,69.4,1.01,Rice,4.82,393
58.1,24.6,67.3,479.0,32.7,58.9,42.3,6.04,Groundnut,1.78,501
66.0,29.9,56.4,1310.3,192.2,48.0,70.4,2.96,Maize,3.39,445
54.4,18.1,39.0,663.4,152.5,62.6,52.8,2.96,Wheat,4.41,1023
40.7,24.5,61.2,659.9,54.3,30.6,41.2,5.79,Jowar,1.91,265
79.1,28.1,95.0,1335.9,201.4,57.3,96.9,5.99,Rice,5.73,420
70.6,24.1,82.0,1731.9,153.3,46.5,80.5,2.38,Rice,4.18,328
63.8,12.7,53.2,442.9,142.5,49.2,34.4,4.48,Wheat,4.13,652
35.4,31.8,45.1,389.3,65.3,23.6,39.7,4.55,Bajra,1.83,625
46.8,19.0,49.7,672.0,119.0,54.3,38.7,2.47,Wheat,4.7,606
73.8,22.6,78.4,1202.2,185.9,55.7,128.6,2.22,Rice,4.62,171
42.5,12.1,39.1,15.6,20.0,47.5,39.0,4.55,Chickpea,1.2,563
46.4,21.3,61.5,473.3,30.0,43.8,32.8,4.06,Chickpea,1.6,558
74.1,27.5,73.1,1704.1,178.1,115.2,216.6,1.74,Sugarcane,10.8,78
77.7,21.5,75.9,1210.5,181.6,67.3,97.0,4.83,Rice,5.36,502
68.8,30.2,72.9,719.4,62.5,46.2,77.4,3.32,Soybean,1.81,628
61.5,18.9,60.7,518.3,150.9,56.1,46.0,6.02,Wheat,4.96,42
78.0,25.4,78.9,1215.0,217.6,61.0,108.1,4.0,Rice,5.63,109
30.2,27.0,34.4,624.9,67.1,44.8,45.4,4.67,Jowar,2.09,790
48.7,23.4,68.2,854.3,40.4,45.2,56.3,3.36,Groundnut,2.0,507
61.6,25.0,59.0,674.9,171.6,66.5,45.8,3.5,Wheat,3.0,587
36.9,26.6,70.5,541.0,63.3,19.0,31.6,5.62,Bajra,1.61,562
56.9,16.3,53.1,447.9,132.5,46.5,68.3,2.42,Maize,3.22,757
88.1,26.1,86.4,1846.6,191.7,71.3,63.0,2.43,Rice,5.6,370
57.3,22.3,56.4,562.6,141.4,57.1,37.7,4.81,Wheat,4.93,881
51.5,30.6,65.3,833.7,34.5,28.2,45.3,2.64,Groundnut,2.31,504
52.8,33.9,54.7,838.1,36.2,31.4,61.1,1.75,Groundnut,1.73,716
39.8,35.9,48.9,294.3,152.6,47.6,75.9,4.68,Cotton,2.13,438
76.0,23.1,78.6,2500.0,112.8,46.4,103.5,1.73,Rice,3.27,200
41.4,20.5,39.3,333.3,26.7,38.2,39.8,3.43,Chickpea,1.93,558
63.5,11.8,64.2,782.1,149.6,43.4,52.7,3.96,Wheat,3.43,731
60.5,23.9,66.6,881.0,52.8,74.7,36.1,2.69,Soybean,2.31,846
35.3,32.2,57.3,518.4,82.9,43.2,62.7,0.53,Cotton,2.16,686
75.8,26.2,71.1,1518.6,182.1,55.8,84.9,2.28,Rice,5.92,169
58.0,20.0,66.8,530.1,147.0,45.2,41.6,1.59,Wheat,4.06,510
57.5,29.2,71.5,571.0,50.2,57.9,47.9,4.49,Soybean,2.26,490
42.5,21.7,55.9,236.7,30.4,33.4,35.8,5.03,Chickpea,1.77,677
79.9,25.4,82.8,1620.1,169.0,56.0,109.8,1.67,Rice,5.49,449
55.3,27.0,61.7,443.4,137.3,43.5,44.4,0.5,Wheat,3.55,726
47.8,39.5,49.1,296.5,69.8,33.6,37.9,3.36,Jowar,1.41,277
78.7,20.8,60.0,1971.2,198.1,107.1,208.8,1.26,Sugarcane,8.58,610
42.7,27.5,48.6,553.6,133.8,49.0,62.4,2.87,Cotton,2.72,585
65.7,26.3,59.2,340.9,146.8,53.1,67.5,3.13,Maize,4.69,523
60.2,24.5,56.8,1130.7,93.0,39.7,57.1,4.46,Maize,4.79,749
55.0,18.8,57.0,541.8,25.9,46.2,43.7,0.5,Chickpea,1.52,561
53.3,25.4,60.9,1143.6,54.5,79.1,60.0,3.99,Soybean,2.16,283
57.0,27.1,45.7,129.7,140.8,62.9,46.3,5.11,Wheat,3.08,523
74.3,26.9,72.1,2042.8,175.4,59.9,80.8,3.66,Rice,5.09,314
32.8,22.9,53.3,327.4,26.3,39.0,29.9,2.0,Chickpea,1.57,796
69.1,26.4,74.5,1265.9,227.9,65.5,76.3,6.12,Rice,6.13,609
38.6,27.4,55.0,863.6,81.8,38.5,83.5,5.17,Cotton,3.03,551
56.1,24.7,65.5,986.1,41.2,47.7,69.0,5.46,Groundnut,2.16,407
48.5,17.1,60.0,321.4,120.0,44.2,37.0,3.14,Wheat,3.04,858
47.0,31.4,54.0,1029.9,27.8,48.5,37.9,4.9,Groundnut,2.03,493
54.7,28.2,63.7,589.7,41.6,79.3,55.7,2.31,Soybean,1.79,770
39.8,19.5,46.7,598.8,167.9,35.9,38.7,4.32,Wheat,4.3,707
83.5,28.0,75.1,1396.6,151.5,58.2,78.8,3.65,Rice,7.49,394
57.1,22.2,54.8,221.1,153.0,52.7,42.6,3.35,Wheat,3.27,620
56.5,25.7,67.2,1227.2,141.2,48.2,94.7,3.69,Cotton,2.2,482
70.5,25.5,60.7,1176.6,94.3,40.4,48.3,1.33,Maize,4.64,421
44.9,18.3,42.2,679.4,32.6,48.7,36.7,3.12,Chickpea,1.7,588
46.1,17.8,48.0,275.3,31.7,65.3,33.9,2.9,Chickpea,1.3,677
53.9,21.3,78.8,666.9,89.2,46.3,49.1,3.72,Wheat,4.03,317
49.4,16.0,59.6,415.6,24.5,50.8,42.6,2.07,Chickpea,1.66,645
37.1,26.4,55.8,351.7,71.0,32.5,30.1,2.25,Jowar,2.43,647
38.1,29.9,37.2,746.8,61.7,24.1,36.7,3.85,Jowar,1.81,678
71.9,25.8,53.4,787.6,107.5,48.3,37.3,4.63,Maize,5.81,568
61.4,27.7,60.4,1030.9,49.0,58.5,56.8,0.5,Soybean,2.53,479
47.9,32.4,59.0,527.9,63.4,18.2,42.0,3.01,Bajra,1.71,858
48.1,20.8,43.3,533.3,24.7,40.7,25.8,3.72,Chickpea,1.54,700
51.2,21.0,66.7,355.9,140.6,58.2,31.8,4.12,Wheat,4.88,459
38.4,26.8,55.3,944.7,116.4,51.9,59.4,0.63,Cotton,2.54,519
85.1,27.7,68.1,2200.2,187.0,83.1,210.7,4.09,Sugarcane,9.04,417
90.5,26.7,64.1,986.2,199.8,47.1,86.1,2.03,Rice,4.16,460
57.7,23.1,78.6,824.3,128.4,43.6,44.6,2.41,Wheat,3.76,376
67.4,17.8,53.2,270.8,139.2,39.2,47.8,4.16,Wheat,4.45,623
76.8,26.0,74.9,1566.5,204.2,46.3,80.0,3.08,Rice,6.5,364
48.7,22.5,60.4,373.1,109.0,38.2,48.2,6.23,Wheat,4.06,658
57.3,24.5,58.5,843.6,81.8,34.2,71.4,3.36,Cotton,2.24,622
90.7,29.2,77.8,941.6,209.2,65.0,75.0,4.83,Rice,4.82,138
45.9,27.6,38.2,639.2,60.8,34.0,50.6,3.53,Jowar,2.19,558
58.6,21.9,60.8,634.8,112.8,48.2,63.8,2.17,Maize,4.7,154
46.7,28.1,61.1,520.4,28.9,55.9,70.7,3.17,Groundnut,2.36,698
41.0,20.6,60.9,606.8,135.2,50.5,57.8,0.99,Wheat,4.63,736
77.0,21.6,79.3,1369.9,209.4,55.8,115.7,4.49,Rice,4.71,532
56.7,22.7,48.5,628.7,172.9,41.7,40.7,3.45,Wheat,4.9,677
57.2,27.2,68.1,720.0,143.3,61.3,60.2,5.44,Wheat,3.81,671
87.2,28.6,79.6,2333.5,149.6,104.8,161.9,2.43,Sugarcane,9.16,225
41.9,29.3,63.3,920.4,89.3,35.5,76.6,0.5,Cotton,2.52,487
84.3,27.9,82.3,1655.4,185.5,71.7,93.0,3.13,Rice,6.5,41
76.0,24.2,87.8,1786.6,209.2,65.3,97.1,5.06,Rice,5.53,113
62.9,15.9,68.1,652.4,151.5,53.8,34.1,5.96,Wheat,4.14,410
84.4,27.4,82.7,1655.8,171.8,63.7,93.7,2.42,Rice,4.54,420
76.7,30.3,51.7,701.7,165.4,47.3,65.1,0.71,Maize,4.59,879
66.9,25.0,70.4,1124.5,118.6,51.8,47.4,2.85,Maize,5.63,352
51.2,31.7,64.3,190.1,53.7,77.6,57.7,4.7,Soybean,1.44,648
56.0,28.1,77.8,715.1,135.4,29.2,56.7,7.94,Maize,5.12,462
74.1,33.9,76.9,993.7,131.7,52.7,124.3,2.96,Rice,4.16,272
52.8,30.8,50.0,456.2,36.1,45.6,60.8,5.14,Groundnut,2.27,397
35.1,30.7,51.7,70.3,135.0,37.1,52.5,2.15,Cotton,2.41,579
79.1,22.1,75.9,2112.0,146.6,52.6,122.5,4.36,Rice,3.62,51
54.7,18.4,62.9,405.7,131.6,58.0,50.1,2.83,Wheat,3.27,525
39.3,18.7,49.3,377.7,31.5,28.9,24.3,1.8,Chickpea,1.85,656
92.0,32.9,74.6,1873.9,233.5,89.0,193.2,1.78,Sugarcane,10.21,278
47.8,24.0,55.8,483.1,32.2,56.8,72.5,0.5,Groundnut,1.94,592
33.6,35.1,47.3,841.2,81.1,33.8,41.9,3.41,Jowar,1.4,713
53.2,25.2,70.6,887.0,37.9,56.8,72.1,4.88,Groundnut,1.88,308
76.8,25.9,86.0,2121.5,103.3,43.9,106.8,2.53,Rice,4.96,352
39.4,31.5,57.2,349.1,108.0,40.7,72.6,4.3,Cotton,2.53,365
66.0,31.2,68.6,424.7,114.8,50.7,67.9,3.42,Maize,3.42,536
70.1,13.4,49.3,691.7,167.4,65.0,33.9,7.53,Wheat,3.45,701
49.3,32.2,70.8,749.5,28.0,59.9,81.3,2.52,Groundnut,1.84,346
60.0,23.6,60.7,533.1,141.5,41.0,48.3,5.63,Wheat,5.06,328
66.1,26.2,76.1,1055.4,67.1,54.0,58.1,4.33,Soybean,2.16,488
50.6,25.5,67.1,483.3,169.1,67.9,47.4,2.32,Wheat,3.91,427
38.7,34.8,49.2,462.0,57.4,22.4,36.5,6.31,Jowar,1.84,789
50.9,31.5,42.0,624.3,74.1,27.7,39.2,1.28,Bajra,1.6,819
71.4,26.1,70.2,1479.2,193.7,72.2,116.5,0.5,Sugarcane,9.02,381
78.3,32.6,84.6,1435.5,151.4,58.3,92.6,7.58,Rice,6.16,287
51.0,17.0,57.8,414.3,30.9,55.7,32.3,3.61,Chickpea,1.94,764
58.8,23.0,79.2,732.6,41.6,62.6,59.2,5.2,Soybean,1.68,464
86.7,26.9,92.8,1910.2,159.9,58.0,92.6,0.5,Rice,5.21,53
61.0,17.3,67.9,492.6,101.1,37.6,53.3,0.75,Wheat,4.38,549
66.5,27.2,62.9,1162.6,162.3,30.1,69.1,3.49,Maize,4.16,563
65.5,24.6,77.2,839.0,51.2,64.6,36.9,4.82,Soybean,2.0,439
51.7,20.9,50.9,232.2,141.9,61.9,42.8,4.15,Wheat,4.0,712
71.5,21.5,52.5,820.8,161.9,40.1,40.1,4.62,Maize,4.85,578
42.7,23.3,64.5,467.6,116.0,43.9,38.2,3.42,Wheat,4.05,535
50.8,17.4,65.4,201.1,163.0,50.1,56.4,0.5,Wheat,4.26,435
63.0,30.2,63.3,1358.4,47.9,51.0,65.4,2.5,Soybean,2.13,228
45.0,21.5,50.1,574.9,99.2,49.5,56.4,1.09,Wheat,4.03,822
47.8,26.6,51.9,571.1,90.0,42.3,67.5,3.06,Cotton,2.58,538
68.3,30.0,75.8,1236.4,208.8,58.5,78.3,4.61,Rice,5.6,404
49.2,14.6,49.9,827.5,108.1,58.5,40.6,6.1,Wheat,3.42,388
73.6,32.5,71.9,953.2,127.8,56.2,52.5,5.52,Rice,4.73,458
53.3,28.2,69.1,695.8,34.3,62.1,80.5,2.64,Groundnut,2.23,360
74.9,29.1,71.5,1525.2,213.7,100.2,159.0,3.23,Sugarcane,10.31,825
53.0,28.2,63.1,1493.9,92.2,53.2,79.2,4.6,Cotton,2.28,276
52.3,19.1,54.2,455.4,155.0,41.5,45.9,2.97,Wheat,4.95,484
32.2,29.4,50.9,621.1,50.8,31.4,39.8,2.57,Bajra,2.02,783
46.4,34.4,47.9,366.4,60.5,24.9,44.3,5.3,Bajra,1.65,863
54.5,23.0,50.3,476.6,107.5,62.0,57.7,2.3,Wheat,4.98,334
60.8,24.0,66.3,819.6,22.3,63.9,62.6,2.39,Groundnut,1.76,533
54.8,15.4,57.9,873.8,115.8,71.0,51.1,3.35,Wheat,3.8,688
65.2,22.2,69.0,910.8,113.8,44.1,51.4,5.38,Maize,4.91,273
56.5,26.5,51.4,895.8,136.2,53.1,23.4,4.67,Wheat,3.95,705
67.9,30.4,86.7,960.8,191.0,79.3,117.9,2.33,Sugarcane,8.91,243
46.8,20.3,43.3,484.8,29.1,44.5,53.6,2.34,Chickpea,1.93,552
48.4,21.1,58.3,580.0,151.0,26.7,39.2,1.68,Wheat,4.6,533
64.6,31.1,65.1,955.7,47.2,64.3,38.1,3.42,Soybean,2.05,415
49.4,23.1,49.7,583.4,29.4,45.1,28.9,4.51,Chickpea,1.39,436
28.0,27.3,46.7,385.0,37.5,25.9,41.1,3.25,Bajra,1.61,1023
51.4,21.8,53.9,458.9,110.7,62.0,31.7,4.19,Wheat,4.41,564
46.9,28.3,58.5,587.1,34.4,52.2,43.5,1.26,Groundnut,2.26,469
63.2,24.3,68.5,1302.4,152.4,42.9,52.2,1.6,Maize,4.7,548
54.1,16.5,57.5,609.4,133.0,37.4,34.2,4.22,Wheat,4.71,578
38.8,27.0,55.6,626.5,135.7,54.1,81.1,4.96,Cotton,2.69,807
60.7,29.3,70.0,1172.8,53.9,56.6,58.6,3.81,Soybean,1.99,380
73.4,24.9,63.7,876.3,45.4,48.1,53.0,4.51,Soybean,1.87,561
82.9,26.1,82.3,1847.9,167.7,56.4,90.5,2.22,Rice,5.9,274
65.6,25.5,63.4,1453.4,177.0,33.0,58.3,2.05,Rice,6.16,462
92.0,27.4,79.8,2137.8,178.0,69.0,164.5,2.54,Sugarcane,10.12,215
71.1,26.7,75.9,2500.0,250.0,36.8,80.5,4.16,Rice,4.59,219
58.5,21.6,77.0,883.1,51.4,57.8,72.1,5.39,Soybean,2.4,662
80.0,29.1,76.2,1698.5,167.0,90.0,239.7,0.86,Sugarcane,11.74,209
73.9,28.5,65.3,1570.0,133.5,41.8,72.5,5.26,Maize,4.42,323
84.4,30.2,79.6,2182.7,176.5,63.1,91.1,2.74,Rice,4.63,191
69.5,28.7,75.7,1849.7,223.4,114.4,231.5,2.87,Sugarcane,8.99,389
37.7,28.9,44.4,676.0,70.9,25.1,41.4,3.2,Bajra,1.71,739
49.2,30.9,72.5,1011.8,43.0,31.1,66.8,3.16,Groundnut,1.9,566
59.6,22.9,79.0,752.2,45.3,53.1,64.7,5.76,Soybean,1.79,198
64.0,29.4,89.8,1257.4,117.1,70.3,77.4,3.32,Rice,5.37,313
45.7,24.9,73.4,673.2,64.1,60.9,59.1,4.03,Soybean,2.05,430
44.0,19.2,45.4,609.8,36.6,34.4,36.2,1.44,Chickpea,1.35,634
71.9,28.4,76.2,1572.7,182.2,42.7,101.4,2.98,Rice,6.49,353
83.2,28.9,71.2,1264.9,135.1,58.9,126.7,3.37,Rice,6.17,97
74.9,30.6,79.5,1080.8,167.0,50.5,117.6,3.6,Rice,5.19,403
76.1,28.7,78.8,1788.5,174.7,36.4,111.4,1.96,Rice,5.93,310
46.3,19.7,39.9,434.7,28.0,40.0,31.9,1.72,Chickpea,1.8,513
49.4,30.5,61.8,216.5,107.2,24.2,65.8,2.32,Cotton,2.62,590
61.4,24.6,51.9,864.7,95.1,36.1,47.4,0.5,Maize,4.47,838
55.6,34.8,58.2,975.0,97.9,54.3,52.3,5.33,Cotton,2.25,478
52.1,26.0,65.6,679.7,25.8,27.3,76.1,0.98,Groundnut,2.06,608
57.2,15.5,54.4,549.5,118.4,31.0,35.2,2.54,Wheat,3.84,585
59.1,28.8,70.6,959.1,97.1,48.3,47.9,4.17,Maize,4.07,318
60.6,23.6,48.7,756.4,92.0,37.7,40.2,4.52,Wheat,4.21,496
55.1,15.9,55.3,323.9,113.2,55.2,30.6,4.43,Maize,3.24,579
68.3,26.4,59.5,620.3,153.9,60.7,60.9,6.52,Maize,5.04,772
52.6,20.3,66.0,638.4,154.7,41.8,47.7,2.77,Wheat,4.32,645
47.0,28.2,52.6,722.8,47.4,42.3,66.8,2.8,Groundnut,1.91,504
77.9,25.1,92.3,927.0,166.8,66.0,56.9,4.28,Rice,4.41,444
70.6,29.2,74.0,857.3,182.2,50.5,35.7,2.48,Maize,4.39,410
65.4,27.8,85.6,872.5,150.1,52.1,94.1,4.9,Rice,4.42,236
40.3,38.9,51.6,285.7,86.1,32.0,48.9,2.52,Jowar,1.74,737
92.0,27.9,76.0,1871.9,168.5,55.0,86.3,3.34,Rice,5.63,157
79.2,30.9,72.3,1794.6,241.9,108.3,184.7,4.93,Sugarcane,11.86,89
38.8,19.1,39.3,210.4,30.8,49.3,30.6,0.5,Chickpea,1.66,958
55.0,19.0,47.8,456.1,116.0,58.4,57.5,1.6,Wheat,4.28,398
84.0,27.3,68.6,1303.5,190.9,87.8,173.0,2.17,Sugarcane,9.57,498
58.2,25.7,81.8,951.1,52.0,53.8,37.7,7.29,Soybean,2.3,126
49.5,29.3,49.4,636.4,41.4,48.0,51.9,1.96,Groundnut,1.99,642
46.5,31.4,48.7,573.9,43.8,22.7,35.5,4.12,Bajra,1.8,628
50.5,16.6,48.4,590.8,21.2,50.3,37.6,2.86,Chickpea,1.6,591
67.0,30.6,70.5,1366.9,131.0,66.2,84.7,2.68,Rice,5.11,58
74.0,26.9,73.6,1461.6,182.0,36.7,88.9,4.09,Rice,6.37,343
41.8,30.3,57.5,576.7,129.0,28.1,56.5,3.41,Cotton,2.96,588
44.2,30.3,60.8,1185.9,111.7,38.5,61.5,4.3,Cotton,2.87,353
80.7,26.3,81.7,1557.8,133.9,66.2,96.9,0.5,Rice,5.96,283
59.7,31.0,62.4,1109.8,162.7,24.8,57.9,4.35,Maize,4.21,640
29.6,29.8,37.8,231.5,94.3,40.5,78.8,4.72,Cotton,2.61,656
90.7,30.6,71.0,1424.4,165.5,56.9,120.6,0.6,Rice,4.85,422
47.3,30.3,66.0,794.2,30.2,57.1,61.3,4.57,Groundnut,2.41,324
75.2,31.3,77.2,1429.5,134.8,60.4,72.5,3.87,Rice,4.7,396
69.0,26.8,69.5,1383.5,138.5,73.1,75.4,5.05,Rice,5.62,497
57.9,30.2,58.6,485.0,55.0,49.1,36.6,5.64,Soybean,2.23,976
50.7,29.8,44.1,24.8,63.3,37.7,46.0,4.27,Jowar,1.81,888
70.6,20.2,61.7,673.3,117.8,31.3,54.8,3.65,Maize,4.25,615
61.6,28.8,72.5,1351.5,181.4,49.5,100.7,4.54,Rice,4.89,596
57.7,21.9,73.0,908.3,40.0,50.9,56.4,5.73,Soybean,2.3,279
58.6,15.4,50.8,312.8,131.2,62.0,32.3,3.07,Wheat,3.98,838
80.7,30.6,85.9,2216.8,222.8,100.2,181.3,1.22,Sugarcane,9.42,123
81.0,26.7,76.8,2074.7,182.2,67.1,99.7,1.83,Rice,5.53,177
41.8,37.8,55.1,613.0,67.5,31.6,23.2,2.79,Bajra,1.52,775
75.0,27.9,71.1,968.1,40.5,60.3,57.0,3.22,Soybean,1.84,474
70.5,23.1,68.2,1387.9,187.4,47.9,53.3,4.17,Maize,4.49,611
35.2,24.2,31.1,498.2,64.7,29.0,49.1,2.15,Jowar,1.92,559
85.4,27.8,94.1,1788.8,187.3,62.8,87.9,0.84,Rice,6.05,243
59.6,26.8,56.0,660.1,44.2,74.2,66.4,4.08,Soybean,2.04,515
63.3,17.3,69.6,645.0,37.1,75.4,64.9,5.47,Soybean,1.65,450
68.4,28.6,62.0,1184.4,122.3,54.1,52.9,2.56,Maize,4.47,191
52.5,27.8,50.5,535.9,43.8,55.9,55.6,1.17,Groundnut,2.18,794
47.2,31.3,58.3,333.7,55.4,33.2,39.9,3.72,Bajra,1.83,650
54.8,16.9,59.7,185.2,104.7,58.9,46.6,6.79,Wheat,3.54,475
75.7,27.6,73.8,1419.9,250.0,72.1,186.9,1.25,Sugarcane,10.72,158
73.2,21.7,87.7,1597.7,208.2,61.9,83.4,3.19,Rice,5.29,120
67.5,31.5,81.4,1756.5,168.9,60.7,67.2,4.79,Rice,5.07,489
38.2,25.4,51.1,331.5,99.7,27.7,53.0,4.03,Cotton,2.05,656
55.1,29.5,69.5,915.1,48.5,63.1,47.3,1.63,Soybean,2.11,407
69.4,29.5,68.9,861.9,81.1,25.6,50.2,3.79,Maize,5.57,545
46.4,26.0,71.6,566.2,136.2,24.4,72.7,1.14,Cotton,2.88,488
85.3,31.8,73.9,1272.4,156.6,49.1,78.5,0.5,Rice,5.49,416
87.2,28.6,95.9,1813.4,186.2,47.1,105.4,7.19,Rice,5.36,304
39.5,15.3,34.8,368.0,34.2,42.0,50.7,0.76,Chickpea,1.73,823
66.4,28.7,76.9,1566.7,122.4,48.1,57.7,0.7,Maize,3.65,460
92.0,25.2,89.9,1584.6,153.8,63.7,95.1,0.97,Rice,5.02,61
77.1,28.4,68.4,1060.5,222.8,90.4,154.6,5.27,Sugarcane,8.81,459
31.4,32.7,25.1,141.0,43.8,27.8,29.5,3.98,Bajra,1.67,787
42.1,28.4,42.6,648.2,58.4,25.4,35.9,5.09,Jowar,1.51,711
90.0,25.8,78.1,1244.7,206.3,66.9,89.6,2.45,Rice,4.41,348
56.0,18.5,55.1,652.3,134.7,45.0,50.6,4.04,Wheat,4.59,508
37.0,27.9,44.5,321.7,84.6,32.4,39.5,2.69,Jowar,2.13,665
45.4,24.9,72.3,605.1,123.5,47.8,70.1,4.42,Maize,5.16,621
56.5,31.6,74.2,797.2,43.5,66.6,47.0,1.58,Soybean,1.86,354
40.5,18.8,58.4,960.2,127.5,47.3,47.5,4.06,Wheat,3.26,351
75.5,25.2,79.7,1399.9,232.9,66.3,72.4,0.8,Rice,5.6,417
56.8,16.5,53.2,521.8,112.3,68.2,49.2,4.12,Wheat,4.76,783
36.0,29.8,46.2,472.5,79.2,29.3,50.3,4.97,Jowar,2.5,650
52.2,15.5,49.6,381.6,37.1,38.3,38.3,3.18,Chickpea,1.83,697
39.0,19.0,41.0,326.5,25.5,51.6,40.2,3.13,Chickpea,1.83,613
52.1,30.0,50.2,536.0,80.6,34.2,76.1,4.87,Cotton,2.87,625
72.4,27.5,59.2,1167.9,118.6,40.2,54.0,3.89,Maize,4.68,677
63.7,20.9,60.5,812.0,150.6,48.7,46.7,3.38,Wheat,4.78,666
53.5,18.1,54.1,575.3,176.4,52.0,33.6,3.64,Wheat,4.7,645
31.7,38.2,40.1,483.8,81.9,27.2,44.5,2.9,Bajra,1.69,689
56.5,25.7,64.2,905.8,87.8,35.0,76.5,4.62,Cotton,2.2,255
70.1,27.7,54.6,1027.7,100.7,23.7,27.4,3.63,Wheat,1.87,610
48.7,22.2,55.9,557.7,151.3,59.8,45.6,4.16,Wheat,4.12,681
56.6,27.3,73.1,705.2,47.3,61.7,65.2,3.36,Soybean,2.53,620
56.3,25.1,70.0,916.7,148.3,41.1,41.1,2.25,Maize,4.44,763
82.8,22.5,69.8,1062.5,137.4,69.7,62.4,2.4,Rice,4.49,497
48.5,16.4,50.3,611.3,110.7,58.1,37.2,4.54,Wheat,4.27,792
37.3,30.0,61.5,268.2,52.5,29.5,30.8,5.63,Bajra,1.87,435
58.7,27.3,51.3,365.8,37.7,56.4,67.0,5.33,Groundnut,2.0,851
56.9,20.6,69.0,1155.8,41.2,52.0,52.2,3.8,Soybean,1.74,566
76.8,24.1,71.6,1529.4,189.9,54.6,95.7,2.89,Rice,5.93,577
40.4,14.0,51.1,273.9,25.9,52.7,29.0,2.1,Chickpea,1.53,783
72.0,27.5,56.5,902.3,128.7,47.3,49.9,4.72,Maize,5.05,633
80.3,25.6,75.2,1702.5,202.1,83.3,222.0,4.71,Sugarcane,11.17,549
71.8,28.5,74.9,943.6,164.7,56.9,83.2,5.24,Rice,6.47,316
92.0,29.9,84.3,1424.9,225.4,63.0,96.0,6.8,Rice,5.85,393
48.2,21.3,58.7,641.6,23.8,40.2,40.4,2.38,Chickpea,1.49,745
43.5,19.1,62.9,497.7,27.6,34.4,27.8,1.56,Chickpea,1.81,447
76.6,23.6,59.9,1389.5,151.8,53.5,54.3,1.33,Maize,3.68,302
71.4,29.2,57.8,856.7,47.3,51.1,65.1,1.41,Soybean,2.11,626
41.6,15.7,63.5,361.0,34.5,43.7,41.1,3.86,Chickpea,1.83,598
59.8,22.4,53.0,450.3,107.4,57.4,30.2,4.17,Wheat,4.64,739
55.5,23.8,69.0,1305.8,42.6,57.6,46.5,1.28,Soybean,1.79,515
66.1,20.1,61.8,524.7,33.7,48.5,41.4,4.36,Chickpea,1.6,456
75.6,27.8,80.9,1038.1,204.5,55.9,77.3,2.36,Rice,5.32,413
42.1,9.8,53.5,580.1,32.2,41.8,32.3,3.1,Chickpea,1.02,799
64.4,27.7,69.4,868.8,64.3,29.1,84.1,1.94,Rice,5.31,415
61.4,25.0,60.0,1264.8,166.5,46.9,26.3,4.52,Maize,4.96,449
58.9,26.1,63.3,606.4,33.1,68.5,52.3,3.69,Soybean,2.12,380
75.4,23.5,86.0,1228.7,139.6,58.5,106.3,0.97,Rice,5.21,429
49.9,23.4,57.0,638.5,140.4,50.4,45.2,1.8,Wheat,5.18,890
61.0,26.8,62.3,1351.8,59.6,65.3,60.7,3.33,Soybean,1.91,257
35.7,34.9,59.4,637.8,145.5,42.7,83.1,2.54,Cotton,2.8,692
61.7,21.1,61.1,645.0,150.1,43.2,57.0,2.17,Wheat,4.99,699
48.8,27.4,62.7,368.9,152.9,45.5,70.5,4.39,Maize,4.15,501
31.6,31.4,51.2,261.1,58.9,40.8,39.8,0.5,Bajra,1.72,627
92.0,25.7,88.3,2158.4,169.5,65.5,55.2,3.91,Rice,4.04,47
82.3,23.2,94.0,1647.5,111.9,58.9,115.7,2.74,Rice,5.02,101
62.1,29.8,60.7,871.3,111.3,40.5,49.8,3.12,Maize,5.16,563
81.1,30.3,84.1,2172.5,218.5,101.9,161.9,2.79,Sugarcane,10.02,325
78.4,32.7,90.2,1463.1,222.5,95.7,191.4,2.15,Sugarcane,9.72,274
62.9,23.8,53.4,595.4,105.6,46.2,44.8,4.56,Wheat,4.13,758
49.2,34.7,58.5,494.3,73.4,28.3,49.9,2.63,Jowar,1.87,633
52.5,27.7,72.8,1128.6,48.1,81.0,55.3,3.77,Soybean,2.5,235
57.3,28.9,64.3,480.7,51.7,71.5,65.4,5.41,Soybean,2.0,779
47.4,20.3,59.3,615.4,24.5,46.3,22.1,5.69,Chickpea,1.71,760
78.5,32.6,67.7,1561.1,187.1,51.5,138.2,3.21,Rice,4.95,290
70.1,23.1,62.8,1038.0,124.0,43.3,56.9,3.51,Maize,4.41,768
75.5,33.3,64.2,1830.9,250.0,101.6,208.1,2.73,Sugarcane,9.21,462
92.0,29.3,78.0,2402.4,250.0,75.1,203.7,2.94,Sugarcane,8.79,260
41.0,26.6,54.1,507.5,63.3,46.0,45.3,4.54,Jowar,1.85,924
42.1,28.2,51.3,746.1,70.6,17.6,40.9,6.09,Jowar,2.24,249
61.9,28.9,67.1,975.6,51.0,67.1,59.8,1.79,Soybean,2.53,233
57.1,29.5,48.4,806.7,38.8,63.1,62.9,4.26,Groundnut,1.92,748
61.8,19.7,65.3,486.7,141.3,44.0,31.8,3.52,Wheat,4.11,515
84.5,30.5,78.7,2051.7,127.7,40.6,108.2,4.24,Rice,4.45,126
60.4,23.1,69.8,459.6,43.1,49.4,65.7,4.44,Soybean,1.61,748
62.5,29.6,69.0,803.4,49.5,50.5,47.8,2.7,Soybean,2.24,556
50.5,26.4,63.7,1119.2,113.7,30.5,72.7,5.49,Cotton,2.57,291
41.4,21.6,59.1,262.5,37.0,58.9,40.2,2.93,Chickpea,1.86,528
81.2,29.1,73.2,1807.0,197.9,64.2,82.1,2.35,Rice,5.1,458
34.4,29.6,63.7,728.5,68.0,25.4,36.8,6.61,Jowar,2.18,804
35.6,32.4,46.0,840.5,137.7,32.0,74.4,4.65,Cotton,2.58,352
68.9,22.0,67.3,1006.6,41.1,66.3,72.1,3.01,Soybean,1.87,508
33.7,30.8,45.7,429.1,52.4,30.0,41.4,3.46,Bajra,2.06,647
68.2,26.3,57.6,658.9,149.7,40.1,51.2,1.93,Maize,5.15,326
35.3,21.6,67.7,260.3,33.2,35.2,38.9,2.25,Chickpea,1.62,538
42.0,29.1,39.1,291.0,49.2,21.9,30.3,3.51,Bajra,2.02,519
41.5,30.2,53.2,427.9,70.0,28.5,25.9,6.94,Bajra,2.15,571
70.3,25.4,82.8,1451.8,168.4,48.1,120.1,1.83,Rice,6.77,550
56.2,17.6,68.4,398.1,124.0,58.0,32.1,5.76,Wheat,4.51,618
63.4,25.5,89.7,2088.8,196.6,58.1,92.9,6.47,Rice,4.52,325
71.0,29.4,45.2,799.7,45.1,35.5,61.1,0.79,Groundnut,2.06,757
73.0,24.1,80.3,1693.1,201.6,51.4,118.8,0.5,Rice,5.59,350
78.5,29.1,89.7,1600.0,214.0,20.0,82.4,0.5,Rice,6.26,396
48.1,26.2,55.6,503.3,63.0,46.5,48.9,4.09,Jowar,2.05,449
57.5,14.4,49.0,497.1,108.8,55.4,51.6,1.62,Wheat,4.35,620
81.4,27.0,86.7,1366.3,168.3,52.3,115.3,4.96,Rice,5.5,419
83.7,24.9,80.2,1060.6,173.0,68.2,106.2,4.5,Rice,5.34,258
75.0,25.9,74.9,1162.1,192.0,56.8,77.0,1.92,Rice,5.96,328
52.8,29.1,66.7,861.2,57.4,39.9,38.8,4.33,Jowar,1.68,678
30.6,30.3,40.3,403.2,55.3,35.2,38.1,3.17,Bajra,1.8,975
85.3,29.1,74.9,2159.1,199.1,95.0,255.2,0.5,Sugarcane,10.2,192
91.3,28.4,86.3,1780.0,232.0,46.6,76.5,3.73,Rice,4.28,129
39.3,34.1,22.5,0.0,55.5,21.6,41.9,3.74,Jowar,1.42,959
38.0,20.0,56.1,457.9,30.2,40.0,29.0,4.15,Chickpea,1.87,669
51.0,27.2,58.0,357.8,26.0,53.5,61.2,2.83,Groundnut,1.67,524
87.7,25.8,75.2,1591.5,226.5,66.7,120.6,4.55,Sugarcane,9.68,433
43.1,27.9,52.5,538.0,71.6,32.0,29.5,3.7,Jowar,2.39,729
92.0,29.2,78.6,1591.9,157.2,37.0,79.7,1.82,Rice,5.05,332
59.3,18.7,51.9,623.1,153.4,48.7,49.2,2.41,Wheat,4.89,1023
69.7,27.3,79.1,1437.9,173.9,64.8,105.4,4.32,Rice,6.36,539
55.3,30.1,44.7,939.2,109.6,44.8,73.4,5.18,Cotton,2.75,778
79.1,23.6,67.2,990.0,149.3,44.2,86.1,2.79,Rice,4.47,631
61.1,27.4,61.1,584.7,40.9,58.1,71.5,5.85,Soybean,2.14,1023
74.2,25.1,80.9,2128.3,168.6,52.5,99.9,7.39,Rice,4.97,418
36.4,29.5,49.9,413.8,33.7,47.4,73.0,4.55,Groundnut,1.98,570
61.3,32.0,63.8,1168.3,46.9,46.7,63.6,2.43,Soybean,1.96,528
55.1,18.8,71.9,712.4,108.1,57.8,63.9,0.76,Wheat,4.5,486
43.4,29.7,43.2,85.5,59.6,32.9,40.4,7.38,Bajra,1.78,673
32.5,27.9,44.4,174.9,62.5,35.4,38.6,3.75,Bajra,1.91,782
51.5,21.4,45.5,588.9,143.7,48.5,37.2,6.66,Wheat,4.88,728
37.5,19.5,41.9,97.7,36.3,52.0,25.7,1.65,Chickpea,1.42,757
79.6,26.3,82.9,1706.5,145.3,60.9,110.0,3.47,Rice,5.89,207
55.7,24.0,64.9,704.9,26.6,50.7,42.5,5.96,Soybean,2.22,656
73.8,22.0,76.9,1728.7,162.6,59.9,63.7,0.5,Rice,4.38,75
66.9,30.4,58.8,673.9,33.3,69.7,56.6,0.5,Groundnut,1.89,707
76.7,30.3,77.0,1926.4,168.5,62.6,123.3,6.1,Rice,5.21,297
53.5,20.2,60.9,344.4,53.2,67.0,49.8,3.24,Soybean,1.21,649
58.8,26.2,64.6,666.5,44.9,50.7,56.1,1.55,Soybean,2.22,178
61.3,20.6,49.3,598.4,142.0,47.1,46.5,6.06,Wheat,4.26,917
60.5,29.3,63.8,948.7,161.4,51.6,49.5,3.82,Maize,5.3,246
81.4,32.1,74.6,1746.7,233.6,119.8,155.3,3.26,Sugarcane,10.38,200
69.1,29.9,80.2,1289.3,192.4,50.5,87.6,3.09,Rice,5.77,441
43.8,24.4,69.5,609.4,121.6,39.4,48.8,5.17,Wheat,4.79,415
59.9,27.8,61.4,955.5,36.5,53.6,47.8,1.47,Soybean,2.42,464
38.7,23.7,37.9,243.1,70.0,28.1,49.8,4.01,Jowar,1.65,437
35.7,32.6,63.7,302.0,66.3,31.8,35.7,1.67,Jowar,1.87,525
69.8,30.9,79.1,1536.6,174.5,60.2,95.1,1.4,Rice,5.62,356
42.5,31.2,53.7,636.7,90.2,38.1,68.3,4.19,Cotton,2.71,728
85.9,32.8,72.7,2124.1,225.5,46.7,196.8,1.02,Sugarcane,9.76,259
70.7,24.7,78.1,1853.1,162.7,65.1,87.4,5.17,Rice,5.57,330
45.3,31.3,64.2,660.4,48.0,36.6,31.5,6.43,Bajra,1.84,608
42.5,31.8,55.7,617.5,109.4,42.7,70.9,1.69,Cotton,2.6,511
57.2,23.4,57.0,731.0,143.3,42.9,36.3,3.07,Wheat,4.23,475
66.9,21.6,57.1,1161.3,74.2,39.0,48.4,2.84,Maize,4.53,831
84.4,27.0,84.6,2335.2,150.8,57.3,64.5,2.92,Rice,4.01,85
48.3,24.6,60.5,488.3,134.1,59.1,45.0,5.86,Wheat,4.47,779
80.3,29.8,75.4,1932.7,250.0,79.5,194.6,1.28,Sugarcane,10.72,316
74.4,31.2,82.6,1484.2,164.1,65.3,106.7,0.93,Rice,6.28,530
66.5,16.7,53.5,267.4,115.0,62.6,52.8,4.58,Wheat,3.34,574
41.5,31.5,36.3,502.5,69.1,31.6,37.5,2.89,Bajra,1.83,838
55.3,16.0,69.9,519.9,106.1,30.2,27.6,4.13,Wheat,4.13,566
80.0,24.1,70.1,1084.6,228.7,54.7,100.0,2.93,Rice,5.38,408
64.2,15.7,56.6,211.0,124.8,43.7,53.7,3.82,Wheat,3.47,703
76.7,27.0,61.7,489.1,171.2,57.1,52.8,0.5,Rice,4.9,467
50.3,34.7,60.7,512.8,38.7,50.4,48.4,3.31,Groundnut,1.65,576
53.7,18.4,59.0,626.6,152.2,58.4,53.1,4.82,Wheat,5.26,526
57.1,21.7,65.1,822.3,162.0,32.6,57.1,4.97,Maize,5.01,630
51.0,21.3,50.1,329.2,101.5,54.9,49.5,2.79,Wheat,4.73,674
92.0,28.4,74.3,2162.6,199.2,50.5,127.5,1.94,Rice,4.49,77
55.7,26.4,67.3,665.9,34.0,97.5,76.5,3.3,Soybean,2.19,461
69.2,31.9,64.7,904.9,41.4,65.7,50.9,4.33,Soybean,1.98,492
46.6,25.9,49.5,347.1,56.0,38.3,41.2,2.3,Jowar,2.11,553
66.5,31.0,70.3,1617.0,169.5,46.0,90.5,4.15,Rice,5.35,578
54.4,23.1,51.1,335.1,139.7,60.2,45.1,0.5,Wheat,4.13,742
92.0,33.1,97.0,1754.0,133.5,50.9,81.8,4.64,Rice,3.96,328
44.3,25.3,49.6,382.8,61.8,21.7,40.8,2.31,Jowar,1.95,570
63.6,22.6,70.7,904.5,104.7,54.3,42.8,5.52,Wheat,4.56,400
46.8,23.0,51.2,357.1,63.2,26.3,43.7,4.17,Bajra,1.43,831
75.1,31.8,75.9,1373.4,187.6,63.2,78.6,2.52,Rice,4.42,147
55.0,13.7,52.0,160.8,153.7,41.1,45.3,2.99,Wheat,2.96,750
56.5,21.7,61.7,936.1,100.5,42.0,75.8,5.5,Maize,5.78,540
75.3,27.0,78.9,1240.6,95.4,55.0,83.3,2.51,Rice,5.85,283
72.3,22.4,70.3,1433.7,57.8,65.2,70.7,4.09,Soybean,1.59,412
58.7,28.2,61.5,956.2,42.8,54.5,38.2,4.35,Soybean,2.52,362
43.8,19.6,55.9,444.1,34.0,34.1,34.4,1.86,Chickpea,1.93,667
81.9,25.1,89.1,942.0,152.8,66.3,81.8,3.04,Rice,5.16,137
51.0,23.1,70.3,919.9,31.9,47.9,58.7,2.14,Groundnut,1.74,267
75.2,26.0,87.6,2352.8,188.9,60.4,83.3,2.77,Rice,4.61,411
53.8,20.3,64.9,537.7,108.1,53.0,47.2,4.57,Maize,4.75,446
44.5,15.3,53.9,412.7,34.9,43.5,30.8,2.44,Chickpea,1.69,330
52.5,33.5,54.1,397.6,55.0,19.1,44.0,3.51,Jowar,1.96,800
37.4,34.1,51.6,1279.2,125.2,30.7,55.3,3.73,Cotton,2.44,444
50.1,26.6,53.0,645.8,31.2,51.8,66.4,3.91,Groundnut,2.27,94
26.7,15.6,61.0,581.9,29.1,53.2,43.6,5.64,Chickpea,1.28,568
41.8,23.6,39.3,395.6,41.1,78.1,73.1,4.11,Groundnut,1.63,894
46.1,20.9,53.1,631.5,20.9,16.5,42.2,2.44,Chickpea,1.66,685
76.3,27.1,78.3,1509.9,165.8,66.3,84.5,4.52,Rice,5.76,594
41.4,27.4,57.9,126.5,128.1,35.9,70.5,3.21,Cotton,2.26,637
42.3,32.7,66.0,597.5,47.7,43.2,40.9,2.12,Bajra,1.74,627
46.6,26.9,57.3,777.7,102.6,36.5,88.0,5.42,Cotton,2.39,428
42.7,25.8,57.8,886.5,46.3,26.7,53.8,5.26,Bajra,1.63,588
57.0,20.4,54.4,233.6,179.3,50.2,40.1,0.87,Wheat,4.34,902
36.7,11.9,61.0,0.0,24.2,51.5,37.4,4.87,Chickpea,1.12,726
48.0,31.1,64.1,642.3,143.3,52.7,47.7,2.17,Maize,4.86,570
55.7,27.7,72.8,1031.2,47.5,75.2,50.2,3.81,Soybean,2.21,127
40.9,27.1,63.3,522.7,83.4,24.9,39.5,5.15,Jowar,2.18,509
51.5,36.7,55.3,708.7,53.2,33.3,40.1,3.19,Bajra,1.25,409
64.2,29.1,77.0,1033.2,188.4,59.4,74.5,3.4,Rice,3.73,515
54.3,28.8,49.8,549.4,28.4,43.1,66.7,3.23,Groundnut,1.93,553
64.3,30.3,58.3,854.3,121.0,50.2,51.4,2.59,Maize,5.11,619
56.1,24.9,69.3,754.5,31.0,38.1,68.6,2.88,Groundnut,2.21,338
56.3,26.6,47.3,716.7,115.0,38.0,89.6,5.99,Cotton,2.63,951
47.1,30.5,57.1,888.6,25.9,51.6,72.1,1.92,Groundnut,2.06,390
26.7,34.1,44.4,386.7,36.5,29.0,39.0,2.07,Bajra,1.75,742
56.5,21.5,64.7,874.6,42.5,47.4,39.4,2.8,Soybean,1.81,912
46.1,24.9,43.0,94.8,72.9,35.0,50.9,4.66,Jowar,1.74,793
79.2,26.0,71.9,892.7,206.8,68.2,73.5,4.63,Rice,4.98,320
76.7,22.7,89.1,1055.4,142.8,67.1,99.9,4.29,Rice,5.18,404
52.4,32.8,56.9,0.0,127.7,37.9,74.9,0.5,Cotton,2.57,830
59.5,20.9,44.1,532.4,113.8,50.6,39.5,4.36,Wheat,5.09,840
88.5,29.5,73.7,1553.7,175.1,47.3,82.2,3.85,Rice,5.13,59
57.2,20.8,51.2,408.9,20.0,45.0,32.1,4.67,Chickpea,1.84,705
35.8,28.6,34.9,215.3,74.8,33.9,43.5,0.92,Jowar,2.1,471
87.2,24.0,84.2,1689.6,157.3,68.4,74.0,2.86,Rice,5.48,565
37.2,31.8,55.2,469.4,49.0,30.6,36.9,4.13,Bajra,2.17,646
78.9,29.1,80.7,1596.6,148.8,47.8,93.3,3.37,Rice,5.81,237
66.0,19.2,77.5,1062.6,36.4,41.8,48.6,4.9,Soybean,1.49,493
61.6,27.0,65.8,673.0,52.1,68.8,75.0,4.32,Soybean,2.42,603
49.0,31.3,66.2,459.1,24.8,50.9,60.7,3.45,Groundnut,1.63,372
45.8,28.4,65.9,613.1,67.0,27.3,37.9,5.55,Jowar,1.99,784
52.3,27.3,65.4,731.5,35.7,71.8,52.7,2.85,Groundnut,2.25,487
47.7,21.1,55.6,343.8,155.2,75.6,30.6,4.12,Wheat,4.02,379
69.0,28.2,67.1,1031.3,130.4,46.5,49.0,3.01,Maize,5.83,687
65.2,29.0,75.1,1637.3,170.2,53.9,64.3,1.64,Rice,5.69,575
78.0,26.9,77.4,1503.5,215.9,77.2,184.4,4.36,Sugarcane,10.02,532
38.4,17.6,48.8,441.7,30.1,49.1,41.1,2.5,Chickpea,1.87,769
55.7,19.6,72.5,596.6,123.9,45.5,46.4,5.73,Wheat,4.97,349
57.9,24.7,66.1,1025.2,39.2,72.4,73.3,4.99,Soybean,2.27,625
48.3,31.3,77.4,902.8,29.2,61.9,59.5,1.39,Groundnut,1.75,695
52.4,21.9,68.6,918.5,44.5,70.6,42.6,2.48,Soybean,1.79,600
41.5,30.0,36.6,350.6,53.1,25.4,32.2,5.0,Jowar,1.97,1019
76.3,28.0,92.2,1509.8,141.5,57.9,88.5,1.79,Rice,5.69,128
66.5,18.4,56.5,392.8,121.5,63.7,58.1,2.72,Wheat,3.91,791
79.1,27.0,77.2,1767.7,192.0,96.3,164.4,3.14,Sugarcane,10.43,456
41.1,30.6,62.9,201.5,66.5,24.5,29.5,6.61,Bajra,2.07,382
80.1,27.7,75.1,2140.2,173.4,46.8,103.6,2.08,Rice,4.62,38
49.3,15.1,47.5,240.9,23.0,19.0,34.3,3.87,Chickpea,1.46,606
72.9,31.8,86.0,1645.5,175.7,44.6,97.5,2.8,Rice,5.2,282
69.2,26.3,75.8,197.2,171.2,37.1,59.0,8.92,Maize,4.43,581
91.1,26.1,84.5,2500.0,175.3,60.1,67.6,0.5,Rice,3.9,168
57.9,30.0,63.1,594.8,198.0,58.9,56.3,5.81,Maize,5.28,550
67.5,22.6,67.0,633.1,92.3,46.9,41.6,5.85,Wheat,3.94,507
83.8,27.1,75.1,1693.8,215.3,96.2,114.7,1.64,Sugarcane,9.16,348
63.6,26.2,52.6,641.3,36.9,49.2,59.7,7.31,Groundnut,1.85,724
61.7,14.8,64.0,531.9,128.2,45.9,42.9,6.41,Wheat,4.21,637
42.1,24.9,71.6,450.5,78.0,25.0,38.3,3.66,Jowar,2.03,504
61.2,26.5,80.9,1041.7,156.6,41.2,46.1,4.2,Maize,5.47,408
50.1,31.4,48.8,482.4,69.5,34.8,52.2,4.23,Jowar,2.22,612
67.8,27.3,96.0,1327.8,170.5,42.5,80.5,2.43,Rice,5.37,365
29.9,23.5,62.1,679.7,43.6,39.3,36.4,4.53,Bajra,1.49,480
66.7,20.6,54.0,661.2,149.1,49.4,59.6,2.42,Wheat,4.05,874
55.6,19.2,41.9,570.0,109.1,52.1,58.6,1.71,Wheat,5.14,715
47.6,36.6,64.4,507.6,64.1,39.5,50.7,2.62,Jowar,1.94,603
60.6,29.3,76.2,1143.1,44.1,43.4,49.3,2.54,Soybean,2.11,274
60.1,32.0,54.8,1081.8,149.5,26.6,56.8,6.49,Maize,4.15,510
33.1,25.0,52.5,645.5,53.3,34.6,42.1,7.31,Bajra,1.59,660
51.4,17.5,60.2,633.0,24.3,42.6,36.9,3.06,Chickpea,1.47,581
40.9,24.9,62.7,985.9,45.6,59.0,71.9,1.91,Groundnut,1.9,418
63.5,29.3,72.3,1368.8,147.9,62.3,98.5,4.43,Rice,5.24,214
63.1,14.8,63.5,707.6,126.4,42.9,37.7,3.78,Wheat,3.54,549
72.1,28.9,95.3,1969.1,153.9,49.2,80.8,0.5,Rice,5.54,217
70.3,30.8,51.7,835.1,60.5,76.3,35.0,2.78,Soybean,2.02,702
75.2,25.9,67.3,1132.1,174.1,52.3,100.8,1.51,Rice,5.42,651
70.9,30.1,75.9,1852.7,205.4,62.0,122.1,1.7,Rice,4.79,264
67.2,23.9,59.0,763.1,125.1,48.3,59.6,2.81,Maize,4.75,264
85.5,25.9,84.9,1865.3,160.2,70.2,98.2,3.06,Rice,6.42,234
54.5,24.4,65.4,1066.7,28.1,59.6,52.2,2.72,Soybean,2.45,198
67.9,17.1,55.3,516.9,120.4,39.7,44.9,2.75,Wheat,3.54,432
52.2,18.0,61.4,341.9,132.9,60.5,33.5,1.28,Wheat,4.48,764
65.5,25.4,58.7,628.7,113.3,37.5,61.5,3.83,Maize,5.28,677
65.4,21.1,61.0,568.8,142.1,47.7,53.1,0.5,Wheat,5.47,481
83.0,31.2,81.4,1699.1,174.5,42.0,105.3,2.89,Rice,5.66,195
42.3,30.3,54.1,680.2,89.1,30.5,57.8,3.62,Cotton,2.79,605
56.0,18.8,68.3,404.8,27.1,39.8,25.5,4.51,Chickpea,1.81,274
39.2,28.6,49.8,502.9,68.2,32.4,36.3,6.14,Jowar,2.11,746
39.5,30.1,50.7,876.0,116.0,57.9,77.2,0.61,Cotton,3.0,567
50.7,27.0,67.2,821.9,36.3,50.1,74.2,2.29,Groundnut,2.3,783
52.4,23.1,56.8,491.4,138.5,75.3,33.3,5.0,Wheat,4.8,459
76.7,29.3,69.1,1815.0,189.7,103.0,120.7,2.98,Sugarcane,12.0,518
78.3,26.2,78.2,1849.7,179.5,53.4,61.0,1.52,Rice,6.35,193
71.1,23.1,78.7,1215.6,161.0,73.3,97.6,4.47,Rice,5.32,522
43.7,15.2,55.7,365.0,22.5,61.1,32.2,5.13,Chickpea,1.71,495
65.0,25.8,58.3,678.6,47.7,42.7,45.8,3.5,Jowar,1.66,700
39.0,26.0,49.5,159.9,94.3,36.0,68.6,2.79,Cotton,1.95,645
40.5,19.2,41.2,0.0,24.0,43.8,36.0,6.03,Chickpea,1.59,654
51.6,26.9,54.3,632.6,31.8,55.0,79.5,2.23,Groundnut,2.45,600
34.7,30.6,37.9,365.0,77.0,31.7,36.7,4.56,Bajra,2.2,839
42.4,33.2,47.1,328.0,55.4,44.3,38.2,5.93,Jowar,1.72,773
38.2,34.7,48.0,636.5,50.9,21.6,40.4,2.81,Bajra,1.77,913
34.7,16.6,57.8,80.1,35.5,29.8,35.6,3.61,Chickpea,1.41,791
79.8,24.2,83.2,2271.3,173.3,50.1,97.7,2.99,Rice,3.77,0
60.2,25.3,58.7,761.5,53.3,68.9,48.9,1.41,Soybean,2.12,512
45.0,35.3,61.1,1036.3,122.8,28.7,72.3,3.92,Cotton,2.32,213
54.9,28.6,63.2,730.3,199.9,47.0,48.3,5.95,Maize,5.69,484
85.8,32.2,85.9,2148.8,160.1,51.4,80.8,1.32,Rice,3.27,321
26.8,29.3,42.4,326.7,49.4,26.8,58.3,6.12,Bajra,1.91,535
65.2,25.6,73.1,1551.2,43.4,67.8,66.4,5.04,Soybean,1.68,183
76.0,31.8,76.8,1525.3,138.8,49.8,90.2,1.65,Rice,5.24,365
67.5,28.3,78.4,750.0,33.1,63.8,64.0,3.88,Soybean,2.41,378
46.0,28.0,51.6,879.2,119.0,49.8,39.4,0.72,Cotton,2.74,858
57.4,16.5,72.2,695.3,33.5,53.4,49.1,2.57,Chickpea,1.43,527
45.8,19.3,47.5,308.3,88.9,42.7,42.3,2.62,Wheat,4.82,792
44.5,24.2,45.9,249.1,31.9,45.6,62.1,5.51,Jowar,1.7,997
41.6,18.2,50.5,439.8,29.8,36.6,34.0,6.67,Chickpea,1.82,597
72.6,28.3,82.3,2005.1,219.5,39.4,80.2,2.02,Rice,5.44,258
34.3,35.2,28.7,222.6,61.3,31.0,59.7,6.72,Bajra,1.65,676
56.0,25.5,72.1,672.5,48.3,68.7,51.9,1.78,Soybean,2.5,521
46.0,19.0,63.1,570.6,129.8,46.9,46.9,1.8,Wheat,5.18,724
39.3,31.7,69.0,177.6,111.3,22.4,52.0,4.2,Cotton,2.27,779
70.3,24.3,65.3,914.8,105.4,35.1,70.7,5.13,Maize,5.75,497
87.9,28.6,79.8,1071.3,176.9,58.0,72.8,2.23,Rice,4.84,264
46.8,32.7,50.6,507.5,73.9,35.2,40.5,4.68,Bajra,1.63,548
80.2,30.8,80.0,1828.4,190.9,43.8,101.1,0.87,Rice,6.21,74
36.5,17.9,56.0,402.5,25.1,41.5,38.8,2.85,Chickpea,1.34,658
53.7,26.6,60.0,605.9,58.4,26.2,39.6,4.34,Jowar,1.5,794
47.9,21.4,57.5,358.7,150.8,63.0,49.5,6.13,Wheat,4.3,267
58.5,27.5,84.2,962.0,42.0,35.1,73.9,6.78,Soybean,2.19,19
51.7,20.4,48.2,558.4,123.7,57.4,42.1,4.27,Wheat,4.57,894
45.3,25.0,50.8,810.4,71.4,35.5,52.3,3.12,Jowar,1.71,380
75.9,32.6,74.5,1969.1,200.6,88.6,194.0,3.13,Sugarcane,10.6,361
89.3,31.5,73.5,1624.6,156.8,52.9,95.3,4.61,Rice,4.9,160
68.3,29.2,73.2,1496.2,123.3,56.1,74.2,4.74,Maize,4.69,493
82.0,28.3,89.3,1670.8,129.2,41.5,114.9,1.88,Rice,5.05,371
49.8,22.9,46.2,548.7,65.3,37.8,34.3,4.21,Wheat,4.87,719
55.0,27.5,53.4,678.0,47.3,23.5,36.7,2.23,Jowar,1.89,753
79.5,29.3,79.6,2372.8,231.5,120.0,147.0,4.61,Sugarcane,9.35,248
64.7,27.9,80.8,1290.8,149.2,58.7,83.1,2.53,Maize,4.89,429
71.0,19.9,61.2,902.6,110.1,52.3,52.7,2.14,Maize,4.24,820
50.6,21.6,45.4,170.0,131.9,42.9,42.7,4.37,Wheat,4.06,910
37.3,29.3,65.6,1019.3,118.6,32.7,50.2,0.62,Cotton,3.07,386
74.9,28.0,64.4,1520.2,162.4,61.9,104.8,5.5,Rice,5.31,310
50.7,19.4,35.8,635.1,26.3,43.5,20.9,1.3,Chickpea,1.67,716
48.9,29.8,62.9,910.9,33.0,39.9,65.1,2.35,Groundnut,2.07,488
61.9,26.4,71.0,740.6,179.1,43.7,60.6,0.74,Maize,5.27,493
60.3,26.2,72.7,333.2,150.8,51.2,49.5,2.41,Wheat,3.82,427
69.1,25.3,72.1,1017.1,123.9,44.8,39.2,3.98,Maize,6.04,540
57.3,19.7,57.4,730.2,20.7,53.1,29.9,1.18,Chickpea,1.37,595
74.5,27.9,66.6,1509.0,130.9,49.5,70.1,2.0,Rice,6.74,476
65.4,20.0,61.2,618.3,132.6,36.7,38.5,3.76,Wheat,4.82,575
48.5,25.4,61.4,266.0,138.7,34.5,55.6,5.15,Wheat,3.22,712
37.2,25.7,59.7,865.1,83.5,40.6,60.5,2.85,Cotton,2.36,369
59.0,27.1,68.9,341.7,139.6,34.7,49.6,0.84,Maize,5.2,794
33.9,27.0,56.6,486.9,63.7,40.1,43.5,2.77,Jowar,2.13,680
62.5,21.8,57.5,461.2,169.6,37.7,44.3,3.36,Maize,3.92,692
58.0,25.9,60.6,522.4,38.7,43.7,67.7,2.77,Groundnut,1.96,686
65.5,27.1,60.0,1077.3,56.6,65.7,47.4,5.1,Soybean,2.42,693
90.6,27.5,81.2,1553.5,202.3,65.0,68.4,3.9,Rice,5.6,426
54.3,19.5,64.4,664.3,165.8,63.8,55.3,5.17,Wheat,4.74,581
65.4,16.4,57.6,328.6,152.0,49.7,35.1,5.03,Wheat,4.34,610
60.5,22.1,78.8,493.5,46.7,63.1,59.6,4.03,Soybean,1.8,199
65.6,23.4,57.8,859.8,46.5,61.9,62.9,2.84,Soybean,2.22,604
55.7,25.5,57.2,453.0,36.6,64.1,59.5,5.33,Groundnut,2.0,578
30.6,28.3,42.3,283.5,42.6,34.8,49.6,4.37,Bajra,1.97,701
60.1,28.6,62.2,1013.8,110.3,52.3,71.7,2.24,Cotton,2.91,889
50.1,33.1,48.0,1243.6,93.5,30.2,72.1,2.71,Cotton,2.44,310
67.9,25.8,73.3,1474.0,131.8,40.5,110.1,2.48,Rice,4.32,384
46.6,30.5,65.8,1209.1,28.1,80.1,77.7,1.02,Soybean,1.97,652
87.1,29.4,77.0,1693.7,182.2,59.4,154.9,4.89,Sugarcane,10.09,474
59.8,16.8,61.0,267.1,92.7,46.4,52.8,2.26,Wheat,3.71,813
33.0,26.9,39.7,180.8,71.6,37.1,42.2,1.97,Jowar,2.07,579
76.1,29.2,77.9,1622.7,167.2,63.9,97.7,1.23,Rice,6.09,178
59.5,26.1,64.7,888.3,51.3,59.4,38.4,2.64,Soybean,2.04,610
42.3,30.1,41.3,777.5,99.2,41.7,70.9,4.82,Cotton,3.53,658
83.0,30.1,74.3,1765.5,229.8,65.9,138.2,5.53,Sugarcane,9.99,601
47.5,29.7,65.3,709.8,38.5,59.1,34.7,2.61,Groundnut,2.69,568
64.5,18.1,77.6,897.9,110.7,41.7,46.1,1.21,Wheat,3.8,444
52.5,34.3,54.2,561.7,45.6,50.2,58.0,1.87,Soybean,1.82,705
58.4,23.1,60.5,631.3,160.4,46.2,52.7,2.4,Maize,5.11,538
42.7,17.3,61.7,575.4,26.6,57.8,22.7,2.91,Chickpea,1.24,596
64.6,27.0,74.3,414.4,50.3,54.0,52.4,0.76,Soybean,1.8,395
53.5,27.2,75.6,1133.6,34.9,49.5,55.9,4.04,Soybean,2.18,395
42.9,24.8,43.4,314.2,50.9,34.1,53.2,7.26,Bajra,1.48,665
61.1,27.8,60.2,765.1,29.3,48.9,57.5,3.32,Groundnut,2.1,605
61.5,10.8,68.5,474.0,113.6,65.9,39.3,3.1,Wheat,2.94,318
77.6,27.6,74.6,2279.4,250.0,94.3,192.9,2.21,Sugarcane,11.02,50
63.0,13.8,78.6,592.9,111.5,46.6,50.9,0.88,Wheat,3.52,516
41.1,26.8,31.9,763.4,38.2,36.3,47.0,4.43,Jowar,2.02,802
67.9,22.8,71.1,1333.7,40.5,77.2,58.6,6.82,Soybean,1.6,261
59.1,32.8,51.9,695.3,43.8,35.8,49.9,2.93,Groundnut,1.96,603
54.6,29.7,64.4,880.8,117.5,46.7,47.3,2.53,Cotton,2.74,356
56.4,13.6,57.1,514.0,27.5,35.5,40.9,4.07,Chickpea,1.36,938
55.6,13.2,54.7,355.7,149.6,44.7,52.2,4.09,Wheat,3.37,416
56.1,20.7,59.6,331.6,117.0,51.7,49.1,2.29,Wheat,3.79,891
56.3,23.3,57.9,1047.8,40.3,71.6,56.1,1.5,Soybean,2.03,421
66.0,33.8,87.0,1930.5,164.8,63.2,104.7,3.19,Rice,4.63,308
68.9,30.8,74.2,1266.3,39.1,65.6,46.0,2.95,Soybean,1.73,355
61.5,17.2,45.1,668.1,139.1,31.5,42.8,4.15,Wheat,4.5,632
66.3,24.5,62.1,1157.5,28.6,67.6,65.8,5.59,Soybean,2.06,647
42.4,22.0,56.3,281.9,148.9,53.3,33.1,1.6,Wheat,4.31,782
69.3,31.8,76.2,1297.9,191.3,35.5,60.0,2.62,Rice,4.28,333
84.1,28.3,81.0,1055.8,197.8,46.0,107.2,3.15,Rice,5.22,231
60.1,20.6,65.3,279.9,121.9,42.2,33.3,2.49,Wheat,4.82,910
58.9,30.5,68.9,741.8,57.0,60.8,39.3,5.9,Soybean,2.15,719
55.4,22.0,69.4,778.6,105.3,43.8,54.1,5.16,Wheat,4.0,515
45.1,34.4,48.8,675.5,46.0,28.2,42.6,3.44,Jowar,1.76,618
44.7,28.0,65.4,223.7,29.8,62.1,72.4,2.63,Groundnut,2.24,640
54.7,24.9,82.1,1047.1,27.1,54.7,62.7,5.42,Groundnut,1.86,378
75.2,32.4,81.6,967.0,211.1,45.7,103.9,3.77,Rice,5.08,563
85.8,23.9,67.8,1398.9,184.1,74.8,106.3,6.96,Rice,4.59,278
77.8,29.4,89.6,1420.9,117.8,57.7,107.3,2.78,Rice,5.73,279
55.9,20.1,73.4,546.4,143.6,52.8,47.8,2.12,Wheat,4.94,370
49.7,25.1,59.3,774.0,38.6,61.3,70.8,2.94,Groundnut,1.84,775
68.2,25.2,70.6,438.8,159.3,39.7,60.4,4.87,Maize,4.92,807
58.9,21.5,53.1,739.4,130.6,41.4,44.9,4.02,Wheat,4.09,610
61.6,26.9,66.0,1063.2,37.7,79.0,43.0,1.01,Soybean,2.09,567
76.5,26.6,73.3,1066.2,181.7,53.2,71.9,1.74,Rice,5.51,645
66.4,25.1,72.7,1113.1,36.6,74.1,66.5,2.47,Soybean,2.45,380
61.0,24.2,72.4,1141.8,132.4,32.8,59.5,3.75,Maize,4.76,280
42.2,39.0,58.8,545.8,74.4,21.0,47.2,5.24,Bajra,1.53,767
61.3,21.8,72.6,1039.9,66.4,64.4,36.0,1.64,Soybean,2.05,514
79.3,26.6,82.9,1446.6,144.2,49.3,94.9,3.92,Rice,6.27,283
79.3,30.0,75.6,903.4,176.6,60.5,116.2,2.09,Rice,5.81,656
79.8,31.4,87.8,1489.2,230.4,53.7,106.8,3.37,Rice,5.98,317
67.4,27.5,74.4,1421.4,170.5,39.9,57.4,1.45,Maize,4.12,101
84.1,29.4,82.2,1691.1,142.2,58.4,78.2,2.13,Rice,5.61,348
45.2,22.8,61.2,495.8,120.1,49.8,43.8,1.94,Wheat,3.32,584
63.9,26.9,79.5,1405.3,236.4,106.5,178.3,2.59,Sugarcane,9.98,634
42.8,32.5,42.9,397.5,114.4,42.1,73.6,1.96,Cotton,2.81,734
75.6,19.6,91.7,1342.9,149.7,47.4,98.2,2.35,Rice,4.49,239
82.0,25.3,91.0,2185.6,116.2,55.9,102.0,1.98,Rice,4.85,270
41.5,26.7,43.4,520.2,51.9,36.5,46.0,3.06,Jowar,2.0,758
49.2,28.8,54.0,420.9,36.4,65.7,56.9,2.38,Groundnut,2.15,439
54.8,19.5,44.4,309.3,33.3,33.2,31.5,0.5,Chickpea,1.62,755
42.5,32.4,70.8,279.6,80.6,51.6,69.3,0.98,Cotton,2.75,495
47.0,32.5,45.7,371.6,112.1,44.6,65.5,4.18,Cotton,2.49,939
35.7,21.1,58.7,648.5,53.2,27.5,49.2,4.95,Bajra,1.22,966
36.9,16.1,57.4,170.6,32.3,40.0,37.5,5.73,Chickpea,1.84,489
75.3,26.6,76.9,1774.1,177.2,36.3,81.9,0.5,Rice,5.72,170
40.1,31.6,32.7,155.4,54.3,26.5,22.0,2.64,Jowar,1.67,689
42.6,30.2,44.7,755.7,79.2,35.8,35.8,1.42,Jowar,2.05,583
48.8,14.2,54.8,785.1,143.6,53.4,55.3,5.18,Wheat,3.2,500
51.1,29.4,51.3,676.9,147.0,32.1,59.0,0.59,Maize,5.07,655
57.7,28.5,66.9,722.1,154.9,59.8,28.6,3.08,Maize,5.32,689
48.7,21.4,59.4,725.5,99.0,46.4,52.0,1.7,Wheat,4.48,377
55.6,20.1,59.6,413.2,114.3,58.5,36.9,5.23,Wheat,4.35,378
78.8,25.1,77.4,1358.0,184.6,66.9,80.0,3.03,Rice,6.66,77
57.7,29.3,79.6,836.0,31.4,70.5,68.4,3.52,Groundnut,1.97,580
55.9,15.1,66.2,672.6,104.9,57.4,36.5,5.26,Wheat,4.27,738
48.5,20.1,48.0,551.5,26.5,50.2,39.7,3.93,Chickpea,1.68,447
73.1,24.4,73.3,1689.0,183.5,59.5,76.7,3.6,Rice,5.33,101
40.4,20.0,47.7,315.1,20.0,41.6,35.3,3.33,Chickpea,2.07,734
53.9,19.1,46.5,739.9,20.0,45.8,28.7,4.11,Chickpea,1.49,843
60.5,27.7,65.2,674.8,27.3,70.8,45.5,2.13,Soybean,1.88,697
76.0,26.6,85.5,1641.0,167.8,67.8,72.0,2.88,Rice,5.89,310
66.6,19.0,55.6,319.4,134.4,49.3,24.0,1.87,Wheat,5.0,763
78.8,21.9,73.4,1322.4,131.6,36.4,53.8,6.07,Maize,3.94,447
56.6,26.7,52.4,1100.6,49.6,85.0,50.6,4.58,Soybean,2.49,500
65.9,15.7,58.4,593.1,118.1,49.9,51.8,3.39,Wheat,3.4,899
40.5,29.8,43.8,144.3,66.6,29.3,58.2,3.71,Bajra,1.53,757
45.8,20.3,54.0,401.7,108.7,40.7,58.1,0.5,Wheat,4.81,487
68.7,27.4,74.4,1141.8,107.9,64.2,92.4,3.72,Rice,5.42,338
53.8,21.7,48.7,600.2,53.9,38.1,53.2,2.11,Jowar,1.71,435
45.0,31.1,63.7,493.5,39.3,44.6,63.3,2.73,Groundnut,1.88,577
83.5,29.7,87.1,1813.5,177.6,59.0,94.3,2.11,Rice,5.7,424
63.8,24.6,59.2,942.9,179.0,37.3,41.7,5.0,Maize,5.76,357
35.8,31.4,52.5,601.9,57.5,32.3,43.3,4.24,Bajra,2.27,821
43.3,33.8,61.8,705.9,113.2,56.7,46.3,1.72,Cotton,2.82,887
41.3,29.5,58.2,661.2,70.7,36.6,42.9,2.57,Jowar,2.47,655
55.6,21.1,66.1,538.6,125.6,47.6,36.0,4.33,Wheat,5.04,371
64.2,31.9,62.1,968.4,51.7,60.1,29.7,4.39,Soybean,2.22,395
41.8,25.6,49.2,286.1,85.3,43.6,70.3,3.43,Cotton,1.92,655
52.4,25.9,49.4,267.4,43.9,61.0,41.6,0.5,Groundnut,2.01,509
52.9,24.4,64.6,1088.6,164.9,49.9,49.7,3.03,Maize,5.29,298
41.7,12.2,43.1,224.8,20.0,61.5,25.2,1.83,Chickpea,1.28,713
50.2,31.3,57.1,1065.7,40.8,32.1,74.5,4.88,Groundnut,2.01,526
46.9,23.9,55.8,529.1,36.0,45.0,44.3,3.03,Chickpea,1.31,725
47.3,29.9,43.2,859.9,26.7,52.5,63.1,0.98,Groundnut,2.04,498
75.5,27.8,69.1,1893.0,145.8,56.1,78.1,1.96,Rice,6.54,651
40.6,31.5,38.1,256.7,91.9,32.0,65.6,7.05,Cotton,2.71,946
57.4,17.9,58.7,482.6,142.0,55.1,39.3,1.87,Wheat,5.45,753
72.8,26.7,75.5,1184.3,104.8,73.8,89.3,2.25,Rice,5.63,296
68.8,32.7,68.1,1100.6,59.2,60.5,30.6,3.51,Soybean,1.66,733
72.6,22.9,55.1,1013.3,147.9,39.4,59.6,2.27,Maize,5.16,523
80.9,26.1,85.3,2362.0,155.6,52.1,78.7,5.51,Rice,4.9,498
58.3,33.2,63.8,1293.0,33.2,47.3,59.3,2.72,Soybean,1.81,639
71.8,32.3,72.4,649.2,62.3,56.4,63.2,5.28,Soybean,1.62,348
77.9,27.6,83.5,1206.1,244.8,75.6,88.0,1.5,Rice,5.79,268
72.6,32.6,79.9,1412.3,128.6,59.2,103.0,0.83,Rice,5.45,630
38.8,27.4,66.7,594.5,35.8,53.9,52.0,0.5,Groundnut,2.33,694
57.3,18.2,64.6,609.4,152.4,47.3,65.1,3.29,Wheat,4.9,529
73.0,34.5,73.9,1510.8,248.9,69.6,79.6,1.38,Rice,5.0,402
45.9,29.0,49.4,153.7,70.2,30.6,49.0,6.33,Bajra,1.52,751
92.0,23.8,88.0,1914.1,199.0,54.1,92.6,3.79,Rice,3.73,121
60.9,27.7,54.0,607.9,135.3,47.1,43.7,2.67,Wheat,3.93,604
62.5,21.9,61.7,615.4,111.3,46.5,41.1,3.97,Wheat,4.19,473
21.6,36.1,49.0,453.9,68.6,34.2,51.5,2.89,Bajra,1.53,623
53.6,26.4,60.4,1220.6,47.0,76.1,34.1,2.51,Soybean,1.83,581
88.6,29.8,70.0,1381.6,240.1,91.2,138.5,3.88,Sugarcane,11.22,266
62.6,24.7,55.4,911.6,33.3,42.5,82.3,4.27,Soybean,2.18,699
36.9,16.6,56.4,376.6,31.9,56.4,29.5,2.65,Chickpea,1.55,662
74.8,25.8,81.1,767.4,165.1,43.9,96.1,1.7,Rice,4.66,525
41.4,17.5,54.1,205.8,125.0,48.7,40.7,4.32,Wheat,3.4,820
61.3,26.4,64.5,807.0,125.9,49.8,57.5,3.63,Maize,5.65,722
32.7,29.5,53.2,285.0,54.2,38.3,42.0,3.59,Bajra,1.93,777
52.8,27.9,62.1,754.8,42.9,63.0,60.7,4.0,Groundnut,2.13,664
76.1,20.8,61.6,489.2,112.0,27.9,60.2,3.98,Maize,3.4,564
90.5,31.7,83.6,1660.5,173.6,39.3,86.4,1.93,Rice,4.82,378
59.5,29.8,75.1,1101.6,45.7,54.2,41.2,6.33,Soybean,1.86,271
62.8,24.6,60.4,660.5,148.5,45.9,47.3,1.42,Wheat,3.94,541
81.5,24.6,74.8,2106.5,130.5,55.6,57.4,5.33,Rice,4.31,416
72.9,23.9,92.3,1942.0,169.5,67.0,86.9,1.95,Rice,5.43,208
52.0,20.6,59.0,735.6,123.9,47.1,45.9,3.34,Wheat,4.34,650
32.5,32.6,43.2,197.7,75.0,12.3,40.2,3.28,Bajra,1.92,592
42.3,28.9,53.5,856.0,41.3,53.2,58.7,6.29,Groundnut,2.02,820
76.3,28.4,75.6,1590.4,95.5,50.3,71.5,1.26,Rice,6.42,260
53.6,18.1,47.3,597.8,104.6,34.3,44.0,1.22,Wheat,5.26,746
43.4,30.5,61.9,674.9,122.4,49.8,64.7,3.57,Cotton,3.23,563
74.9,20.2,63.5,675.1,145.8,67.0,41.7,3.47,Wheat,4.14,698
70.8,24.9,58.5,393.8,180.5,45.5,49.7,6.28,Maize,4.44,568
42.0,23.8,77.1,890.4,142.5,46.6,28.9,2.61,Maize,4.41,266
73.4,28.3,73.5,693.8,53.6,33.5,58.3,3.48,Soybean,1.91,178
66.1,30.3,82.4,1545.7,166.1,45.3,130.2,2.18,Rice,5.46,261
69.8,18.9,61.8,901.2,154.6,58.0,34.8,3.14,Wheat,4.51,353
31.6,23.7,48.1,340.7,30.2,41.5,43.4,1.53,Chickpea,1.63,792
47.9,20.7,49.4,481.2,127.9,49.2,45.4,3.24,Wheat,4.41,907
47.0,21.0,57.2,406.6,29.3,50.5,30.8,1.69,Chickpea,1.91,290
45.1,28.6,66.7,1072.8,31.1,58.0,61.2,2.36,Groundnut,1.97,277
41.5,19.5,55.9,457.1,27.5,51.3,38.4,2.19,Chickpea,1.55,687
70.9,27.0,77.6,1860.8,107.3,36.1,50.1,2.42,Rice,5.55,499
77.5,31.4,80.6,2231.8,217.8,67.7,181.0,2.09,Sugarcane,10.18,300
27.6,32.7,55.8,643.1,73.1,22.2,54.5,7.35,Bajra,1.71,667
47.7,27.3,59.1,691.5,126.0,47.9,36.1,3.12,Maize,4.92,664
52.2,15.3,50.2,338.4,139.9,57.9,46.3,3.62,Wheat,3.87,784
19.1,32.7,50.4,185.3,45.0,40.3,42.8,3.61,Bajra,1.69,966
59.1,23.6,81.0,706.0,37.5,34.6,38.6,3.02,Soybean,2.03,510
39.6,30.9,43.6,484.7,71.5,33.9,43.7,3.67,Jowar,2.36,530
46.3,30.3,62.3,1380.7,43.4,80.5,63.3,6.15,Groundnut,1.59,400
51.6,12.7,74.0,542.0,145.7,64.1,43.9,3.86,Wheat,4.27,521
46.2,20.1,49.4,415.0,22.3,50.2,43.6,0.97,Chickpea,1.72,565
62.6,8.1,51.2,240.6,139.9,61.4,49.9,5.31,Wheat,3.63,658
50.5,15.7,69.3,575.6,145.8,42.8,54.4,4.59,Wheat,4.35,439
47.0,33.7,59.3,581.6,76.7,32.7,35.4,3.72,Bajra,1.53,489
46.2,32.1,57.2,513.5,93.7,37.8,45.3,3.24,Cotton,2.27,730
40.0,16.8,42.9,146.5,31.7,52.0,31.0,3.57,Chickpea,1.67,702
48.5,26.7,51.9,644.1,131.1,50.0,52.5,3.24,Wheat,4.05,476
48.8,27.2,64.4,773.9,31.0,55.5,46.5,0.5,Groundnut,2.2,422
90.6,28.7,69.3,1137.5,149.8,52.1,108.9,4.25,Rice,4.62,455
40.8,27.3,45.9,631.0,49.7,32.7,25.8,2.84,Jowar,2.3,1020
30.6,30.3,56.4,113.4,63.4,30.1,39.4,1.7,Jowar,1.8,716
44.4,18.1,38.6,0.0,20.0,49.4,42.4,2.33,Chickpea,1.63,1023
46.5,32.3,59.8,1234.4,98.3,46.3,61.0,3.17,Cotton,2.28,588
77.9,23.8,79.5,1729.0,143.7,49.7,85.3,2.76,Rice,5.42,0
32.6,29.9,35.4,750.6,55.8,35.2,44.2,5.81,Bajra,1.93,807
71.0,23.5,57.7,1488.7,48.7,61.2,48.9,7.08,Soybean,1.67,362
64.1,19.0,62.8,399.4,125.3,44.9,30.5,4.65,Wheat,4.42,383
88.5,32.9,84.7,1780.6,163.8,49.6,76.7,3.15,Rice,3.39,103
60.5,19.1,68.3,421.7,130.2,52.5,52.9,2.8,Wheat,4.47,827
82.0,35.5,80.4,2280.7,141.3,43.8,90.2,1.62,Rice,2.9,3
88.7,29.4,68.3,2049.1,250.0,93.6,235.1,3.01,Sugarcane,8.74,252
51.4,27.1,64.9,672.3,73.8,31.3,32.5,2.26,Jowar,1.9,723
57.4,19.4,65.0,541.4,138.2,40.8,42.7,6.08,Wheat,5.2,662
72.1,28.4,87.2,785.6,144.9,65.9,112.7,1.69,Rice,5.14,93
63.9,27.5,73.7,1411.0,52.2,36.3,55.1,2.95,Soybean,1.74,366
64.5,19.6,64.5,745.2,110.8,35.8,56.6,4.14,Maize,5.09,456
80.6,29.4,91.9,1653.5,142.0,68.0,45.2,4.4,Rice,6.44,212
80.2,26.2,74.3,1580.3,192.7,82.9,189.6,1.92,Sugarcane,11.13,477
83.1,27.4,85.5,1668.0,179.5,49.6,89.2,3.66,Rice,6.56,187
45.3,31.8,46.8,555.5,106.6,42.3,52.9,6.29,Cotton,3.0,643
54.7,30.0,81.1,1065.4,163.7,41.6,62.4,3.51,Maize,4.86,598
81.4,22.8,80.2,1806.6,170.8,46.9,85.0,3.6,Rice,5.41,8
49.9,20.5,62.0,581.6,136.5,41.4,39.6,1.51,Wheat,3.45,519
25.3,35.9,45.1,381.5,47.5,41.0,46.7,3.86,Jowar,1.79,797
81.4,33.7,82.3,2500.0,205.1,92.1,196.7,3.61,Sugarcane,9.18,26
39.3,26.7,45.6,364.4,119.4,28.9,77.8,2.89,Cotton,2.23,624
55.0,30.1,64.0,762.5,31.0,55.6,42.2,4.64,Groundnut,2.2,333
42.5,31.3,57.9,221.6,81.1,36.6,36.0,5.02,Jowar,1.8,676
50.2,31.1,42.9,619.6,27.2,66.8,70.9,5.31,Groundnut,2.03,615
68.3,30.1,78.6,1649.8,157.0,52.2,75.2,0.5,Rice,5.34,445
52.2,22.1,51.6,289.5,137.2,58.8,50.4,5.48,Wheat,3.47,849
44.6,10.1,25.1,235.4,29.9,39.3,45.4,1.61,Chickpea,1.53,858
71.5,30.6,85.7,1702.0,149.4,49.8,66.9,3.57,Rice,5.54,213
72.6,24.6,83.2,1797.4,180.2,59.9,98.5,4.85,Rice,6.18,319
57.9,26.6,79.3,1112.0,190.2,60.3,104.4,3.34,Rice,4.29,387
67.0,25.8,69.9,672.8,117.3,44.3,71.3,5.17,Maize,5.02,313
70.5,25.9,78.4,1097.2,121.3,57.4,88.7,3.59,Rice,5.45,553
56.1,19.8,64.2,873.8,137.8,54.5,54.5,4.66,Wheat,4.58,557
69.7,23.2,85.4,909.7,166.9,29.9,40.0,1.55,Maize,4.1,481
54.3,22.5,57.7,556.5,37.8,69.8,60.7,2.84,Soybean,1.9,400
72.5,27.1,82.8,975.9,113.7,55.4,65.1,4.94,Maize,4.71,505
70.0,21.0,61.8,699.5,137.9,38.8,27.5,4.87,Wheat,4.66,892
39.4,19.8,52.5,45.3,131.9,66.5,25.6,2.7,Wheat,3.35,807
39.4,28.2,52.7,585.4,56.6,21.1,41.9,4.01,Bajra,1.94,420
64.8,21.8,73.0,1059.2,118.7,53.0,63.9,3.07,Maize,4.99,436
69.0,19.9,64.9,339.3,128.5,51.8,24.4,5.14,Wheat,4.43,575
48.9,27.9,51.7,433.6,61.3,28.1,42.7,1.31,Bajra,1.85,706
55.7,23.6,68.9,462.6,47.7,56.9,46.6,0.5,Soybean,2.35,501
49.7,25.5,63.3,884.3,130.9,36.9,95.7,0.5,Cotton,2.62,605
49.0,27.2,61.8,420.5,117.6,43.1,47.2,1.39,Maize,4.66,525
30.1,31.1,34.8,212.2,46.2,34.8,28.6,4.68,Bajra,1.53,839
89.3,26.9,82.9,1777.4,158.0,71.1,89.6,0.96,Rice,5.42,174
80.2,30.5,77.5,1545.6,183.7,64.2,80.1,0.5,Rice,6.1,356
74.8,32.0,81.0,773.8,149.5,59.9,63.0,3.72,Rice,3.64,561
59.4,20.8,48.8,619.2,133.1,55.8,48.0,5.58,Wheat,5.22,594
46.3,24.7,51.2,649.6,66.2,35.7,42.6,4.26,Jowar,1.71,754
67.1,25.0,68.2,747.5,132.2,64.1,57.6,5.73,Maize,5.81,368
44.8,29.1,67.7,1285.7,82.6,37.4,74.5,1.47,Cotton,2.48,384
47.7,31.4,50.2,346.6,29.5,61.9,55.5,4.71,Groundnut,1.78,655
30.6,23.8,53.1,336.8,24.6,46.9,36.7,0.5,Chickpea,1.61,868
71.9,29.4,83.4,1023.5,161.7,58.1,88.7,0.61,Rice,4.67,239
39.7,31.1,53.5,367.3,62.9,28.8,40.8,2.09,Bajra,2.19,857
72.4,25.6,56.9,303.9,96.7,51.8,52.7,2.56,Maize,4.51,420
70.2,28.0,74.3,996.6,167.1,63.3,85.0,4.74,Rice,5.88,403
48.4,25.2,59.5,634.3,30.5,46.2,42.4,1.44,Groundnut,2.32,731
66.8,26.6,54.7,1110.8,132.3,32.3,47.4,1.6,Maize,4.37,674
92.0,27.4,77.2,1880.1,236.7,74.3,110.8,2.59,Sugarcane,11.11,148
68.1,27.0,68.2,529.2,157.8,54.5,66.8,5.32,Maize,5.51,343
86.2,27.6,68.6,1285.8,222.1,46.0,78.1,3.33,Rice,5.52,573
28.3,29.3,61.5,355.1,84.0,37.3,34.1,4.04,Jowar,2.04,411
56.6,21.4,56.0,169.8,127.8,36.1,47.0,5.35,Wheat,3.41,762
57.9,20.2,73.6,900.9,146.6,37.9,52.2,3.12,Maize,5.4,363
43.8,22.5,53.7,317.1,28.0,45.8,42.4,0.5,Chickpea,1.75,669
60.2,22.8,59.4,654.9,127.9,52.7,48.2,2.72,Wheat,4.77,949
69.7,29.3,77.9,1685.2,124.7,42.4,27.5,7.49,Maize,3.44,565
37.1,35.3,58.3,776.3,64.6,32.7,39.7,2.88,Bajra,1.71,711
73.7,28.5,75.3,1087.0,41.0,48.9,59.2,3.48,Soybean,1.94,193
53.3,12.8,64.2,724.2,139.1,47.4,61.7,4.54,Wheat,3.89,590
74.8,30.2,71.6,1390.1,165.1,48.9,115.3,2.9,Rice,4.72,408
76.0,31.4,68.5,1746.4,200.9,103.5,140.8,0.87,Sugarcane,10.91,364
37.7,36.4,48.8,313.6,41.0,28.0,38.4,2.48,Bajra,1.47,914
67.3,27.1,78.9,1671.6,210.2,61.3,111.4,3.2,Rice,5.91,48
39.5,28.4,51.4,642.2,48.3,34.5,35.0,2.43,Bajra,1.87,698
54.7,21.0,62.3,423.1,144.0,43.8,48.6,2.52,Wheat,5.14,613
59.8,22.4,66.8,652.1,126.9,55.7,33.7,3.23,Wheat,5.05,411
52.7,27.9,51.9,469.1,100.2,52.3,61.6,0.5,Cotton,2.71,936
69.6,23.4,56.7,1059.8,163.0,54.0,41.9,6.1,Wheat,2.86,357
45.2,29.6,66.6,1238.3,123.1,39.9,94.2,1.23,Cotton,2.42,460
70.4,31.2,78.8,1286.6,161.4,48.5,70.6,4.49,Rice,4.72,372
45.3,31.4,62.5,884.7,116.7,46.5,65.4,1.5,Cotton,2.83,189
48.7,19.1,58.5,467.0,136.5,42.4,48.3,3.77,Wheat,4.61,392
63.1,28.8,74.1,627.1,41.9,61.0,82.1,4.25,Groundnut,1.76,323
73.4,25.9,87.0,1353.8,117.0,61.4,81.1,1.99,Rice,5.22,421
53.7,32.7,38.4,360.6,47.8,32.1,45.2,0.5,Bajra,1.93,915
35.1,30.5,37.3,543.5,71.0,29.9,44.3,4.58,Jowar,1.77,849
49.6,22.9,69.0,682.3,159.2,63.0,43.8,4.23,Wheat,4.83,545
47.4,27.9,64.2,666.0,33.0,54.9,52.9,6.05,Groundnut,2.48,202
59.9,29.6,86.6,1203.8,44.7,61.6,52.3,3.5,Soybean,2.14,350
85.1,26.3,75.0,1072.3,135.7,64.8,102.0,3.72,Rice,4.86,332
58.6,17.2,67.2,428.8,118.4,41.2,52.8,3.23,Wheat,4.07,737
60.8,22.3,66.3,361.9,124.8,67.0,35.3,4.34,Wheat,4.14,780
52.7,13.4,65.8,321.0,129.7,43.8,37.1,4.57,Wheat,3.64,929
67.2,29.5,75.2,1220.9,138.6,63.0,62.8,5.22,Maize,4.88,504
59.3,26.8,72.7,770.6,42.5,89.9,42.6,5.88,Soybean,2.46,595
43.5,30.0,56.1,598.8,79.9,32.3,46.0,3.94,Jowar,2.09,456
53.2,24.1,67.5,955.5,185.3,55.0,67.5,6.05,Maize,5.13,497
48.8,33.6,48.5,988.1,37.2,63.1,48.6,0.5,Groundnut,1.55,433
70.2,21.4,64.7,364.9,122.1,43.1,71.0,3.18,Maize,4.09,722
37.7,18.6,64.8,327.1,31.0,28.0,33.5,3.33,Chickpea,1.88,398
68.7,30.3,76.9,1364.7,165.2,61.8,70.1,2.1,Rice,6.74,330
75.4,30.4,75.5,682.3,147.1,67.5,88.0,4.28,Rice,4.03,328
72.5,27.5,75.1,1350.0,170.2,56.3,89.8,3.73,Rice,5.06,305
79.6,31.5,85.0,1997.4,103.4,41.9,66.2,2.96,Rice,5.01,319
56.3,19.9,57.2,516.7,161.9,45.3,59.0,0.5,Wheat,5.32,531
39.8,24.1,40.8,164.6,72.3,27.4,40.5,2.82,Jowar,1.49,806
53.8,30.3,59.8,315.0,33.4,58.6,64.3,3.02,Groundnut,1.76,467
59.5,32.6,61.9,765.9,31.0,66.9,45.0,4.37,Soybean,1.96,771
31.3,32.5,30.9,440.7,61.2,31.4,32.3,4.29,Jowar,1.9,701
49.4,21.0,63.4,509.1,150.5,49.6,66.6,4.39,Maize,3.73,732
52.0,18.3,49.2,478.0,133.0,60.6,43.5,6.49,Wheat,5.53,1018
41.0,28.3,36.0,550.6,63.2,32.8,37.7,6.29,Jowar,2.1,379
62.0,22.8,75.2,644.3,98.3,47.4,45.8,5.16,Wheat,4.95,307
61.3,25.0,79.8,938.9,58.9,67.0,42.6,5.11,Soybean,2.19,360
57.4,30.4,61.1,862.6,143.0,36.1,88.8,2.83,Cotton,2.97,729
65.3,13.8,77.7,685.4,76.6,55.4,46.4,5.47,Wheat,4.58,363
53.3,28.5,61.4,532.7,41.2,75.8,45.0,5.07,Soybean,2.16,644
25.7,34.0,63.8,402.8,61.4,30.0,37.2,4.51,Bajra,1.61,468
69.6,29.0,90.4,2149.1,188.2,60.7,108.1,3.51,Rice,3.61,294
53.1,30.7,73.9,1211.8,110.0,58.6,41.7,3.01,Maize,4.0,212
50.2,21.6,60.7,519.1,151.3,69.0,20.0,5.79,Wheat,3.79,723
79.7,29.4,71.5,1017.0,130.2,47.5,91.0,3.37,Rice,5.27,0
58.7,21.2,58.1,850.5,128.8,57.6,47.4,2.94,Wheat,4.06,273
52.9,28.7,82.1,836.2,111.4,30.3,84.3,5.23,Cotton,2.88,674
47.8,29.4,55.0,669.2,32.9,63.8,34.5,3.48,Groundnut,2.4,644
59.4,24.5,56.5,803.1,164.2,38.4,60.7,3.76,Maize,6.06,447
61.8,27.6,64.8,438.6,134.3,49.7,54.3,4.56,Maize,4.5,917
82.4,30.9,94.0,1982.6,175.1,47.8,89.9,5.94,Rice,4.62,367
63.6,26.3,47.3,371.3,183.9,59.4,49.0,1.95,Maize,4.62,885
83.6,25.6,72.5,1416.5,181.8,47.0,77.7,1.91,Rice,5.91,322
52.0,22.1,69.1,756.6,133.5,53.9,38.3,5.61,Wheat,4.45,594
26.3,35.0,43.9,205.0,47.8,28.8,42.2,5.68,Bajra,1.59,827
65.5,26.7,62.0,1377.3,103.7,57.7,60.5,5.01,Maize,5.34,211
61.1,26.0,72.0,725.8,29.4,47.9,87.3,4.05,Groundnut,2.2,571
49.6,22.9,52.9,402.9,124.5,49.1,39.6,4.71,Wheat,4.27,635
37.0,30.9,65.5,868.4,55.8,35.0,36.0,4.11,Jowar,1.74,713
60.2,16.5,50.4,232.0,125.2,54.8,39.2,6.95,Wheat,3.51,907
44.9,26.7,59.7,730.0,73.1,55.2,40.6,5.69,Wheat,3.69,471
43.4,35.8,42.4,100.2,54.1,34.9,40.4,4.3,Bajra,1.41,672
90.2,25.3,80.8,1499.8,160.6,62.2,80.4,2.08,Rice,4.78,351
43.1,27.9,51.1,159.8,64.9,38.2,44.1,4.17,Jowar,1.66,808
45.5,19.3,76.0,782.9,37.2,33.9,31.4,2.06,Chickpea,1.52,374
49.5,27.8,57.4,1203.6,150.5,51.8,65.1,3.57,Cotton,2.4,512
74.4,28.6,79.1,1544.9,155.4,57.1,102.4,2.72,Rice,5.97,424
48.5,20.7,65.8,305.8,23.3,54.7,39.8,2.91,Chickpea,1.69,646
49.3,21.2,66.8,383.9,21.9,65.4,35.3,3.38,Chickpea,1.85,745
76.4,23.7,86.8,1976.7,142.4,46.8,92.1,4.01,Rice,4.65,275
59.6,23.1,60.2,477.7,155.5,68.7,41.2,0.75,Wheat,4.92,460
44.3,26.2,50.5,591.8,112.4,35.8,97.2,2.38,Cotton,2.65,380
79.7,22.0,85.6,1587.0,192.7,58.1,82.0,3.13,Rice,4.77,409
75.7,31.8,83.2,1122.8,107.1,48.1,75.5,1.82,Rice,5.61,293
73.4,26.5,61.4,847.7,42.9,49.6,63.7,4.26,Soybean,2.32,489
41.2,19.1,60.8,566.6,33.7,35.1,31.6,4.38,Chickpea,1.86,538
79.3,27.3,75.5,1961.6,199.3,70.0,137.6,4.38,Sugarcane,10.15,57
48.1,20.0,55.7,687.7,180.0,38.3,42.3,3.12,Wheat,4.91,546
60.2,21.4,56.2,329.7,27.3,42.0,38.8,5.0,Chickpea,1.61,236
81.4,31.2,77.7,2063.8,172.5,53.8,50.5,2.66,Rice,5.18,218
42.8,26.4,69.4,482.1,35.2,69.1,65.7,4.18,Groundnut,2.23,386
31.5,29.9,36.9,405.7,53.9,37.1,50.1,2.53,Jowar,2.39,1023
60.2,18.2,48.0,407.0,33.3,58.8,31.2,4.92,Chickpea,1.57,768
57.6,22.0,49.6,70.1,144.5,58.3,36.8,2.74,Wheat,4.19,690
40.3,30.7,68.2,832.1,61.8,33.7,54.2,4.03,Jowar,1.94,518
57.2,21.7,59.1,798.7,149.9,34.5,57.7,6.81,Maize,5.79,684
65.1,21.6,60.7,1303.0,45.7,62.2,56.3,4.75,Soybean,1.6,371
54.4,23.7,59.8,487.7,24.7,63.2,52.4,1.47,Chickpea,1.61,565
79.9,29.7,73.7,1985.0,239.9,111.2,174.6,1.6,Sugarcane,11.64,258
69.9,24.0,69.0,922.1,62.2,65.8,70.1,0.93,Soybean,2.21,869
73.4,29.8,76.8,1920.9,188.4,49.3,72.7,3.25,Rice,5.2,313
66.2,24.4,67.9,540.5,159.2,63.9,47.5,4.11,Wheat,3.9,220
47.8,18.8,60.5,654.1,115.7,48.8,42.4,1.71,Wheat,4.38,702
43.2,22.5,69.3,320.9,66.8,32.8,45.8,4.13,Bajra,1.79,960
80.6,33.7,80.8,2440.3,146.2,82.1,98.5,3.91,Rice,2.99,77
61.3,20.1,63.3,966.3,35.2,63.4,60.6,3.96,Soybean,1.86,1023
52.8,12.3,50.1,339.3,164.6,55.5,43.2,4.94,Wheat,3.93,680
42.3,37.8,54.2,1423.4,101.0,38.2,72.4,3.23,Cotton,1.85,685
46.2,17.5,50.9,163.3,30.0,48.4,36.2,3.68,Chickpea,1.81,615
85.4,27.6,83.8,1669.5,213.1,44.9,76.3,0.83,Rice,6.76,240
61.2,22.7,77.2,927.6,174.0,38.1,42.6,1.58,Wheat,3.67,215
40.5,27.6,63.2,775.3,47.2,63.5,51.2,3.06,Groundnut,2.0,370
75.6,29.5,98.0,1284.4,171.6,45.3,83.7,3.38,Rice,5.95,0
47.6,19.9,59.8,413.6,29.6,61.6,34.6,6.17,Chickpea,2.02,792
47.3,23.7,42.0,364.4,31.2,43.7,41.5,2.75,Chickpea,1.82,559
50.3,21.7,54.4,171.1,22.9,48.7,28.0,4.45,Chickpea,1.64,738
49.7,16.9,69.7,287.1,106.3,35.7,54.2,3.24,Wheat,4.05,602
81.5,27.1,66.8,1731.5,250.0,86.7,178.6,4.6,Sugarcane,10.94,288
48.7,20.7,61.0,239.9,154.4,39.4,55.9,3.31,Wheat,3.97,630
76.5,22.9,85.8,1018.7,165.7,59.6,98.3,0.5,Rice,3.71,323
52.6,31.9,80.1,1146.0,42.8,49.4,46.4,2.39,Soybean,1.78,285
51.5,26.4,63.7,584.3,159.1,43.4,59.2,4.8,Maize,4.68,566
50.5,32.9,58.4,466.1,34.2,54.5,52.8,4.34,Groundnut,1.79,622
76.5,29.9,68.4,1546.1,172.2,101.8,257.2,3.25,Sugarcane,10.99,239
77.5,26.8,81.7,1667.7,221.8,56.0,76.9,3.53,Rice,5.94,89
79.7,23.3,82.0,1065.8,236.2,42.5,67.5,4.96,Rice,4.47,224
68.0,28.8,65.0,1396.2,156.7,42.9,55.7,3.07,Maize,3.96,465
49.0,19.0,50.5,499.3,111.0,48.0,38.0,4.75,Wheat,5.23,889
47.7,31.6,15.0,555.8,44.2,31.5,33.1,2.93,Jowar,1.56,1023
56.7,23.1,47.3,456.1,101.7,60.9,41.8,1.88,Wheat,3.52,746
30.3,33.5,48.4,823.6,109.1,39.7,79.8,1.51,Cotton,2.21,796
73.5,29.1,86.6,1866.4,156.7,42.4,88.6,2.87,Rice,6.39,267
64.9,21.6,74.1,1305.4,52.6,41.7,71.0,2.71,Soybean,1.42,564
67.6,23.4,53.7,833.1,148.2,51.8,34.0,5.96,Wheat,4.08,624
49.4,25.9,63.8,874.8,124.1,49.3,79.3,0.5,Cotton,2.28,583
86.5,26.7,78.2,1793.6,197.5,50.9,131.8,2.32,Rice,5.69,259
25.2,32.7,40.7,357.1,56.3,25.3,42.5,4.22,Bajra,1.85,749
61.7,22.5,59.3,421.8,146.8,43.2,42.5,3.62,Wheat,4.74,916
76.3,22.6,45.7,1236.4,74.3,47.1,57.1,3.16,Maize,3.35,423
54.6,22.9,52.6,931.6,101.1,28.8,48.9,5.53,Maize,5.05,600
77.0,22.8,75.3,1404.2,190.1,76.2,66.9,2.08,Rice,5.39,273
58.6,23.5,62.4,635.7,120.0,35.4,61.3,2.89,Wheat,4.55,715
70.4,27.3,57.1,546.4,125.9,49.0,55.1,0.63,Wheat,3.9,904
73.0,24.6,74.8,1671.1,189.6,65.9,70.9,1.65,Rice,5.28,290
47.5,33.9,59.5,988.1,110.5,38.9,66.9,6.99,Cotton,2.6,96
63.0,23.8,66.0,310.3,131.7,45.1,46.1,4.41,Wheat,3.9,673
83.1,28.9,64.5,2121.4,121.6,54.5,87.1,6.07,Rice,4.98,459
74.5,20.6,79.7,956.7,90.4,60.0,80.2,3.14,Rice,4.31,118
53.6,29.9,65.3,1173.5,112.7,56.4,47.2,4.49,Maize,4.69,431
69.0,30.8,78.0,1023.8,148.2,38.4,117.9,4.23,Rice,5.2,382
63.9,22.2,49.2,391.2,138.2,80.6,44.6,2.02,Wheat,4.13,319
55.6,20.5,62.2,333.8,127.0,46.5,34.9,5.31,Wheat,4.53,709
71.5,26.2,61.4,863.5,49.5,41.9,57.0,2.35,Soybean,1.91,610
33.7,28.9,43.6,512.5,73.9,31.2,55.7,1.82,Bajra,2.06,752
61.6,24.2,61.6,1032.0,131.0,37.8,59.8,4.39,Maize,4.84,347
54.5,24.6,63.0,841.4,50.0,40.2,45.6,1.39,Soybean,2.41,416
34.1,35.8,50.2,511.4,65.9,32.6,36.9,3.9,Bajra,1.76,567
54.5,24.3,58.1,488.4,50.9,30.2,37.4,3.09,Jowar,1.76,689
43.8,26.0,70.7,504.0,138.2,51.4,54.6,3.99,Maize,4.43,355
81.6,28.4,85.0,1616.1,131.1,44.5,93.0,5.03,Rice,5.0,514
82.1,26.4,83.7,1678.1,134.0,63.1,95.7,0.57,Rice,6.23,342
79.1,31.6,69.7,1473.8,119.2,46.4,96.0,3.65,Rice,5.23,49
23.2,29.1,51.9,240.7,68.0,43.7,27.9,5.2,Bajra,1.65,957
55.2,17.8,44.8,278.3,98.1,56.6,38.8,2.59,Wheat,3.85,756
42.4,26.7,61.7,669.7,37.7,40.4,23.3,3.62,Groundnut,1.59,473
56.9,28.4,66.3,1158.2,50.6,40.1,51.6,3.26,Soybean,1.78,480
38.5,34.4,53.7,138.6,52.6,14.8,35.9,3.43,Bajra,1.35,392
61.1,24.7,73.4,517.6,43.2,38.9,69.5,2.83,Soybean,1.85,520
68.9,26.0,66.0,848.8,53.2,50.8,66.1,4.81,Soybean,2.0,110
35.1,35.4,47.0,550.3,66.4,34.8,30.1,4.03,Bajra,1.67,521
66.7,20.3,57.1,597.6,133.9,38.0,48.4,3.95,Maize,5.45,824
54.5,25.1,65.8,503.2,50.0,70.0,50.4,4.6,Soybean,1.93,754
75.5,28.6,54.4,1362.2,175.1,77.2,182.3,3.1,Sugarcane,11.41,475
85.4,26.5,75.3,1261.4,211.3,50.6,27.2,1.26,Rice,5.93,227
76.6,24.0,73.4,1231.2,159.9,52.6,83.5,4.37,Rice,6.34,550
57.4,26.0,53.3,856.7,32.1,63.8,34.2,5.85,Soybean,2.49,594
37.9,20.8,45.7,399.5,26.6,36.7,37.3,3.38,Chickpea,1.48,745
79.5,27.4,78.3,1242.9,199.2,92.2,248.3,2.35,Sugarcane,9.29,464
72.7,29.9,81.2,2006.2,156.9,48.3,95.5,1.94,Rice,5.55,90
65.9,31.7,67.9,964.0,52.2,57.0,53.0,0.71,Soybean,2.07,603
52.2,17.0,33.9,550.5,111.5,44.0,57.2,6.12,Wheat,5.01,430
61.8,17.7,71.2,825.0,118.0,47.7,48.9,5.61,Wheat,4.27,703
71.3,30.8,82.8,1129.8,167.0,34.4,128.9,3.16,Rice,5.58,91
54.3,13.0,60.8,524.2,126.5,53.3,45.8,2.51,Wheat,4.18,485
49.0,32.2,54.1,457.8,110.6,46.2,72.6,2.73,Cotton,2.76,537
41.1,31.7,40.3,315.7,104.3,27.6,68.2,1.13,Cotton,2.45,872
38.2,15.7,44.1,308.5,33.8,51.5,44.8,2.58,Chickpea,1.45,851
67.6,16.5,74.0,733.6,175.9,58.4,58.9,3.11,Wheat,4.25,514
66.5,29.0,68.9,882.8,43.6,59.7,56.4,1.34,Soybean,2.16,565
48.8,27.0,72.4,458.5,44.7,55.2,57.8,2.2,Soybean,2.26,579
53.3,26.3,53.8,674.0,114.4,71.2,47.2,5.91,Wheat,3.38,609
74.2,26.5,73.8,938.9,135.1,73.4,70.2,3.45,Rice,4.74,124
33.1,31.3,34.3,540.8,64.8,38.1,21.4,2.65,Jowar,1.84,396
38.6,28.9,53.5,534.7,62.8,40.4,35.8,1.24,Jowar,2.18,268
47.3,15.5,72.2,454.7,170.7,46.4,38.5,3.79,Wheat,3.87,498
51.6,23.4,58.0,677.0,148.8,50.3,48.0,4.69,Wheat,4.14,551
61.9,23.4,62.7,1266.8,147.9,49.3,47.7,4.18,Maize,4.7,454
91.3,26.7,94.9,2166.4,146.5,61.9,95.0,5.49,Rice,3.75,215
64.9,22.7,58.4,1003.3,34.0,56.7,74.7,1.85,Soybean,2.07,505
80.7,28.6,86.5,1550.7,173.1,44.4,75.5,4.01,Rice,5.55,113
64.5,25.1,63.2,1005.0,40.8,64.7,73.9,5.3,Soybean,2.04,262
54.1,21.7,71.2,1166.4,36.7,81.5,51.4,4.29,Groundnut,1.43,116
78.4,29.3,75.5,1420.4,139.9,53.3,62.3,5.39,Rice,5.24,557
43.2,27.8,58.6,485.2,145.9,55.8,35.0,4.11,Wheat,4.12,753
46.2,31.5,58.7,721.5,102.2,39.4,35.7,1.11,Cotton,2.86,357
59.6,22.5,51.6,870.1,171.3,49.5,74.0,1.58,Maize,4.79,568
84.4,25.8,90.5,1699.8,191.3,65.5,76.5,0.5,Rice,4.65,308
65.4,25.6,71.7,878.9,112.1,44.3,72.4,2.37,Maize,4.95,712
47.1,31.4,52.1,906.9,133.3,38.3,46.6,1.88,Cotton,2.86,506
49.0,22.3,67.5,917.6,27.0,69.6,83.3,3.82,Groundnut,1.55,510
48.9,26.7,72.2,892.9,29.8,73.1,75.9,4.15,Groundnut,1.83,636
40.8,26.9,64.7,493.4,109.2,44.8,56.3,0.81,Cotton,2.48,277
79.2,30.5,76.4,1666.9,150.3,54.2,86.5,2.72,Rice,6.23,208
63.1,29.6,69.4,418.3,47.6,46.1,69.9,3.31,Soybean,1.65,524
36.5,18.5,55.7,282.1,27.0,58.9,40.5,2.69,Chickpea,1.46,536
40.6,31.1,79.2,596.7,193.0,58.0,40.9,3.49,Maize,4.84,774
63.7,28.4,78.1,1401.6,224.2,53.7,72.3,2.16,Rice,5.88,485
44.7,18.3,64.1,271.5,27.0,44.9,29.1,4.62,Chickpea,1.62,622
49.4,28.9,54.3,839.4,61.8,33.5,81.0,3.98,Cotton,2.64,439
42.0,29.0,52.8,446.7,66.6,26.5,30.8,7.18,Bajra,1.82,794
75.0,25.7,68.3,987.4,136.3,41.3,50.3,3.54,Maize,5.02,569
36.4,23.9,36.7,232.6,81.2,28.6,32.9,2.74,Bajra,1.43,698
47.0,19.9,64.6,354.9,27.9,54.6,38.4,3.91,Chickpea,2.01,505
84.4,27.5,71.7,1527.8,250.0,95.8,143.5,2.73,Sugarcane,10.49,138
54.6,22.6,59.1,454.6,152.6,45.6,46.9,4.86,Wheat,4.86,593
76.7,23.4,82.1,1409.7,161.7,55.1,63.5,3.9,Maize,4.29,456
62.3,23.1,60.1,859.7,118.2,38.5,79.6,3.44,Maize,5.01,709
54.8,31.2,72.7,815.2,44.5,61.4,59.7,2.35,Soybean,2.1,548
77.9,29.4,79.5,1230.2,159.8,65.2,106.1,3.54,Rice,5.41,487
65.9,29.6,80.9,1810.7,198.8,47.3,91.7,0.74,Rice,5.94,186
36.8,22.7,46.3,312.9,20.0,51.7,36.5,2.98,Chickpea,1.67,638
48.7,24.0,54.2,1366.5,94.6,42.0,87.4,0.5,Cotton,1.97,723
63.8,24.0,77.9,1626.9,227.4,45.7,78.0,4.48,Rice,5.16,393
64.2,24.7,89.6,967.5,54.5,73.2,65.6,6.24,Soybean,2.21,185
30.9,32.4,51.6,288.7,66.8,38.2,45.1,5.53,Jowar,2.1,761
44.4,22.5,68.7,645.6,56.2,51.7,56.5,3.55,Soybean,1.66,641
83.0,27.5,80.6,1468.9,183.2,45.2,81.8,3.21,Rice,5.23,433
43.2,32.5,61.6,558.6,69.0,29.1,22.4,3.8,Bajra,1.76,590
55.8,24.0,69.1,807.9,51.8,72.6,52.6,1.56,Soybean,2.21,399
48.3,31.8,43.7,576.5,54.9,35.4,39.0,3.56,Bajra,1.84,767
51.8,20.7,65.5,692.6,126.1,50.3,32.8,1.44,Wheat,5.13,799
49.6,24.0,44.3,962.4,34.0,63.3,61.1,2.66,Groundnut,1.84,677
55.8,19.5,77.8,975.9,118.5,51.8,36.5,4.31,Wheat,4.07,287
71.9,27.1,77.4,1705.9,140.1,63.7,103.5,3.75,Rice,5.64,369
47.6,18.2,68.0,811.3,147.4,55.4,47.0,4.2,Wheat,2.46,291
45.8,29.9,74.4,742.0,57.3,39.0,53.0,6.17,Jowar,1.79,487
61.8,19.8,72.7,324.0,128.7,55.4,31.2,4.67,Wheat,3.86,467
65.5,27.6,60.7,1041.0,111.6,58.6,52.1,1.58,Maize,4.94,673
48.7,30.1,51.4,458.4,68.9,31.7,40.4,3.68,Jowar,2.18,678
60.8,24.5,69.7,735.3,47.5,69.3,72.1,3.97,Soybean,2.27,656
34.9,28.4,50.5,296.0,73.7,26.9,39.6,2.66,Jowar,1.87,1023
52.9,29.0,58.7,1419.3,89.2,61.9,57.9,2.75,Cotton,2.52,450
59.4,18.4,71.6,532.4,117.1,59.7,60.3,0.64,Wheat,4.68,363
46.7,35.4,55.3,453.1,24.3,32.7,66.3,4.39,Groundnut,1.52,707
43.7,32.0,37.5,525.7,65.0,32.8,39.5,2.06,Bajra,1.91,733
61.7,30.6,60.6,1099.5,50.3,62.3,63.0,3.57,Soybean,2.04,534
67.9,22.6,73.0,1093.9,113.3,34.7,54.3,3.96,Maize,4.52,319
25.8,30.0,43.9,379.1,83.1,33.2,45.9,5.88,Bajra,2.13,811
57.2,25.4,60.9,616.3,41.2,58.1,55.9,2.45,Soybean,2.47,581
59.0,12.3,82.3,662.1,133.4,62.8,49.2,2.16,Wheat,3.0,50
43.1,16.3,42.7,117.6,30.4,41.6,36.4,7.15,Chickpea,1.55,718
73.4,30.9,82.0,855.2,188.1,74.3,86.9,1.38,Rice,4.44,432
57.4,20.0,46.9,484.8,32.1,41.0,30.9,2.67,Chickpea,1.56,880
65.0,26.0,64.8,973.5,130.5,40.2,69.0,8.03,Maize,5.45,401
61.5,23.8,64.6,831.2,133.4,49.6,46.2,5.01,Wheat,4.06,384
92.0,26.2,80.5,2286.2,138.3,83.7,111.2,2.88,Rice,3.46,423
73.7,31.9,78.3,1176.7,166.7,60.0,117.7,4.42,Rice,5.23,268
70.1,28.0,77.2,1255.7,235.4,80.5,164.4,1.77,Sugarcane,10.09,382
75.8,27.5,68.7,1155.5,43.4,61.3,51.3,4.53,Soybean,1.81,517
72.6,19.5,63.0,365.5,28.6,47.8,37.2,1.45,Chickpea,1.69,704
42.4,27.5,33.8,508.2,66.5,29.4,30.2,4.13,Jowar,2.13,772
71.4,21.0,66.5,532.0,136.6,46.2,50.4,3.28,Wheat,5.11,358
71.4,29.9,65.9,795.6,50.4,69.4,44.9,4.88,Soybean,2.1,671
56.6,18.4,65.7,608.8,145.2,71.0,45.3,3.45,Wheat,4.34,464
80.6,27.2,92.9,1490.4,173.9,79.7,113.6,3.5,Rice,6.14,156
52.8,19.7,58.3,550.6,126.0,39.2,53.3,2.97,Wheat,4.84,922
50.9,20.6,60.6,608.1,135.0,38.1,53.2,5.13,Wheat,4.92,715
42.6,18.7,73.3,250.3,125.1,38.8,50.5,4.8,Wheat,3.19,349
37.1,28.3,51.3,304.6,56.2,39.1,49.2,5.55,Jowar,1.77,601
65.4,30.9,87.4,1533.9,182.4,54.4,87.7,2.64,Rice,5.17,228
39.9,29.4,62.5,365.6,67.7,35.1,37.0,5.02,Bajra,1.73,468
33.5,31.1,50.5,261.9,73.3,34.8,42.4,2.12,Jowar,1.86,381
54.8,22.3,64.4,485.0,136.4,31.8,52.5,2.23,Maize,4.45,688
54.5,27.1,58.8,513.3,58.8,61.2,61.5,4.37,Groundnut,2.08,724
24.6,29.2,60.1,595.1,84.7,25.3,54.0,3.91,Jowar,1.83,618
73.7,31.6,78.7,1510.8,224.4,69.3,190.0,1.87,Sugarcane,10.22,261
43.2,17.7,50.9,325.8,24.4,46.2,31.8,3.43,Chickpea,1.85,713
72.0,30.7,75.8,733.5,182.4,114.7,157.1,2.55,Sugarcane,9.47,542
64.8,16.7,80.1,518.3,117.0,52.5,47.1,4.03,Wheat,4.48,265
48.6,21.1,69.3,710.0,36.1,70.8,60.1,3.66,Groundnut,1.74,439
65.8,25.5,56.1,1044.0,34.2,76.9,50.4,3.51,Groundnut,1.51,463
71.8,25.0,66.2,1086.4,54.8,59.2,45.9,2.46,Soybean,1.81,580
57.9,19.8,57.8,804.8,95.8,61.1,41.3,1.95,Wheat,4.03,612
56.0,25.4,55.7,420.2,52.4,31.7,54.5,5.71,Jowar,1.81,424
51.4,18.8,61.2,440.7,150.0,59.1,62.5,2.43,Wheat,5.26,490
55.0,29.4,47.4,357.9,92.6,36.9,82.7,4.28,Cotton,2.55,984
55.8,18.6,50.0,757.5,149.1,51.3,55.4,4.12,Wheat,4.34,479
49.6,34.3,66.8,845.3,102.8,35.9,80.3,4.26,Cotton,2.94,518
61.8,26.1,66.2,939.2,188.4,42.2,51.3,2.87,Maize,5.67,386
55.4,21.1,63.0,355.3,155.0,38.8,56.4,7.27,Wheat,4.91,786
32.8,31.1,41.4,412.6,54.1,29.9,49.3,2.93,Bajra,1.93,723
92.0,26.0,83.7,1989.6,192.5,43.4,109.1,2.49,Rice,4.69,175
50.6,27.7,60.3,614.0,39.7,61.4,58.0,3.07,Groundnut,2.27,385
73.0,28.8,74.5,1541.2,204.7,53.0,68.3,4.28,Rice,5.94,311
82.6,25.3,66.3,1504.6,102.3,39.2,51.1,8.24,Maize,4.01,548
77.9,24.0,67.1,1245.2,41.3,52.3,59.9,2.92,Soybean,1.47,549
32.9,30.5,49.5,380.4,61.6,36.2,40.3,2.66,Jowar,2.1,470
46.5,23.0,65.6,934.6,38.3,42.5,66.7,1.58,Groundnut,1.82,742
51.2,29.2,51.8,239.8,51.2,41.3,50.9,2.1,Jowar,1.85,643
40.8,24.4,46.7,342.8,30.8,53.6,42.7,0.5,Chickpea,2.03,536
79.1,30.5,75.3,1556.1,216.5,117.3,160.0,2.75,Sugarcane,10.43,364
68.0,20.1,61.2,693.2,137.0,39.1,41.8,1.52,Maize,3.83,457
46.9,20.1,57.9,411.3,180.8,46.1,44.6,1.14,Wheat,4.73,524
82.8,27.7,66.6,1792.0,203.1,77.2,172.7,3.6,Sugarcane,10.9,276
49.7,19.2,56.5,456.8,152.6,67.0,37.3,3.49,Wheat,4.68,608
42.4,25.7,50.7,202.3,82.5,33.2,36.3,4.15,Jowar,1.53,613
36.7,30.3,56.7,924.2,51.6,25.9,38.1,5.06,Bajra,1.47,288
48.1,29.6,50.4,229.4,43.4,64.6,71.0,1.37,Groundnut,2.1,776
65.8,12.1,62.4,512.2,130.2,54.7,34.4,3.62,Wheat,3.94,486
74.9,28.6,78.9,1928.9,169.4,69.8,72.8,3.0,Rice,6.26,471
43.2,35.3,64.8,273.5,65.5,28.7,38.1,1.58,Bajra,1.75,667
62.4,31.2,70.1,933.5,49.3,62.4,81.5,6.51,Soybean,2.38,555
56.6,21.1,49.8,659.7,133.6,44.3,48.8,3.33,Wheat,4.67,676
49.0,30.8,69.5,704.5,46.8,35.3,58.8,6.18,Bajra,1.68,698
80.2,30.7,77.8,1877.3,181.8,48.3,62.6,4.65,Rice,5.66,239
51.0,24.4,75.9,939.3,127.6,35.7,66.9,4.29,Maize,5.17,252
73.0,29.1,82.2,1406.7,189.4,54.8,81.9,2.68,Rice,5.41,368
66.6,31.2,79.3,1371.1,181.2,67.8,101.8,0.97,Rice,5.0,0
73.9,30.1,82.3,1364.2,155.0,49.6,76.1,3.01,Rice,5.37,257
60.7,30.8,63.1,520.1,114.0,46.6,41.0,3.43,Maize,4.39,598
54.5,29.9,53.7,863.3,94.0,40.2,93.9,2.96,Cotton,2.82,526
61.6,20.0,74.8,798.1,156.4,35.0,44.3,1.88,Maize,3.88,638
75.8,26.4,84.3,1654.8,129.8,47.9,60.0,1.12,Rice,6.36,385
53.1,19.9,42.4,111.1,20.7,41.3,35.9,1.84,Chickpea,1.49,775
49.0,21.4,70.7,251.8,22.2,44.1,24.4,2.66,Chickpea,1.55,474
32.3,26.8,34.8,415.1,72.4,32.1,42.2,6.21,Bajra,1.6,948
68.1,29.7,79.2,1173.8,184.0,56.8,76.2,3.28,Rice,4.6,250
78.1,28.5,81.9,1236.6,170.0,35.2,77.6,0.76,Rice,5.8,266
75.0,32.9,82.4,1497.0,205.4,67.0,99.6,2.46,Rice,4.9,421
56.0,22.4,60.6,1019.1,130.5,52.6,45.5,6.93,Maize,4.35,615
46.8,30.9,66.6,675.3,31.0,71.5,81.3,5.5,Groundnut,2.0,842
50.5,25.6,52.4,591.9,141.9,57.7,56.6,6.55,Maize,4.47,601
78.6,25.8,72.8,1190.0,214.9,50.0,96.7,1.68,Rice,5.53,102
72.4,27.7,80.0,986.5,138.9,54.2,75.3,0.88,Rice,5.84,480
68.8,24.2,50.7,715.4,148.7,50.1,57.6,5.49,Maize,3.75,834
53.6,27.3,73.7,1066.1,48.9,62.6,63.6,3.16,Soybean,2.14,385
72.0,31.2,78.1,1915.2,250.0,109.1,141.3,1.16,Sugarcane,10.32,534
56.4,32.2,69.5,510.6,33.5,39.9,66.2,2.75,Groundnut,1.75,799
76.5,21.9,66.2,938.2,141.3,52.6,69.6,0.5,Maize,4.27,379
52.2,19.8,57.6,651.7,123.4,54.6,58.4,4.25,Wheat,4.97,512
61.9,24.4,76.2,689.8,39.5,64.2,38.9,4.57,Soybean,2.27,239
32.0,25.9,40.1,538.5,73.3,38.2,39.2,4.6,Bajra,1.61,814
87.2,26.6,74.4,1532.9,203.4,99.4,119.1,1.3,Sugarcane,9.69,466
59.1,18.9,37.0,350.3,106.9,24.7,34.4,1.33,Wheat,4.47,862
23.8,29.4,40.9,374.8,53.4,34.6,48.0,4.73,Bajra,1.9,541
77.8,30.3,85.8,1471.4,184.8,39.4,63.4,2.48,Rice,5.62,159
74.0,25.7,94.7,1628.5,116.7,44.7,47.8,3.55,Rice,4.43,0
84.5,26.6,92.5,2273.5,167.9,58.8,86.0,3.58,Rice,4.94,0
64.4,20.0,68.4,825.9,168.1,37.5,58.8,1.52,Wheat,4.0,267
68.9,25.4,78.1,1642.8,174.9,58.4,102.3,2.91,Rice,5.71,60
84.1,29.6,85.6,1928.0,188.0,37.4,112.7,1.33,Rice,4.91,209
75.0,31.1,89.6,1639.4,195.9,52.0,93.5,3.2,Rice,4.86,310
68.7,24.3,75.3,1172.9,186.7,34.7,102.3,2.63,Rice,4.02,486
37.6,35.6,42.3,583.2,60.1,33.5,39.7,4.01,Bajra,1.87,704
46.0,27.1,39.8,230.7,42.2,34.3,38.5,2.18,Bajra,1.59,652
81.8,30.7,72.4,1525.1,204.9,61.2,108.9,2.0,Rice,5.76,364
82.1,26.4,75.9,1388.9,250.0,100.7,172.4,1.5,Sugarcane,8.67,447
73.1,22.3,59.2,844.8,108.5,59.7,50.1,2.33,Wheat,3.14,504
78.8,29.2,78.4,1879.4,129.0,68.8,135.2,2.41,Rice,5.47,294
47.7,29.9,44.0,887.0,70.1,36.2,70.5,1.72,Cotton,2.49,612
53.1,33.1,54.0,897.8,97.5,43.3,69.2,5.36,Cotton,2.91,501
63.5,23.3,63.7,910.3,125.8,52.2,56.5,2.46,Wheat,3.31,513
83.6,27.5,69.5,1869.3,215.8,91.7,207.5,2.17,Sugarcane,11.46,168
45.5,27.9,47.1,733.1,111.2,35.5,84.0,2.46,Cotton,2.84,824
67.4,23.5,65.3,247.3,111.9,38.8,53.3,0.5,Wheat,3.74,330
37.8,30.2,57.6,978.6,115.4,46.5,61.6,4.67,Cotton,3.02,620
63.7,19.0,54.9,769.1,129.2,49.3,42.9,4.34,Wheat,3.96,376
59.2,22.8,74.0,702.2,33.9,67.0,59.3,3.88,Soybean,2.22,695
44.2,35.3,63.1,444.7,87.4,41.8,95.4,1.35,Cotton,2.43,710
51.7,24.2,54.4,751.9,142.2,45.8,66.7,2.28,Maize,5.52,470
58.5,33.3,77.5,637.7,42.9,62.3,52.7,2.9,Soybean,1.81,363
55.4,34.4,66.7,1107.0,115.8,35.0,65.0,0.86,Cotton,2.11,279
85.9,25.5,81.7,1652.8,148.4,46.5,89.9,5.47,Rice,5.04,278
47.7,18.1,59.2,500.2,39.3,41.9,42.9,0.8,Chickpea,1.74,660
41.2,17.6,61.4,479.9,33.2,45.0,20.0,4.33,Chickpea,1.69,988
35.6,33.3,67.5,522.9,57.8,28.2,45.1,5.24,Bajra,1.8,309
57.9,27.9,61.8,750.1,38.0,46.7,52.2,3.62,Groundnut,2.17,741
45.8,33.0,71.5,657.4,28.4,54.8,81.4,5.1,Groundnut,2.05,386
82.9,31.0,78.1,1221.7,155.6,65.2,71.4,2.48,Rice,4.69,403
80.3,24.8,83.1,1279.3,155.9,64.0,125.1,0.5,Rice,6.25,459
89.7,36.2,73.8,1184.6,250.0,96.2,173.6,3.54,Sugarcane,6.66,482
62.6,13.5,51.0,620.7,132.8,69.7,45.8,5.06,Wheat,4.16,708
53.2,28.8,80.5,684.1,42.6,32.6,50.4,2.48,Groundnut,2.12,375
47.3,17.2,43.9,323.9,130.0,71.2,53.5,2.33,Wheat,4.04,722
34.8,17.9,53.9,284.2,30.1,50.7,36.8,4.11,Chickpea,1.93,684
49.1,20.4,49.3,564.0,31.3,57.9,38.1,2.01,Chickpea,1.79,851
46.8,17.7,62.9,180.6,159.9,60.2,41.0,0.5,Wheat,4.07,371
83.0,25.6,78.0,1602.1,144.7,50.3,94.5,1.95,Rice,6.37,239
76.8,21.7,76.0,503.8,135.9,64.2,40.0,4.84,Wheat,4.78,264
46.2,24.5,66.3,591.9,37.8,56.1,49.1,0.57,Soybean,1.78,374
78.3,26.5,77.1,874.5,123.7,52.1,91.8,5.08,Rice,4.66,281
58.0,18.2,66.8,417.8,115.5,62.2,50.9,2.96,Wheat,4.4,721
45.4,18.2,68.5,491.0,124.0,48.5,48.1,5.27,Wheat,4.08,865
47.9,35.0,53.0,445.9,73.4,23.7,38.4,3.28,Bajra,1.63,863
43.8,26.5,62.4,1051.7,105.1,43.1,77.5,6.29,Cotton,2.19,310
35.0,36.9,54.4,342.5,74.6,38.1,65.2,1.54,Cotton,1.86,661
52.5,33.8,41.9,531.8,58.0,22.9,47.0,0.87,Bajra,1.76,534
70.1,29.9,74.5,576.6,103.6,47.8,43.4,3.56,Maize,4.2,536
79.7,28.8,90.9,1839.3,186.1,47.3,77.7,2.66,Rice,6.38,419
90.8,30.5,75.0,1773.6,214.5,77.4,155.6,0.5,Sugarcane,10.6,412
75.7,27.1,71.7,1706.2,208.4,69.2,84.6,4.18,Rice,6.18,488
90.0,26.0,79.3,1308.7,129.2,55.7,96.2,1.51,Rice,4.43,317
55.7,24.2,83.4,952.6,52.9,55.7,63.0,3.64,Soybean,2.44,39
79.3,30.1,83.7,1836.7,201.9,72.0,83.1,0.63,Rice,5.52,0
72.3,28.1,82.9,2160.1,110.2,54.4,93.6,3.18,Rice,4.76,216
77.7,33.4,80.7,1767.2,239.4,54.5,97.8,5.35,Rice,4.99,374
60.0,31.5,66.6,636.4,90.5,38.4,97.8,1.63,Cotton,2.9,722
55.5,13.8,58.0,589.7,155.3,56.7,45.0,3.92,Wheat,3.71,537
53.9,14.1,71.9,825.2,144.3,46.6,28.0,3.42,Wheat,3.64,466
51.8,24.0,68.4,815.0,33.1,59.4,59.8,1.83,Groundnut,1.82,523
65.5,28.9,73.1,895.5,100.1,54.7,102.2,3.3,Rice,5.47,605
73.4,26.8,68.7,934.5,34.2,65.5,44.4,1.48,Soybean,2.35,454
69.6,30.8,80.2,1481.1,179.2,54.5,96.0,2.04,Rice,5.5,141
48.6,17.0,48.2,441.2,33.9,41.9,31.9,1.25,Chickpea,1.67,854
67.0,28.3,74.7,1352.9,137.7,73.2,121.1,4.42,Rice,5.63,434
81.1,26.8,83.4,1454.2,217.5,44.7,88.2,3.89,Rice,6.64,358
37.9,27.6,63.8,835.0,31.6,52.7,83.0,5.57,Groundnut,2.12,313
33.3,30.2,47.8,423.7,61.2,35.7,45.7,3.85,Jowar,2.26,685
79.5,29.2,75.4,1860.5,101.9,67.8,73.0,3.56,Rice,5.63,33
61.0,19.5,53.3,539.3,129.4,45.1,31.1,3.1,Wheat,3.92,314
58.3,18.3,63.7,544.5,152.6,29.3,47.1,3.66,Wheat,4.94,516
47.8,27.3,63.4,1108.0,71.3,40.3,79.4,4.36,Cotton,3.02,415
48.9,30.7,77.0,854.8,40.5,49.2,87.4,4.05,Groundnut,2.24,502
68.8,18.4,65.1,737.3,150.6,55.4,43.6,3.84,Wheat,3.47,748
87.1,31.3,82.9,1522.9,175.9,71.9,96.1,3.61,Rice,5.81,288
26.2,27.5,43.6,137.4,64.0,30.2,48.2,0.5,Bajra,1.63,1023
46.4,21.9,56.2,206.3,103.7,27.9,53.0,1.74,Wheat,3.62,558
36.4,29.9,68.2,150.4,66.4,33.8,37.3,5.41,Bajra,1.96,690
56.6,13.3,59.5,691.8,108.0,48.4,42.4,3.41,Wheat,3.8,366
64.5,24.9,53.7,172.9,115.0,68.7,59.6,3.7,Wheat,3.22,694
40.4,17.3,61.0,471.9,111.5,47.5,49.5,2.13,Wheat,4.43,533
68.7,29.4,83.0,1350.6,155.5,61.6,93.7,4.89,Rice,6.06,278
35.0,30.9,33.0,0.0,139.2,42.7,70.5,3.66,Cotton,1.96,911
64.7,21.3,83.1,1104.3,37.5,51.6,55.9,1.94,Soybean,1.85,38
50.2,24.7,55.8,460.3,91.5,48.3,46.5,6.39,Wheat,4.19,643
78.5,31.1,55.3,1018.6,39.2,73.3,54.0,2.58,Soybean,1.8,430
78.6,27.4,78.6,345.0,142.9,60.0,105.5,1.82,Rice,4.37,481
54.7,16.7,48.5,384.5,128.1,52.2,44.7,3.68,Wheat,3.9,749
74.9,34.4,70.7,1273.8,187.1,49.3,96.8,0.87,Rice,3.89,348
92.0,23.9,82.9,1651.8,242.3,48.3,95.6,5.13,Rice,4.92,221
51.9,28.9,55.1,1469.6,132.5,36.6,65.3,4.04,Cotton,2.21,320
34.9,26.0,49.4,783.7,56.8,30.5,28.2,3.48,Bajra,1.34,720
48.0,22.5,55.7,601.4,33.8,74.1,57.8,4.35,Groundnut,1.97,501
51.2,23.4,45.6,309.5,37.8,40.4,29.9,2.2,Chickpea,1.71,785
43.6,20.3,38.2,251.8,26.2,53.7,40.9,1.94,Chickpea,1.87,539
84.4,31.1,74.4,1270.2,187.8,36.1,69.5,2.11,Rice,5.2,598
37.7,24.8,61.9,627.4,86.2,28.3,33.3,2.73,Jowar,1.95,395
69.0,30.2,79.1,1054.0,156.5,71.6,84.9,2.53,Rice,4.76,556
64.3,26.5,61.5,609.3,48.3,82.3,60.3,5.08,Soybean,2.27,491
87.1,30.9,89.0,2319.3,181.5,62.4,99.0,4.41,Rice,3.95,274
67.5,31.7,85.2,1019.4,223.7,67.0,79.1,5.04,Rice,5.44,310
84.3,28.9,75.6,1178.2,174.8,63.9,86.8,2.24,Rice,5.28,491
70.0,17.3,53.1,452.6,162.6,54.2,46.0,6.08,Wheat,4.24,646
72.0,20.6,56.8,587.2,121.3,60.8,32.8,5.43,Wheat,4.25,803
40.5,30.8,51.0,576.7,108.4,33.8,68.0,3.76,Cotton,2.92,753
45.7,17.3,50.4,432.9,25.1,43.6,36.1,3.98,Chickpea,1.83,776
56.5,23.2,68.7,753.6,120.4,52.7,49.9,4.6,Maize,5.09,754
64.5,28.3,64.7,721.1,160.1,57.6,74.1,2.45,Rice,4.83,413
51.8,36.6,67.0,680.6,113.3,31.5,63.6,3.23,Cotton,2.59,718
90.2,28.4,94.7,1122.1,162.6,54.8,130.6,4.15,Rice,5.07,272
77.9,32.5,96.0,1580.1,163.5,43.6,73.2,4.25,Rice,4.38,0
39.6,29.5,63.7,1037.9,88.4,44.8,61.0,3.2,Cotton,2.6,567
42.2,29.0,46.7,683.7,101.1,32.4,93.7,0.62,Cotton,3.19,632
83.2,26.6,77.0,2080.1,153.3,48.4,59.2,5.97,Rice,4.38,542
55.2,31.3,54.3,728.0,41.6,52.2,80.7,3.6,Groundnut,2.28,525
57.2,18.6,63.1,567.4,164.7,41.9,52.8,2.86,Wheat,4.91,563
73.3,24.3,63.3,1828.5,233.6,71.4,145.5,1.62,Sugarcane,9.62,432
61.6,26.7,55.2,408.9,123.0,36.3,38.8,2.54,Maize,4.45,332
60.2,20.6,46.0,0.0,136.6,40.9,40.4,4.39,Wheat,3.85,825
51.0,17.8,73.8,556.6,25.7,69.3,34.2,3.46,Chickpea,1.67,315
31.9,28.8,36.5,369.0,43.6,26.7,35.5,2.88,Bajra,1.8,989
76.5,27.0,71.5,1381.4,132.6,61.8,67.2,1.58,Rice,5.78,653
80.7,20.4,77.8,1017.5,172.6,72.6,75.5,3.36,Rice,4.02,384
92.0,26.7,79.8,2041.4,199.1,102.8,142.0,5.35,Sugarcane,11.06,8
78.3,26.7,75.7,922.3,165.6,66.3,103.8,1.72,Rice,5.39,442
62.4,27.3,56.6,709.6,30.6,70.4,51.9,1.4,Groundnut,2.35,616
63.2,21.3,58.9,696.8,96.8,42.8,54.8,5.24,Maize,4.37,686
55.9,31.9,58.4,790.5,36.0,35.8,59.4,1.85,Groundnut,1.62,517
83.0,32.0,71.4,1041.2,142.4,65.9,60.5,4.54,Rice,4.21,242
55.7,27.6,74.3,829.3,54.2,52.3,46.7,5.31,Soybean,2.59,412
47.0,23.5,60.6,871.3,30.1,67.1,64.9,2.14,Groundnut,1.83,389
84.4,28.5,79.7,2116.7,203.5,59.1,95.1,2.82,Rice,3.82,535
39.8,30.5,62.6,711.2,27.0,68.0,62.0,3.69,Groundnut,2.08,429
44.0,18.2,52.3,383.7,29.0,39.1,39.4,6.77,Chickpea,2.04,556
47.9,21.0,49.8,412.6,150.6,54.0,52.7,3.68,Wheat,4.57,666
47.0,14.5,52.2,412.4,35.4,44.1,39.1,2.25,Chickpea,1.63,460
61.0,20.3,53.2,574.7,165.8,24.8,38.5,2.9,Wheat,4.24,559
40.4,25.9,47.2,561.8,61.6,37.6,41.5,1.08,Jowar,2.09,654
44.8,14.4,59.2,735.0,21.1,45.5,30.3,1.7,Chickpea,1.27,487
35.0,24.9,46.7,317.3,62.6,28.2,50.6,0.5,Jowar,1.92,666
55.1,14.2,59.4,563.1,134.3,50.7,45.5,3.3,Wheat,4.26,782
86.6,31.0,77.0,1416.6,137.7,57.0,85.7,1.46,Rice,5.32,414
79.2,28.6,79.8,1662.1,203.3,44.1,80.2,2.54,Rice,6.1,86
69.4,23.9,66.0,781.0,157.0,56.2,72.2,4.51,Maize,5.11,437
72.6,22.3,78.7,944.6,167.4,33.8,111.7,3.24,Rice,4.75,506
65.0,27.8,73.4,958.3,41.9,40.1,45.2,0.5,Soybean,2.35,323
51.4,22.4,69.3,462.7,42.4,57.4,45.5,2.62,Groundnut,1.69,533
60.2,20.8,73.1,541.2,134.1,53.8,66.4,4.0,Maize,4.13,476
78.8,24.4,68.6,1309.7,121.5,30.6,66.7,4.76,Maize,3.93,503
65.8,21.8,54.9,592.3,117.9,41.3,35.3,2.92,Wheat,5.09,587
36.4,28.1,68.9,1639.8,110.8,41.6,73.2,4.06,Cotton,2.01,354
38.1,36.8,34.1,425.6,64.0,31.7,32.2,5.25,Bajra,1.74,637
56.3,25.7,67.3,802.1,167.1,36.7,62.4,1.97,Maize,5.18,550
53.5,22.0,51.5,495.3,35.8,27.9,36.0,1.7,Chickpea,1.5,505
49.2,29.8,58.2,698.5,41.2,67.1,67.1,4.42,Groundnut,2.1,852
70.0,26.7,69.6,2073.1,161.1,61.9,82.3,5.68,Rice,5.3,319
76.8,25.5,72.3,1517.5,47.6,59.6,67.6,1.68,Soybean,1.88,331
44.9,32.2,54.5,712.2,83.2,41.5,77.6,4.49,Cotton,3.33,729
89.3,30.4,61.6,1315.7,178.0,78.0,115.8,4.64,Rice,5.03,459
56.3,27.4,64.0,526.5,199.2,50.5,52.2,1.11,Maize,5.26,568
31.8,19.0,57.3,210.9,30.4,37.0,31.9,0.5,Chickpea,1.46,635
38.6,24.2,39.0,824.4,66.8,28.2,40.8,3.85,Bajra,1.05,587
44.7,21.7,47.6,132.8,27.5,45.8,32.8,4.07,Chickpea,1.58,573
54.7,29.1,59.1,561.1,26.1,50.5,73.5,2.3,Groundnut,2.21,476
70.1,29.1,63.5,862.6,49.6,41.5,54.0,3.75,Soybean,2.41,695
53.2,17.0,40.6,746.1,144.7,51.5,34.6,3.24,Wheat,4.71,600
83.6,28.0,84.8,2069.4,124.6,70.5,78.6,5.35,Rice,4.52,165
58.3,26.1,68.4,557.1,108.9,51.5,45.7,4.61,Maize,4.63,444
69.4,28.4,63.5,1123.1,146.2,60.3,58.0,2.46,Maize,5.48,592
41.4,28.5,44.8,545.6,70.0,21.9,47.7,7.48,Jowar,2.13,1008
58.8,24.9,58.5,434.3,156.5,55.0,46.9,1.66,Maize,5.25,461
58.0,29.4,51.1,484.6,132.9,72.9,56.0,2.41,Wheat,3.38,743
46.0,27.3,56.0,1320.2,106.5,32.7,74.5,2.48,Cotton,1.88,534
33.2,23.9,65.0,537.0,57.9,32.1,21.0,4.76,Bajra,1.65,497
39.0,32.5,59.0,769.3,55.7,31.0,56.8,3.02,Jowar,1.8,642
68.2,27.8,67.3,1111.4,142.5,40.3,69.3,1.75,Maize,5.52,252
46.8,33.2,60.4,1218.4,60.5,50.6,67.1,2.9,Soybean,1.39,626
76.8,22.1,80.0,1922.1,156.6,49.1,109.6,0.5,Rice,4.29,306
48.5,16.8,52.3,714.5,109.8,49.2,47.8,4.2,Wheat,4.08,462
59.7,25.7,74.1,1275.0,107.2,25.2,44.0,5.44,Maize,4.52,635
81.0,33.4,88.6,2500.0,215.2,84.2,186.8,2.57,Sugarcane,7.98,311
42.7,31.5,50.9,482.1,142.8,32.1,79.3,2.13,Cotton,2.72,842
54.9,30.3,68.6,1021.5,58.0,75.8,51.7,5.24,Soybean,2.36,224
60.8,30.6,69.7,873.0,42.8,60.5,35.1,3.81,Soybean,2.41,422
32.4,37.3,40.8,179.7,60.5,22.1,38.6,3.76,Bajra,1.55,675
69.0,24.2,78.2,1096.7,125.4,67.8,50.4,2.46,Maize,5.74,473
59.0,21.5,61.4,456.7,162.6,71.7,51.8,3.07,Wheat,4.74,798
63.9,26.4,79.6,811.8,175.6,33.9,56.9,0.55,Rice,4.41,95
46.1,23.4,64.9,246.5,94.1,66.2,42.7,2.61,Wheat,3.95,585
56.3,23.6,67.1,346.7,91.3,44.5,35.9,1.9,Wheat,4.42,532
77.0,26.1,83.3,1838.6,156.9,75.7,68.6,0.6,Rice,4.53,418
28.4,30.7,44.0,615.2,61.5,26.7,36.0,4.6,Jowar,2.28,685
87.2,21.7,78.6,1734.9,184.3,53.5,59.8,3.38,Rice,2.93,97
69.3,28.0,73.9,928.4,143.1,43.8,74.9,5.28,Maize,5.74,395
35.1,29.0,52.5,1327.1,139.5,39.8,77.3,2.66,Cotton,2.3,377
63.0,29.2,61.0,653.5,111.4,37.5,62.0,2.53,Maize,4.9,438
66.2,22.1,56.5,446.3,160.8,55.6,43.4,6.09,Maize,4.56,628
76.4,31.4,76.1,1146.8,239.3,114.1,138.4,2.45,Sugarcane,8.23,306
51.1,17.0,62.7,520.1,104.7,60.2,54.6,5.77,Wheat,4.59,609
72.0,24.7,91.8,1123.7,161.3,62.0,97.6,4.24,Rice,5.85,38
75.2,29.2,87.3,1425.5,118.1,38.3,83.2,3.44,Rice,6.12,644
82.1,23.9,87.9,1375.4,205.4,68.4,86.3,6.61,Rice,5.75,477
45.7,25.7,69.1,348.6,58.5,60.9,50.1,5.15,Soybean,1.75,650
51.5,16.7,57.9,413.3,131.1,54.9,22.6,2.99,Wheat,4.52,410
60.7,20.4,62.5,238.5,141.9,63.9,47.7,2.48,Wheat,4.17,259
70.6,27.3,78.9,1550.2,129.6,71.1,102.8,0.5,Rice,6.34,180
44.2,29.6,62.4,523.5,96.3,43.1,57.0,2.59,Cotton,2.78,530
37.5,28.3,47.1,641.3,59.3,31.8,45.4,2.32,Bajra,1.73,1020
69.6,23.3,66.1,743.7,122.3,40.5,50.6,5.03,Wheat,3.62,717
49.2,18.6,70.5,0.0,148.9,46.6,30.1,6.06,Wheat,4.58,487
61.7,18.9,65.9,590.8,132.6,48.1,43.7,0.5,Wheat,4.71,722
47.8,26.4,59.6,1537.9,121.9,31.4,86.5,4.04,Cotton,1.82,653
51.4,26.4,54.1,895.2,25.9,66.6,64.8,3.03,Groundnut,1.92,586
68.2,20.3,68.4,456.6,152.4,51.6,33.4,1.91,Wheat,4.48,721
54.6,19.3,62.7,804.8,167.8,38.5,37.5,0.83,Wheat,4.09,581
49.0,20.5,60.8,674.6,97.4,39.2,52.2,5.53,Wheat,4.29,456
64.5,21.5,79.1,1335.1,49.5,52.2,46.1,0.5,Soybean,1.69,153
50.0,25.4,41.3,549.9,64.9,27.7,53.0,3.39,Jowar,1.51,697
70.8,30.3,74.0,1143.0,50.7,60.3,53.9,5.04,Soybean,2.0,557
92.0,32.0,84.2,2267.2,129.4,54.4,111.0,1.46,Rice,3.68,1
50.8,34.6,69.4,1189.6,135.1,43.1,78.1,3.19,Cotton,1.88,172
59.6,14.4,52.2,569.2,90.0,67.8,24.7,5.8,Wheat,3.55,725
49.1,32.6,54.6,581.3,93.1,34.2,76.0,0.97,Cotton,2.42,188
28.2,34.1,33.0,431.1,68.7,24.1,45.0,2.66,Bajra,1.8,1023
60.1,24.8,58.6,264.1,157.5,56.3,57.1,3.2,Wheat,3.96,558
63.3,16.9,69.3,367.7,153.9,53.5,65.6,3.0,Wheat,4.58,649
80.4,25.8,80.9,1009.3,119.2,51.7,97.3,2.25,Rice,5.42,659
70.6,29.1,68.0,1930.5,188.5,72.6,235.5,5.4,Sugarcane,11.14,119
51.0,35.5,60.7,855.3,41.8,45.2,85.9,2.82,Groundnut,1.68,371
75.9,25.0,83.3,1465.4,186.2,55.2,90.6,2.7,Rice,5.77,652
80.7,27.9,79.7,1795.3,186.6,54.5,87.8,2.77,Rice,5.88,241
81.3,23.7,85.3,1932.1,167.9,52.2,61.3,3.85,Rice,4.34,219
67.3,22.9,68.9,1110.0,134.6,39.9,49.3,3.18,Maize,4.47,477
73.1,28.6,80.1,1137.4,112.8,56.1,82.3,3.82,Rice,5.91,522
79.5,26.1,84.5,1964.6,168.0,48.0,103.5,6.08,Rice,5.08,451
39.4,23.9,35.1,435.1,50.4,37.5,31.3,3.4,Bajra,1.58,784
40.8,27.9,77.9,600.4,113.7,37.0,62.3,4.58,Cotton,2.84,383
79.4,26.7,74.0,466.8,230.9,48.1,91.6,3.08,Rice,4.57,477
62.4,22.8,69.6,699.2,153.4,66.7,28.4,4.47,Maize,4.89,536
60.1,16.3,60.1,857.0,104.6,41.1,47.8,4.96,Wheat,3.63,750
50.7,21.3,61.8,415.6,128.5,45.1,45.2,2.39,Wheat,4.6,606
75.5,28.5,83.1,1397.7,196.8,59.3,89.2,3.83,Rice,7.28,594
63.4,25.3,83.7,1064.9,96.2,43.6,47.9,0.85,Maize,5.28,202
49.0,25.5,58.1,615.3,33.2,50.6,63.9,4.56,Groundnut,1.79,672
69.3,24.5,63.4,478.6,106.9,65.4,41.2,5.39,Wheat,4.02,843
81.7,24.4,82.4,905.9,194.7,61.2,60.6,0.5,Rice,4.66,570
41.7,23.3,46.7,643.9,65.2,24.0,37.7,3.52,Jowar,1.69,722
61.1,18.5,58.6,406.6,109.5,60.6,34.6,4.2,Wheat,4.35,470
71.6,28.9,83.9,1550.7,173.4,50.8,69.2,1.75,Rice,5.31,171
32.2,34.3,25.2,255.5,68.5,30.3,43.2,1.04,Bajra,1.86,810
74.7,26.9,77.7,1867.9,216.8,68.7,58.8,2.95,Rice,5.89,340
35.9,20.6,37.4,437.4,34.9,43.5,32.2,4.44,Chickpea,1.66,713
40.5,28.1,50.1,615.5,42.6,20.1,34.6,1.97,Jowar,2.02,417
75.0,27.9,75.3,2099.3,231.6,72.5,177.7,4.33,Sugarcane,11.08,165
62.4,24.7,61.5,1290.3,186.6,37.2,60.9,3.84,Maize,4.99,558
25.8,28.7,51.3,464.6,80.2,26.5,64.7,0.5,Cotton,2.59,789
69.3,30.8,72.7,1908.5,227.0,85.8,78.9,4.11,Rice,4.53,97
78.4,32.1,81.7,1579.2,157.6,66.1,96.0,5.03,Rice,5.6,238
43.1,21.7,61.0,127.4,138.5,47.2,39.3,2.44,Wheat,3.57,361
63.9,29.1,67.8,951.3,40.7,64.5,57.3,3.99,Soybean,2.33,381
62.8,26.4,61.3,213.5,106.7,48.9,65.7,3.53,Maize,3.96,1023
54.0,18.0,41.2,572.7,111.2,51.5,58.9,4.72,Wheat,5.29,725
61.7,16.5,55.1,442.0,92.9,32.5,44.9,1.68,Wheat,4.61,577
89.6,23.1,81.3,1692.7,122.8,60.7,84.2,2.07,Rice,4.57,193
42.3,28.5,54.9,808.9,31.8,56.3,78.3,2.75,Groundnut,2.1,397
82.3,28.7,88.7,1751.8,185.3,45.4,77.6,6.51,Rice,5.58,0
68.2,24.0,87.0,1299.6,195.1,52.2,92.3,1.71,Rice,4.47,284
70.7,24.0,59.3,1041.4,53.1,47.4,62.1,0.99,Soybean,1.9,481
69.0,27.9,68.9,1997.0,140.5,115.1,129.6,6.61,Sugarcane,12.0,569
61.2,30.8,58.6,799.7,30.3,56.8,69.2,3.37,Groundnut,2.03,302
41.5,17.7,51.9,320.0,147.3,36.7,39.5,5.11,Wheat,3.41,739
82.6,25.3,75.9,1987.0,192.8,59.4,92.4,4.04,Rice,5.28,502
67.8,25.6,89.1,1515.8,190.3,55.7,89.7,2.24,Rice,6.48,0
59.5,27.9,65.8,690.1,51.6,45.8,51.1,5.04,Soybean,2.18,623
70.9,27.4,85.8,1597.4,191.5,38.3,96.4,2.01,Rice,5.91,13
45.6,20.7,69.5,160.5,141.3,57.4,49.4,2.58,Wheat,4.19,640
57.0,20.3,70.5,751.3,141.3,56.3,47.6,4.06,Wheat,4.43,708
47.5,27.2,58.0,458.0,38.4,42.8,47.8,1.75,Groundnut,2.18,608
46.6,29.7,61.7,699.5,39.7,37.3,46.1,3.36,Jowar,2.15,595
67.6,22.4,68.8,1429.9,205.1,61.5,74.6,4.66,Rice,5.21,293
55.3,23.4,59.7,550.8,31.2,59.6,31.6,2.94,Chickpea,1.36,630
70.7,19.4,59.1,805.5,108.7,45.6,56.6,1.03,Wheat,3.71,736
89.9,28.0,83.8,1708.2,158.8,54.1,55.1,1.33,Rice,5.17,240
65.6,28.6,74.3,1446.9,218.5,56.1,89.9,4.75,Rice,6.21,338
80.4,30.2,70.5,1183.8,163.8,54.3,84.6,3.42,Rice,5.34,482
36.7,18.3,63.6,213.0,28.5,36.0,50.1,1.76,Chickpea,1.6,727
58.5,28.2,68.3,882.0,49.6,68.6,51.7,1.66,Soybean,2.28,216
48.3,23.9,36.8,125.1,31.3,34.1,33.1,3.67,Chickpea,1.4,796
62.6,31.2,58.2,1073.2,100.5,41.6,67.6,5.7,Cotton,2.51,421
91.0,26.7,85.3,1997.4,171.5,72.1,79.4,5.62,Rice,4.78,312
39.6,30.0,57.6,15.5,111.3,44.7,66.9,2.04,Cotton,2.63,829
32.5,29.9,41.3,80.0,62.0,38.8,38.1,3.23,Jowar,1.85,814
42.0,27.4,55.5,692.3,74.1,35.5,30.5,3.82,Jowar,1.95,803
46.0,34.7,50.0,848.9,148.0,47.3,67.5,1.4,Cotton,3.03,464
75.8,27.7,83.9,1911.3,186.6,53.6,102.6,2.61,Rice,6.45,184
53.1,24.9,63.2,763.3,22.7,63.5,84.8,3.77,Groundnut,1.88,373
69.2,25.8,82.5,1636.8,41.5,60.2,39.1,6.92,Soybean,1.75,294
55.0,18.9,53.0,589.8,106.3,38.4,40.4,3.19,Wheat,4.69,645
44.5,27.2,51.2,673.7,26.3,38.3,59.3,4.79,Groundnut,2.28,602
62.5,21.8,83.6,986.7,101.8,48.9,57.2,1.97,Maize,4.34,156
84.1,32.5,81.1,1408.5,128.3,65.2,114.2,4.76,Rice,4.9,305
37.0,28.3,47.7,289.4,61.7,33.4,34.8,1.98,Jowar,1.98,633
59.1,15.7,53.1,901.4,112.8,47.4,36.3,6.31,Wheat,3.81,687
37.0,32.2,38.0,127.1,64.0,32.5,32.7,2.01,Bajra,1.7,736
43.4,19.3,41.4,323.0,116.3,56.2,25.3,3.95,Wheat,4.52,924
55.5,22.6,67.6,607.4,132.2,36.1,53.6,2.81,Wheat,4.43,552
55.8,28.6,58.9,1107.4,39.7,50.6,82.0,2.75,Groundnut,1.62,225
47.7,12.9,42.0,712.7,26.3,51.6,36.1,3.75,Chickpea,1.23,667
61.7,15.3,63.2,767.0,117.9,44.7,50.6,4.56,Wheat,3.99,303
48.6,15.4,70.1,246.9,30.0,35.0,37.4,1.54,Chickpea,1.34,695
68.0,26.8,65.6,838.7,46.5,51.0,30.8,4.57,Soybean,2.21,729
75.0,25.3,86.6,1742.6,241.6,77.3,171.2,3.38,Sugarcane,9.75,245
73.9,29.7,78.9,1667.3,182.6,50.2,75.3,5.09,Rice,6.81,375
40.5,29.8,57.6,366.3,53.2,30.2,27.5,5.57,Bajra,2.14,394
77.1,24.8,74.8,1240.5,221.3,120.0,171.3,1.3,Sugarcane,7.6,25
42.7,21.4,59.4,584.9,152.5,40.0,27.8,2.31,Wheat,4.62,494
63.6,17.3,48.3,495.0,106.2,50.3,53.3,4.25,Wheat,4.65,635
36.8,31.0,49.1,359.6,38.9,31.6,47.2,4.57,Bajra,1.96,445
53.0,18.9,74.3,257.8,168.2,48.8,46.7,2.37,Wheat,5.1,522
56.1,13.7,58.1,643.1,71.4,48.7,37.7,1.09,Wheat,3.39,634
52.8,32.9,62.0,758.0,99.8,39.2,74.2,2.84,Cotton,2.99,642
83.1,28.8,82.7,1526.7,198.8,47.7,96.0,4.36,Rice,6.56,540
58.5,27.8,68.2,618.3,48.6,55.5,51.9,3.09,Soybean,1.93,638
63.4,25.1,65.4,560.1,155.4,48.3,61.8,3.12,Maize,4.95,481
69.4,26.3,70.0,1000.3,190.8,38.8,82.9,2.33,Rice,4.98,464
77.2,26.7,87.1,1796.0,250.0,94.9,203.1,4.74,Sugarcane,11.85,337
92.0,21.7,82.0,1814.5,207.8,60.7,95.0,4.23,Rice,4.0,104
35.5,27.1,41.2,232.8,66.0,38.6,38.5,4.83,Bajra,1.92,961
46.0,24.6,71.5,1165.8,41.4,57.4,50.6,2.61,Soybean,2.36,558
57.9,17.8,69.3,236.8,144.6,43.2,40.3,4.21,Wheat,4.71,514
49.2,21.4,50.2,348.1,20.0,47.1,33.7,2.12,Chickpea,1.92,578
59.8,23.0,49.2,256.8,99.9,43.4,41.7,4.74,Wheat,4.45,1023
71.5,26.4,69.3,993.7,39.8,46.1,69.3,3.12,Soybean,1.97,587
72.0,21.2,68.1,765.3,150.9,28.9,43.4,3.86,Maize,4.06,641
56.2,18.5,52.3,472.5,28.5,39.3,23.1,3.51,Chickpea,1.52,935
49.0,30.0,67.5,864.8,131.5,40.1,59.3,1.49,Maize,4.22,639
87.4,31.0,87.1,1390.2,227.3,57.1,227.1,1.29,Sugarcane,7.76,314
53.8,17.5,56.7,261.6,110.5,37.2,49.8,3.83,Wheat,3.94,754
43.7,19.4,62.3,10.0,151.4,64.5,34.4,5.42,Wheat,3.78,487
49.3,22.6,62.2,242.5,146.9,50.4,46.5,1.95,Wheat,4.25,717
66.2,28.8,66.0,704.6,174.0,67.9,52.1,6.56,Maize,5.13,272
26.1,30.3,57.8,609.2,67.4,35.2,31.4,2.07,Bajra,2.05,659
35.5,28.1,45.3,553.5,61.5,32.1,35.6,0.9,Bajra,1.92,778
44.6,17.7,49.0,459.8,23.1,42.4,25.9,3.27,Chickpea,1.55,427
68.4,27.1,70.6,1898.9,243.9,57.4,164.7,5.61,Sugarcane,11.28,640
63.3,17.9,67.8,502.0,152.0,57.3,47.7,1.89,Wheat,4.59,346
27.6,28.2,50.1,179.7,61.8,34.8,35.9,4.1,Bajra,1.59,865
56.7,21.7,64.5,653.5,178.3,32.9,45.1,2.21,Wheat,4.46,451
41.9,30.6,53.7,992.3,90.7,37.3,75.9,3.66,Cotton,2.96,625
52.7,22.7,62.3,677.4,97.4,32.4,45.8,3.86,Wheat,4.57,445
39.8,27.2,59.1,415.8,72.7,38.1,41.1,3.68,Jowar,2.37,1002
64.7,21.3,85.8,720.3,34.1,83.2,77.2,1.31,Soybean,2.03,528
35.0,31.0,40.6,591.7,76.9,31.8,43.8,2.24,Jowar,1.93,1005
74.1,27.5,70.4,1479.8,152.7,76.4,100.6,4.82,Rice,6.35,511
63.2,24.6,72.1,928.6,146.0,46.4,61.9,4.83,Maize,5.54,552
42.4,33.7,61.0,742.0,110.1,40.6,41.7,1.53,Cotton,2.65,576
54.8,21.1,54.8,195.6,145.4,41.4,53.0,3.46,Wheat,4.13,628
53.5,17.5,43.7,487.1,29.4,34.3,34.6,5.38,Chickpea,1.43,806
42.7,26.3,49.3,222.9,74.7,32.8,38.4,6.5,Jowar,1.97,727
81.0,27.3,69.5,1226.3,232.0,63.1,91.0,2.8,Rice,4.67,401
49.4,21.0,58.6,241.2,196.2,30.3,49.6,1.86,Wheat,4.14,415
39.1,19.4,49.1,147.2,33.3,47.8,34.9,4.66,Chickpea,1.8,662
76.2,31.2,72.4,1043.5,47.9,69.1,60.6,2.47,Soybean,1.79,522
48.4,29.9,66.6,686.2,51.9,57.0,49.0,4.74,Soybean,1.79,441
63.6,27.2,79.8,1417.5,120.0,49.9,109.8,3.95,Rice,6.2,384
59.9,16.0,56.1,600.1,103.1,61.3,53.9,2.89,Wheat,4.53,586
48.7,32.9,42.0,613.1,58.6,45.2,49.4,0.96,Jowar,2.06,544
57.6,28.5,66.0,813.0,47.8,62.9,57.7,3.27,Soybean,2.09,361
64.1,31.0,65.5,545.1,134.4,51.4,55.5,5.09,Maize,4.76,425
47.0,19.5,59.2,520.6,147.9,40.6,27.0,5.1,Wheat,4.92,549
60.9,23.5,61.9,823.5,121.6,62.0,27.4,3.5,Wheat,3.54,494
78.7,28.6,93.0,1677.9,166.5,53.7,88.0,4.32,Rice,5.38,401
42.8,24.4,71.1,1321.7,108.3,48.2,81.4,1.4,Cotton,2.1,230
75.1,23.0,77.6,1827.7,250.0,75.5,201.6,2.98,Sugarcane,10.7,0
34.0,13.1,56.1,194.7,22.3,39.6,46.9,2.82,Chickpea,1.12,767
70.6,21.7,73.4,432.7,134.7,60.6,46.7,3.3,Wheat,4.08,423
34.0,27.6,56.8,545.3,117.7,39.8,85.4,2.78,Cotton,2.41,592
68.9,28.1,71.6,599.5,128.6,49.5,39.6,3.72,Maize,4.78,894
35.0,36.1,37.7,280.0,77.0,26.4,31.6,0.5,Bajra,1.73,1003
57.2,28.0,68.5,1029.4,30.5,61.7,37.7,4.12,Groundnut,1.82,552
33.4,31.5,59.4,274.4,50.6,29.9,56.5,3.01,Jowar,1.97,775
61.8,28.1,66.8,1093.7,214.6,69.9,67.6,4.68,Rice,4.88,483
70.7,26.7,72.5,1040.7,41.4,69.3,74.6,6.27,Soybean,2.45,579
82.2,26.4,53.7,1142.0,159.1,43.2,59.6,2.53,Maize,4.53,463
49.5,26.6,66.8,1011.4,39.2,59.8,69.9,3.21,Groundnut,1.68,361
48.2,30.6,57.8,189.0,64.9,28.4,20.0,2.05,Jowar,1.51,573
48.1,26.7,61.2,498.7,96.4,47.8,68.2,2.29,Cotton,2.65,834
33.7,28.9,47.8,350.7,74.4,27.0,26.1,3.66,Bajra,1.94,946
58.3,29.4,67.0,650.7,35.0,60.4,43.1,3.45,Soybean,2.44,423
67.7,26.7,59.9,853.6,32.1,55.2,49.1,0.5,Groundnut,2.08,733
51.2,24.5,51.0,430.9,141.5,50.8,46.0,4.07,Wheat,4.41,642
53.9,27.4,62.0,635.9,52.3,76.4,75.4,2.86,Soybean,2.23,731
36.5,32.3,56.7,404.6,66.6,31.0,39.1,1.78,Bajra,2.42,579
59.4,21.6,47.3,600.1,33.0,63.8,79.8,4.78,Groundnut,1.85,827
44.9,28.2,69.0,942.3,48.4,66.2,40.7,2.96,Soybean,2.05,449
50.2,21.8,59.2,730.3,126.8,44.5,36.5,3.16,Wheat,4.56,524
35.6,30.3,58.5,975.6,35.5,46.1,58.9,3.05,Groundnut,2.0,541
41.9,27.9,56.1,617.7,124.6,34.4,73.9,2.67,Cotton,2.46,633
70.4,20.1,79.2,790.0,187.4,66.8,67.8,4.43,Rice,3.44,315
72.8,22.2,89.7,1713.0,160.3,60.3,114.5,3.52,Rice,5.57,22
79.5,28.7,79.3,1594.1,166.9,45.8,111.1,6.05,Rice,5.7,584
46.8,28.6,53.5,472.7,29.7,45.7,79.5,3.71,Groundnut,1.93,583
76.0,32.9,86.4,1661.0,158.9,61.5,91.5,3.59,Rice,5.94,0
45.9,23.0,60.2,692.6,38.9,70.5,64.2,4.45,Groundnut,2.35,207
50.0,17.6,61.0,585.6,167.4,70.7,35.5,1.13,Wheat,4.77,129
30.6,31.1,35.2,918.7,118.1,34.2,55.7,2.74,Cotton,2.81,625
42.6,21.8,56.9,223.5,119.3,61.8,36.7,3.36,Wheat,3.7,867
73.8,29.3,75.2,1909.4,145.5,65.1,57.6,3.0,Rice,3.92,48
59.7,20.9,56.9,257.1,139.7,38.1,53.2,5.37,Wheat,4.49,595
55.9,30.2,61.7,736.3,40.4,37.8,48.4,3.61,Groundnut,1.99,258
31.4,34.7,51.7,525.9,59.8,42.8,46.0,1.37,Jowar,1.64,828
40.5,27.1,43.5,487.5,76.4,34.2,69.3,3.86,Cotton,2.33,772
31.2,31.6,48.1,520.1,90.7,35.7,50.8,3.93,Jowar,1.99,731
81.3,30.3,75.7,1640.8,135.2,54.3,113.7,1.8,Rice,5.77,549
90.4,30.8,88.2,1562.5,153.1,58.7,91.6,1.88,Rice,5.07,525
56.5,29.2,66.4,851.0,45.8,47.7,49.0,4.67,Soybean,2.34,664
59.1,25.5,71.3,928.0,148.8,37.1,38.8,4.51,Wheat,3.12,360
24.0,34.8,56.7,449.0,73.0,17.6,36.0,2.38,Bajra,1.68,414
31.6,28.8,40.7,475.0,74.2,30.8,50.7,6.51,Jowar,2.18,568
57.5,19.5,54.3,387.4,127.2,57.4,38.5,4.34,Wheat,4.27,371
79.4,26.5,73.5,2001.5,203.7,36.4,73.1,4.01,Rice,5.53,598
60.6,24.7,62.7,661.2,153.0,39.3,48.1,3.48,Maize,5.03,523
76.1,30.3,75.4,2267.5,219.4,80.5,208.0,2.49,Sugarcane,9.7,291
64.4,23.1,61.9,799.0,148.4,56.9,45.9,3.47,Wheat,3.58,573
39.7,27.7,55.6,483.2,32.9,56.6,82.8,3.36,Groundnut,1.84,951
63.6,27.9,61.2,727.0,45.8,68.3,80.5,4.81,Soybean,2.55,467
55.7,28.5,68.4,917.7,129.4,32.4,83.2,4.38,Cotton,2.67,664
86.4,30.4,95.3,1748.7,182.8,63.0,69.0,2.88,Rice,5.54,257
76.5,25.0,81.6,1478.4,149.5,47.0,88.5,3.02,Rice,4.79,289
75.7,32.1,77.8,1506.9,209.7,60.4,72.8,4.19,Rice,4.51,29
59.2,21.7,45.9,187.6,176.2,47.4,45.0,4.75,Wheat,3.86,878
47.9,27.7,54.0,808.0,78.4,34.2,52.0,3.93,Cotton,2.25,483
59.5,18.2,63.8,535.5,106.6,64.6,42.2,2.22,Wheat,4.19,487
63.6,25.0,70.0,1181.7,143.0,53.1,44.1,6.55,Maize,5.15,466
45.3,28.3,70.3,615.0,28.6,36.1,62.7,0.84,Groundnut,2.65,515
45.9,20.2,52.8,386.0,20.0,48.7,30.4,5.0,Chickpea,2.21,841
76.3,27.7,89.2,1560.8,170.7,40.4,84.2,1.54,Rice,6.28,151
62.3,28.8,56.7,673.3,143.1,57.7,49.2,2.4,Wheat,4.15,624
73.8,23.9,72.5,1633.2,188.8,39.2,94.0,4.3,Rice,5.1,402
49.8,31.0,67.3,430.2,158.4,48.0,50.3,2.96,Cotton,2.6,551
64.7,30.5,72.9,629.3,44.0,60.8,73.2,3.85,Soybean,1.7,586
57.5,22.1,67.5,277.5,131.7,42.7,48.2,5.86,Wheat,4.04,524
46.1,31.5,51.1,760.5,29.1,49.3,67.8,0.5,Groundnut,1.71,822
58.6,24.4,43.7,402.7,124.1,55.9,50.5,4.25,Wheat,5.25,610
49.0,22.0,57.0,602.9,67.2,33.4,39.7,2.84,Jowar,1.4,375
55.7,21.5,46.8,927.3,71.6,28.5,28.3,4.33,Jowar,0.92,635
59.9,17.5,51.2,918.2,158.0,50.1,58.2,5.04,Wheat,4.31,798
62.0,28.2,67.7,1062.3,118.5,28.3,66.5,3.17,Maize,5.41,381
62.4,29.9,79.3,1981.2,132.8,59.2,113.1,1.18,Rice,5.39,176
45.7,32.9,46.6,837.2,127.2,54.4,71.8,5.35,Cotton,3.03,599
46.2,14.6,49.0,359.8,29.1,40.4,43.4,3.29,Chickpea,1.74,718
62.0,27.3,73.8,1160.5,152.8,47.5,62.5,6.79,Maize,5.43,377
46.6,25.1,46.7,376.4,163.3,47.8,52.1,4.92,Wheat,3.73,756
62.3,15.9,54.9,643.7,120.2,50.4,43.1,2.01,Wheat,4.23,341
49.7,27.2,49.7,673.3,79.5,33.7,53.7,3.74,Cotton,2.79,890
68.8,21.6,67.6,1178.2,106.2,49.9,50.3,3.48,Maize,4.59,542
66.6,33.2,66.3,1109.1,45.1,73.1,44.2,3.9,Soybean,1.81,331
61.4,24.5,66.5,585.9,140.7,40.0,45.8,2.12,Wheat,4.68,752
39.9,26.2,56.9,1305.2,103.3,38.7,60.3,5.65,Cotton,1.88,589
82.6,26.0,81.0,2247.9,136.1,59.9,101.3,3.97,Rice,4.56,476
65.0,18.4,58.6,427.5,137.3,35.2,61.9,5.43,Wheat,3.88,427
50.5,29.6,61.1,426.6,74.5,33.7,38.3,4.51,Jowar,2.05,860
50.5,17.9,69.3,492.1,212.1,43.5,41.2,1.77,Wheat,4.83,531
48.7,33.8,60.8,736.7,40.0,42.1,40.2,2.23,Groundnut,1.81,230
57.6,27.4,74.6,937.3,127.2,35.5,53.8,4.74,Maize,4.61,546
74.7,27.8,88.8,1209.0,155.0,58.1,62.2,2.24,Rice,5.21,247
33.6,30.2,36.9,396.3,52.1,28.4,29.6,4.84,Bajra,1.88,605
38.8,35.5,34.4,334.7,60.2,31.9,40.4,7.57,Bajra,1.7,753
53.9,20.0,52.0,632.7,95.3,49.0,36.9,3.42,Wheat,4.49,329
60.5,30.6,76.5,1010.2,48.3,46.8,45.5,5.28,Groundnut,1.61,496
56.6,26.9,81.9,1131.4,43.7,74.9,37.4,0.5,Groundnut,1.77,315
40.3,20.0,49.0,371.6,20.0,56.7,29.5,2.87,Chickpea,2.03,648
62.5,28.2,65.1,1086.0,45.3,58.7,64.7,5.32,Soybean,1.95,706
54.1,22.8,67.9,704.9,50.4,69.4,53.5,5.38,Soybean,2.02,513
37.9,18.2,39.0,367.2,28.0,43.0,36.1,4.07,Chickpea,1.99,651
79.3,28.5,72.9,1477.8,157.8,93.4,219.5,3.29,Sugarcane,11.09,222
38.2,32.5,48.1,386.4,54.4,26.0,30.5,1.88,Jowar,2.02,686
46.7,28.5,55.6,600.8,59.0,31.1,39.2,6.14,Bajra,1.67,786
92.0,25.0,81.7,1649.1,246.0,64.5,192.9,2.28,Sugarcane,10.22,202
40.6,25.3,48.7,485.9,33.1,41.1,38.6,1.78,Jowar,2.11,514
54.8,16.1,51.6,873.2,100.3,56.7,45.9,5.72,Wheat,3.82,760
50.8,29.9,73.9,763.2,155.0,28.6,60.1,3.84,Maize,5.34,463
42.2,27.2,60.2,546.4,80.9,34.6,78.7,2.76,Cotton,2.64,583
88.1,27.6,91.9,1800.2,176.3,62.1,65.9,7.09,Rice,5.28,554
21.6,27.4,57.4,635.2,60.2,23.7,41.4,3.17,Jowar,1.9,404
66.0,27.1,69.8,1094.5,39.8,65.9,66.4,3.89,Soybean,2.45,475
59.9,28.7,56.4,924.0,40.5,77.1,73.4,1.23,Soybean,2.13,286
59.0,20.2,39.9,777.8,114.8,40.2,61.0,6.08,Wheat,4.38,660
39.1,28.0,50.7,363.1,55.0,30.0,42.2,0.5,Bajra,1.87,774
63.6,24.6,64.4,862.1,48.4,42.0,52.0,3.84,Soybean,2.44,694
63.8,29.9,63.2,276.9,104.3,47.9,46.5,3.52,Maize,4.11,395
34.9,24.1,53.5,670.7,145.0,39.2,76.2,0.5,Cotton,2.57,756
82.2,25.9,74.1,1598.5,248.9,113.7,195.0,0.65,Sugarcane,9.82,476
73.9,30.9,76.1,1691.9,149.9,51.8,129.9,2.28,Rice,5.35,307
74.7,27.7,92.1,1300.8,187.2,52.2,25.5,2.26,Rice,5.42,658
57.5,17.0,44.0,480.6,159.3,74.5,52.6,2.92,Wheat,4.47,713
27.6,28.5,26.1,236.1,70.8,31.8,46.3,5.55,Bajra,1.64,698
39.1,25.8,54.9,242.3,68.1,37.7,44.2,3.29,Jowar,2.13,732
53.0,23.8,51.9,850.9,36.9,37.9,62.8,3.48,Groundnut,1.95,315
40.1,30.6,44.7,387.9,64.8,25.9,37.3,5.2,Bajra,1.87,967
41.6,21.0,51.6,216.2,26.3,29.6,20.0,2.41,Chickpea,1.57,848
71.1,24.4,58.2,971.2,142.4,37.2,55.2,3.24,Maize,4.87,485
26.1,34.4,33.2,368.5,73.6,34.4,53.6,2.33,Bajra,2.06,889
55.1,25.8,68.3,1083.3,74.8,28.5,64.3,1.56,Cotton,2.25,542
46.2,22.9,58.9,282.3,25.5,49.5,29.7,0.66,Chickpea,1.49,938
58.5,24.9,70.9,839.9,172.6,60.5,34.0,3.45,Wheat,3.77,368
28.8,28.4,44.1,376.1,43.9,37.7,23.0,6.25,Bajra,2.09,517
81.1,22.8,91.5,2019.3,147.0,43.3,77.7,5.65,Rice,3.93,0
46.1,23.9,71.0,545.1,47.3,61.5,57.5,2.82,Groundnut,1.75,456
76.8,30.4,82.1,1811.3,119.5,62.2,90.3,0.5,Rice,6.09,25
61.9,22.6,67.0,721.1,137.3,40.1,37.2,7.12,Wheat,4.37,484
76.3,27.9,94.1,1447.4,177.7,45.5,55.0,3.3,Rice,6.09,306
58.0,28.0,67.4,1177.6,85.3,40.8,60.2,1.69,Maize,5.25,380
43.4,30.9,67.5,447.9,109.8,40.7,88.7,0.5,Cotton,2.66,392
64.9,32.7,76.7,1491.7,51.2,46.3,58.2,4.21,Soybean,1.4,535
58.8,26.8,65.0,1532.0,42.8,53.1,76.1,4.37,Soybean,1.89,393
52.3,17.9,48.0,794.3,72.1,63.4,28.4,3.7,Wheat,3.95,686
57.3,24.0,52.0,651.8,145.9,66.0,35.2,4.62,Wheat,4.42,788
53.2,25.9,44.0,798.5,105.4,44.1,36.7,5.08,Cotton,2.55,469
51.3,26.9,72.8,401.3,36.2,51.8,62.7,2.06,Groundnut,2.17,360
65.7,29.5,57.1,523.6,49.6,49.0,50.8,3.21,Soybean,2.11,1012
59.5,29.1,72.1,931.9,40.6,26.2,38.3,2.33,Soybean,1.95,420
47.8,30.2,62.7,1267.5,142.4,31.5,76.0,2.07,Cotton,2.22,310
80.3,28.9,69.4,1529.5,148.0,50.7,111.9,0.8,Rice,5.31,352
68.9,27.8,64.7,782.9,148.4,42.8,63.5,5.1,Maize,6.32,431
33.8,19.2,58.2,397.0,23.7,43.9,38.0,3.36,Chickpea,1.74,425
81.3,22.2,84.6,2500.0,250.0,93.1,218.1,4.25,Sugarcane,7.63,135
43.0,27.6,67.6,521.2,66.0,26.2,38.2,2.65,Bajra,1.73,529
54.8,24.1,49.4,564.1,121.2,54.6,61.2,4.04,Wheat,4.24,663
55.2,25.5,49.2,578.2,141.1,53.8,69.0,5.08,Maize,5.61,751
56.5,24.1,59.2,568.7,100.7,43.0,53.5,4.01,Wheat,3.89,315
60.7,28.7,60.7,1037.1,180.0,44.5,62.3,6.84,Maize,5.27,282
60.7,22.9,51.9,357.1,172.7,54.4,58.9,4.24,Wheat,3.97,798
39.2,21.9,58.7,404.4,22.4,54.8,41.5,4.88,Chickpea,1.56,545
64.3,25.3,66.2,728.8,74.3,49.5,54.0,5.83,Maize,5.38,711
48.7,27.3,76.9,812.8,36.0,61.5,43.2,5.33,Groundnut,2.14,472
88.3,25.3,79.1,2035.1,124.0,58.1,88.9,1.23,Rice,4.84,47
47.8,27.4,65.4,1009.0,35.3,66.7,62.3,3.71,Soybean,2.13,573
60.5,27.1,61.9,693.1,120.3,35.0,80.9,4.14,Cotton,2.6,394
37.2,29.2,45.0,20.6,47.8,31.2,28.3,2.46,Bajra,1.37,796
66.4,27.9,79.6,1348.4,36.2,55.7,65.1,2.23,Soybean,1.57,537
31.7,30.8,42.4,504.8,66.7,38.5,37.5,5.14,Bajra,2.06,1023
27.3,17.5,52.7,378.9,20.0,43.3,45.1,0.5,Chickpea,1.68,652
66.6,20.2,60.5,705.7,128.6,50.4,42.0,5.96,Maize,4.86,676
65.6,26.0,73.0,1146.8,37.6,61.0,65.6,0.5,Soybean,2.26,460
63.9,22.4,70.6,1025.5,37.6,62.6,67.7,4.69,Soybean,1.96,572
53.9,28.9,50.0,504.1,66.0,35.1,58.4,0.89,Jowar,1.97,261
88.3,27.9,83.9,1820.7,190.8,120.0,218.0,1.5,Sugarcane,11.9,202
50.3,31.4,54.3,817.1,31.2,56.7,38.6,2.11,Groundnut,1.68,645
47.1,22.4,51.4,592.4,25.4,42.0,38.5,3.99,Chickpea,1.55,723
48.3,29.9,73.1,893.9,28.3,41.0,55.7,2.68,Groundnut,1.69,322
39.3,28.9,53.1,343.2,54.7,32.1,38.4,7.31,Jowar,2.05,796
51.4,13.3,58.8,599.2,20.0,49.7,30.5,5.14,Chickpea,1.54,767
84.6,28.8,76.8,1012.0,188.4,54.1,99.2,4.14,Rice,5.5,411
73.5,17.8,67.5,661.0,153.9,43.3,38.1,0.69,Wheat,3.17,480
56.8,26.2,50.5,270.0,119.7,53.4,38.2,2.3,Wheat,3.65,635
30.5,27.4,26.5,392.0,72.2,32.9,32.3,3.15,Bajra,1.57,846
20.7,27.4,46.6,342.0,58.0,30.1,25.1,1.18,Bajra,1.74,898
45.8,27.2,44.7,803.3,84.4,30.6,65.5,1.79,Cotton,2.69,910
89.1,32.1,72.2,1261.9,250.0,70.7,186.2,2.13,Sugarcane,8.78,329
51.9,28.4,61.1,1179.3,28.3,61.4,63.4,2.53,Groundnut,1.83,352
42.4,31.1,42.6,562.5,66.6,36.1,42.9,3.35,Jowar,1.83,587
78.8,27.9,70.2,2500.0,175.8,37.7,75.3,4.58,Rice,5.06,437
60.0,26.0,61.6,446.9,141.7,43.3,48.1,0.92,Wheat,4.78,624
73.8,16.6,51.9,919.7,151.4,43.6,55.6,1.49,Wheat,3.35,652
48.4,29.9,64.2,829.0,86.4,43.1,69.2,2.13,Cotton,2.78,597
49.2,19.4,83.3,580.0,146.8,51.3,42.9,3.93,Wheat,5.02,464
68.9,24.2,87.0,2278.7,151.2,36.2,105.5,2.22,Rice,4.1,187
55.7,16.0,74.3,268.6,108.3,50.7,45.7,4.32,Wheat,3.7,347
57.4,27.7,76.7,804.9,144.5,47.5,63.0,3.97,Maize,5.12,328
74.8,26.5,74.8,702.4,161.9,47.3,111.2,3.21,Rice,5.46,473
58.4,31.6,69.7,1131.0,124.3,57.6,50.4,2.28,Maize,3.93,502
34.4,30.3,53.0,382.8,88.6,36.7,52.1,0.5,Jowar,2.46,602
70.0,29.6,83.1,1596.3,172.1,58.5,58.1,0.5,Rice,5.68,225
92.0,24.7,92.2,1930.1,155.0,45.7,86.5,4.74,Rice,4.38,427
61.0,16.9,61.2,589.5,144.9,29.4,45.7,4.88,Wheat,4.54,500
58.5,32.7,51.9,817.2,123.4,38.6,55.9,4.41,Maize,4.96,652
54.2,24.9,57.0,1155.6,108.8,38.3,58.2,2.92,Cotton,2.15,484
36.4,22.5,51.2,445.8,49.8,37.3,30.0,4.51,Bajra,1.46,530
63.4,13.9,81.7,716.9,131.9,37.4,38.6,2.77,Wheat,3.36,158
62.4,20.6,70.0,671.5,53.7,67.1,50.2,2.53,Soybean,2.14,409
83.6,29.6,86.8,2010.2,149.6,63.2,84.5,3.81,Rice,5.11,100
65.3,32.7,84.5,1648.3,201.8,61.1,86.6,0.55,Rice,5.14,412
56.0,22.4,60.6,745.4,124.7,50.2,67.3,3.57,Maize,4.89,376
50.9,19.4,58.8,518.8,122.8,48.9,47.4,5.34,Wheat,4.72,536
42.6,26.8,56.3,402.7,27.1,49.2,76.6,3.7,Groundnut,1.95,738
26.4,25.7,45.5,343.1,53.1,35.2,46.1,5.28,Bajra,1.83,700
35.2,35.7,19.3,581.0,65.2,37.0,31.5,0.74,Bajra,1.64,923
49.9,24.2,50.6,213.2,23.3,60.4,64.5,1.36,Groundnut,1.63,830
58.4,19.8,58.5,755.3,153.0,41.1,41.9,4.14,Wheat,4.07,311
51.5,22.8,62.2,370.2,94.5,56.0,51.0,3.35,Wheat,4.31,528
44.3,19.2,75.8,559.5,154.6,55.2,48.1,5.22,Wheat,4.92,311
45.3,30.0,65.4,422.8,52.7,58.5,59.9,4.49,Soybean,1.74,776
52.8,23.0,62.2,595.3,41.8,56.0,51.7,5.12,Groundnut,1.92,547
61.0,26.2,81.7,1567.2,148.0,44.4,91.0,1.8,Rice,6.31,382
83.9,29.1,83.7,1757.3,203.7,59.7,181.1,0.99,Sugarcane,11.57,541
53.1,33.3,57.0,784.2,135.4,49.9,78.8,3.45,Cotton,2.43,526
77.1,19.1,50.7,771.9,173.3,50.6,38.0,3.15,Wheat,3.84,643
51.4,21.5,55.2,619.2,129.6,45.0,67.1,2.69,Wheat,4.56,681
48.2,26.2,55.2,240.3,49.1,34.0,52.0,0.5,Jowar,1.86,619
73.3,28.4,92.1,2039.0,155.8,45.4,67.9,2.3,Rice,5.77,400
86.4,28.0,72.5,1907.8,158.8,54.9,82.2,4.94,Rice,5.61,457
83.1,26.3,81.4,1421.9,205.2,93.3,114.3,1.8,Sugarcane,9.09,479
48.2,32.7,51.6,901.7,113.3,38.2,50.4,0.78,Cotton,2.65,616
74.3,27.6,77.8,1425.8,201.8,67.4,85.8,4.55,Rice,5.18,290
54.8,26.8,63.2,853.3,36.9,47.1,68.9,5.13,Groundnut,2.46,469
70.6,26.1,77.8,747.3,111.1,31.5,49.9,5.41,Maize,6.14,367
55.4,20.4,57.3,609.9,44.2,55.5,72.4,2.2,Groundnut,1.64,342
48.9,19.1,74.1,977.3,45.9,82.3,57.8,3.78,Soybean,1.83,482
59.9,16.4,57.1,473.4,124.1,61.6,47.1,5.43,Wheat,3.9,748
72.3,25.0,80.0,1110.8,150.7,68.0,100.1,0.94,Rice,4.29,363
44.6,31.6,67.3,531.1,44.0,27.2,41.8,4.4,Jowar,1.94,455
42.6,31.4,46.8,271.0,60.6,32.0,29.1,7.18,Jowar,1.88,722
83.4,26.1,83.8,1912.7,148.6,67.4,92.5,4.22,Rice,5.13,291
40.7,31.2,61.1,590.0,47.7,23.2,42.1,5.7,Bajra,1.77,626
60.9,25.3,74.6,997.1,124.7,50.1,54.8,9.29,Maize,5.74,702
70.0,32.9,78.9,948.3,142.8,67.0,80.6,2.78,Rice,4.3,257
61.2,21.6,71.1,1114.5,47.8,69.1,69.0,0.53,Soybean,2.06,488
61.8,17.6,55.8,463.1,146.0,38.4,60.1,1.16,Wheat,4.65,739
55.6,29.6,50.4,744.0,36.8,42.3,61.2,2.34,Groundnut,2.11,649
38.8,25.1,57.2,413.5,43.4,29.6,58.1,5.38,Groundnut,1.87,589
84.5,26.2,78.9,1875.2,189.8,44.6,103.2,0.5,Rice,4.88,127
51.7,15.4,55.2,465.0,31.1,56.2,22.9,5.09,Chickpea,1.69,541
83.3,25.3,78.0,1902.0,199.9,76.3,180.1,0.72,Sugarcane,9.99,403
52.3,16.6,52.4,789.7,133.0,45.6,41.1,2.9,Wheat,4.29,845
74.6,28.0,76.9,1539.2,147.9,80.4,131.5,2.72,Rice,6.7,234
39.1,31.2,54.2,503.4,47.7,42.9,27.5,3.55,Jowar,1.74,712
57.7,13.6,65.3,545.0,129.4,60.9,48.3,3.95,Wheat,4.06,629
39.6,18.9,50.1,485.7,32.1,34.5,28.1,3.19,Chickpea,2.0,828
32.2,32.7,49.6,287.6,64.8,29.8,31.8,3.93,Bajra,2.31,734
72.2,32.0,57.6,748.2,146.2,39.3,50.9,1.96,Maize,4.98,651
40.5,27.1,51.1,418.7,87.2,40.0,61.6,3.21,Cotton,2.48,811
36.1,34.4,38.2,309.9,89.3,37.0,48.5,4.24,Jowar,1.51,583
82.8,24.2,85.8,2142.4,122.0,38.8,91.7,3.95,Rice,4.35,231
61.8,12.7,54.0,714.7,167.4,45.8,26.6,2.96,Wheat,3.0,336
55.0,29.5,53.6,840.2,114.8,45.1,82.6,2.94,Cotton,2.99,291
79.3,27.7,84.6,1702.6,169.0,36.9,130.5,4.53,Rice,5.45,141
64.6,26.7,62.4,899.7,41.7,36.0,61.0,0.5,Soybean,2.0,283
62.7,28.6,50.7,1053.0,48.9,78.3,55.8,4.62,Soybean,2.41,676
75.9,25.7,78.1,1956.9,175.8,53.7,86.4,1.64,Rice,5.74,441
78.2,24.6,82.5,1726.5,186.5,69.7,98.3,3.76,Rice,6.22,233
65.3,21.1,50.7,373.9,150.5,45.9,42.6,7.45,Wheat,3.9,656
62.6,25.0,73.7,800.7,112.8,60.5,36.3,1.29,Wheat,3.73,412
65.5,17.7,58.2,874.5,178.5,43.3,41.0,3.17,Wheat,3.68,520
62.4,23.0,74.0,885.4,53.3,66.6,53.3,2.48,Soybean,1.97,457
87.0,28.6,73.8,2190.7,137.7,95.3,231.6,0.5,Sugarcane,8.67,343
83.7,28.7,81.7,1255.8,230.9,63.3,96.3,3.73,Rice,6.27,264
46.6,14.8,71.0,644.1,147.2,50.2,31.9,1.07,Wheat,4.05,366
61.3,23.0,66.2,494.9,141.5,57.6,44.3,0.5,Wheat,5.06,465
76.7,24.5,79.1,1649.4,223.0,85.1,210.7,1.22,Sugarcane,8.13,436
36.1,35.1,43.3,100.4,49.3,19.5,40.1,4.8,Jowar,1.56,690
61.4,22.1,72.1,923.1,109.6,24.1,40.7,2.27,Wheat,4.02,673
79.5,28.1,79.4,1758.2,249.0,64.6,170.1,5.53,Sugarcane,11.12,259
64.6,26.8,58.6,982.6,119.3,56.5,57.9,2.0,Maize,5.46,758
50.4,33.2,60.1,437.8,127.6,51.9,88.4,3.8,Cotton,2.26,414
46.2,18.9,48.5,49.1,29.8,61.7,43.4,4.03,Chickpea,1.46,620
77.1,31.8,93.4,1769.4,181.6,31.4,62.0,3.71,Rice,4.48,290
38.1,20.9,34.5,301.5,30.0,43.3,46.9,2.82,Chickpea,1.6,865
80.3,23.6,81.5,1097.2,145.6,53.1,113.7,1.13,Rice,4.34,331
59.4,20.9,49.5,749.5,140.5,42.9,37.4,2.59,Wheat,5.06,961
53.2,25.1,56.6,235.2,51.3,92.6,49.2,2.22,Soybean,1.66,663
74.7,25.3,78.9,1398.5,137.9,73.1,75.3,2.84,Rice,6.14,384
31.1,27.7,33.2,464.3,58.8,36.0,47.0,1.2,Jowar,2.12,692
65.2,11.1,71.6,728.5,158.7,36.8,31.6,4.51,Wheat,2.8,733
56.7,12.2,51.7,594.1,20.0,23.8,46.1,3.68,Chickpea,0.97,778
41.7,18.9,63.8,200.7,25.5,40.4,42.6,3.12,Chickpea,1.71,666
63.4,30.1,69.4,926.8,108.9,42.2,49.7,4.02,Maize,5.24,210
59.7,20.7,63.4,757.6,157.8,46.2,38.3,2.55,Maize,4.88,591
62.7,25.3,50.6,1092.6,135.5,31.3,51.7,6.18,Maize,5.4,519
68.9,29.3,73.6,959.4,32.3,49.9,75.0,3.08,Soybean,2.29,491
47.6,20.9,38.0,494.5,134.8,50.8,61.6,2.94,Wheat,4.67,891
51.7,29.2,71.7,673.4,172.2,48.7,57.7,4.33,Maize,4.9,363
60.7,32.1,82.1,1389.6,158.9,53.6,97.3,0.5,Rice,4.61,352
29.1,34.3,58.2,530.6,93.7,39.7,55.2,1.93,Cotton,2.5,740
49.3,17.0,61.5,23.9,119.6,50.8,55.2,3.3,Wheat,3.77,666
76.2,27.2,77.9,1947.2,209.7,82.8,196.8,3.13,Sugarcane,11.79,235
81.3,27.7,72.8,928.9,217.9,39.2,81.3,2.97,Rice,5.79,274
52.1,19.1,57.3,594.3,114.2,50.1,34.3,5.56,Wheat,3.93,498
58.2,25.0,68.2,687.5,147.0,41.1,40.5,6.09,Maize,5.74,308
63.7,31.0,65.2,1494.2,108.9,40.0,61.5,1.2,Maize,3.11,581
59.4,27.8,62.3,622.0,32.4,61.0,56.3,3.52,Soybean,2.53,576
86.2,26.4,77.2,1249.1,178.1,56.0,71.6,0.62,Rice,4.37,178
67.2,29.3,74.7,1325.4,175.4,50.6,44.1,0.76,Maize,4.61,376
54.0,28.5,43.2,334.9,75.0,34.8,39.0,7.52,Jowar,1.97,531
42.1,31.5,67.1,535.9,38.3,43.6,73.4,1.91,Groundnut,1.79,22
59.0,25.0,60.8,700.7,131.7,35.4,56.6,1.19,Maize,4.69,750
39.1,33.0,44.8,225.7,65.8,40.1,52.3,4.17,Bajra,1.99,916
76.7,26.5,83.7,1100.9,162.4,55.0,115.7,2.03,Rice,5.7,109
59.5,30.2,68.4,1019.3,45.9,68.7,36.0,2.55,Soybean,1.94,350
43.0,32.2,54.0,453.1,64.0,28.3,25.8,2.73,Bajra,1.83,676
74.2,26.8,75.3,1837.1,250.0,61.5,138.7,4.44,Sugarcane,9.35,255
70.6,17.3,81.7,714.9,142.7,42.6,55.1,3.46,Wheat,3.87,265
43.6,18.4,77.7,474.5,114.2,49.8,46.5,2.13,Wheat,5.06,378
59.9,27.4,70.6,844.6,124.7,51.7,36.2,3.85,Maize,6.11,429
34.7,33.0,37.0,592.3,61.7,25.7,37.4,4.19,Jowar,1.94,659
62.0,30.0,64.2,688.2,163.4,45.1,70.0,2.58,Maize,4.59,569
86.9,25.9,81.0,1027.3,128.3,45.9,78.0,3.07,Rice,4.55,330
51.8,21.0,66.8,427.7,109.1,69.3,38.6,4.55,Wheat,4.76,431
43.6,30.0,60.6,1129.9,92.6,32.1,74.8,4.09,Cotton,2.44,512
90.2,31.6,66.6,2005.2,242.4,92.6,129.5,0.56,Sugarcane,8.81,97
45.9,27.6,49.2,601.0,56.8,42.4,43.8,3.0,Jowar,1.93,886
38.9,37.0,50.9,737.0,65.7,26.1,41.4,3.26,Bajra,1.55,362
84.5,32.6,73.9,2088.8,180.9,90.5,206.1,1.86,Sugarcane,9.55,284
45.8,27.1,70.6,507.8,33.3,45.0,43.9,2.54,Groundnut,2.03,562
90.2,22.7,88.7,1803.8,156.7,65.1,101.5,3.37,Rice,4.29,301
72.1,30.5,62.6,1282.8,128.9,56.5,55.3,2.05,Maize,4.13,514
74.5,31.8,75.0,1660.8,144.3,102.9,175.8,1.22,Sugarcane,12.0,532
70.4,24.4,78.2,648.4,149.8,56.7,56.1,2.88,Maize,4.27,258
55.2,26.2,76.9,1097.5,50.2,67.4,69.0,2.24,Soybean,2.02,377
56.7,22.9,55.0,96.0,102.2,50.2,44.9,1.39,Wheat,3.76,701
81.2,24.4,87.9,1375.0,215.0,59.3,103.4,2.36,Rice,6.06,205
39.9,21.8,43.2,142.5,27.9,41.8,31.6,4.3,Chickpea,1.51,659
62.6,28.3,80.8,1461.0,113.2,37.6,54.3,2.74,Maize,4.79,518
57.6,26.7,65.6,1107.9,47.2,65.1,57.4,4.39,Soybean,2.71,361
49.5,23.7,55.1,370.8,141.7,54.3,35.6,4.31,Wheat,3.88,571
61.6,17.7,63.1,453.0,28.8,37.6,37.5,3.04,Chickpea,1.39,532
63.7,17.5,54.6,682.0,108.3,45.4,66.2,2.5,Maize,4.38,578
55.2,20.5,58.0,514.5,36.4,34.3,44.6,3.42,Groundnut,1.77,631
59.9,22.1,50.4,194.1,140.0,55.2,43.3,3.65,Wheat,3.63,667
56.5,27.5,79.3,423.9,145.0,28.6,46.8,5.76,Maize,4.7,510
42.6,27.5,50.8,855.3,66.5,32.8,33.6,2.38,Jowar,1.75,639
36.3,24.6,45.7,310.5,60.5,41.7,49.1,3.38,Bajra,2.03,792
62.4,27.7,59.9,603.9,171.3,35.0,42.5,3.16,Maize,5.23,792
50.0,21.5,68.9,743.9,192.6,48.3,50.5,6.31,Wheat,4.15,361
41.9,29.4,60.6,1019.2,121.7,32.1,49.6,2.36,Cotton,2.62,777
84.2,30.4,90.9,2106.6,188.5,54.9,72.5,5.38,Rice,5.07,129
27.0,30.3,39.0,565.5,62.4,29.8,58.8,0.87,Bajra,1.76,837
67.9,25.4,69.2,583.9,113.0,54.3,55.1,5.32,Maize,4.71,535
44.5,29.5,35.7,461.0,118.5,46.9,54.1,5.14,Cotton,2.25,719
36.6,31.9,54.1,244.1,72.6,36.4,48.9,1.66,Jowar,1.68,363
75.2,26.3,60.8,869.2,172.8,38.9,70.4,4.29,Maize,4.08,789
81.8,30.7,77.6,1013.2,159.4,60.7,101.2,5.16,Rice,4.85,274
77.2,31.1,87.2,2345.8,250.0,87.2,182.4,4.46,Sugarcane,9.87,76
70.1,26.2,62.4,1550.4,39.0,53.5,54.7,0.5,Soybean,1.76,604
78.8,24.0,70.4,1603.5,157.8,75.6,93.0,0.76,Rice,4.65,385
42.7,26.5,49.5,326.5,64.7,36.5,41.6,1.81,Jowar,1.57,984
35.9,27.2,48.4,262.2,87.3,20.3,39.2,4.24,Jowar,1.75,964
42.4,24.3,49.9,206.3,52.8,43.4,42.3,4.5,Jowar,1.56,810
37.1,30.8,48.7,349.8,63.5,38.2,49.1,5.15,Jowar,1.73,731
59.4,21.8,86.9,1218.8,143.2,45.0,33.7,5.22,Maize,4.49,421
49.8,25.4,50.1,585.2,48.2,36.8,37.3,5.51,Jowar,1.73,452
56.5,30.3,72.6,712.9,30.8,39.6,49.2,2.09,Groundnut,1.87,493
52.9,27.9,72.3,1562.7,34.1,51.7,67.9,3.29,Soybean,2.25,388
53.5,28.2,77.3,481.8,22.6,46.8,28.1,0.5,Chickpea,1.56,386
47.3,25.6,59.7,608.8,116.2,51.5,64.9,1.38,Cotton,2.52,620
39.1,27.6,47.8,529.4,62.4,31.1,48.4,1.03,Bajra,1.86,452
80.7,28.1,77.9,1372.5,217.2,63.5,76.3,3.02,Rice,6.25,486
75.4,29.7,78.9,1632.4,175.3,47.1,89.9,2.98,Rice,6.01,510
83.7,26.8,84.5,1795.3,163.9,51.6,90.0,3.5,Rice,5.59,60
60.1,26.2,61.1,492.0,75.6,42.1,48.2,6.43,Maize,5.5,606
39.5,19.9,48.7,81.6,20.1,43.2,35.0,3.82,Chickpea,1.37,960
75.7,23.0,82.7,2461.4,152.7,50.8,60.3,2.22,Rice,3.88,275
38.8,21.8,55.9,591.2,130.5,37.3,51.8,3.04,Cotton,1.81,452
81.1,28.7,82.6,2399.5,196.7,55.1,63.9,3.91,Rice,4.96,63
28.2,30.4,35.6,403.4,80.1,24.0,41.4,2.65,Bajra,2.26,902
72.7,25.6,76.1,1101.1,34.1,56.3,44.1,2.53,Soybean,2.06,674
44.6,22.4,75.1,898.1,141.8,60.6,51.9,2.66,Wheat,3.51,256
58.0,27.2,45.4,106.5,100.0,47.3,34.7,2.58,Wheat,2.48,746
63.8,19.8,52.7,58.1,129.7,55.8,39.8,5.63,Wheat,3.57,577
66.4,32.0,77.1,854.8,54.7,50.7,44.9,0.5,Soybean,2.13,370
66.3,22.7,81.3,1846.9,145.0,56.2,107.2,2.44,Rice,5.42,321
80.6,24.7,66.5,1805.2,186.5,49.3,84.9,0.5,Rice,5.71,371
54.2,30.7,61.0,1151.0,60.2,53.7,40.8,1.63,Soybean,2.18,395
40.0,27.6,71.8,776.9,40.4,60.3,60.1,0.84,Groundnut,2.17,788
45.6,22.1,42.8,301.8,25.1,48.8,38.4,1.32,Chickpea,1.93,712
38.0,30.0,43.1,124.6,68.3,25.3,28.5,5.07,Bajra,1.65,724
65.8,24.6,92.0,1843.1,126.6,45.0,75.2,4.86,Rice,5.31,385
71.0,25.5,64.8,1021.2,169.3,46.1,65.9,3.5,Maize,5.37,490
60.3,31.2,64.1,564.9,155.7,37.5,60.1,4.52,Cotton,2.46,520
48.3,30.2,68.8,1433.3,88.0,41.4,86.6,2.45,Cotton,2.21,551
36.1,31.5,59.1,783.6,99.3,26.8,67.2,1.12,Cotton,3.14,403
49.8,30.1,52.8,959.1,99.2,58.7,32.4,1.25,Cotton,3.33,704
56.9,25.8,68.0,738.7,20.0,73.8,52.2,1.76,Soybean,2.03,657
40.2,18.0,53.3,409.0,22.6,54.9,25.2,5.82,Chickpea,1.86,754
60.7,16.8,53.8,676.6,134.2,40.5,44.3,6.36,Wheat,3.82,589
61.3,20.7,67.8,612.0,166.8,72.2,44.0,2.0,Wheat,4.55,515
35.4,28.0,62.0,717.8,60.0,46.9,44.8,5.03,Jowar,2.15,284
57.8,20.6,73.8,374.5,143.7,60.7,51.6,3.64,Wheat,4.8,480
65.4,30.2,75.3,1504.4,173.3,50.6,74.9,0.65,Rice,5.5,394
75.6,25.6,81.7,1554.2,205.4,48.3,67.4,0.5,Rice,5.75,434
54.2,15.5,62.0,682.2,157.4,46.4,50.8,4.74,Wheat,3.59,574
64.0,23.1,64.2,675.4,48.5,61.2,55.5,2.94,Soybean,2.11,477
76.7,28.9,81.1,1278.2,163.4,27.3,112.1,2.83,Rice,6.04,206
52.5,21.4,48.7,947.2,47.8,51.7,59.3,2.69,Groundnut,1.53,614
40.0,34.5,62.1,217.4,110.1,39.0,64.3,1.06,Cotton,1.82,631
63.3,18.9,68.7,664.6,143.5,35.2,37.5,2.26,Wheat,4.52,688
63.5,20.4,78.8,527.2,118.3,53.9,46.6,3.16,Wheat,3.85,443
36.4,13.0,54.5,361.8,40.1,46.2,35.1,2.09,Chickpea,1.12,572
87.0,27.5,79.0,1119.2,120.3,53.6,75.0,2.44,Rice,5.28,351
56.8,25.0,83.7,811.6,37.8,44.5,51.2,0.5,Groundnut,1.79,296
73.0,28.8,76.8,1361.7,250.0,41.3,107.6,2.67,Sugarcane,9.49,319
45.4,25.3,38.4,1022.9,127.9,32.0,75.7,5.08,Cotton,2.4,348
64.6,15.2,69.1,424.7,121.6,43.3,42.1,3.37,Wheat,4.1,285
68.3,20.1,58.7,866.1,137.0,35.3,53.7,1.57,Wheat,3.29,372
52.8,20.1,48.0,629.6,126.6,59.6,51.7,5.69,Wheat,4.51,736
36.0,31.3,51.3,347.1,57.6,25.1,41.0,4.56,Bajra,1.97,662
46.5,22.7,57.8,237.2,30.9,50.5,24.2,1.98,Chickpea,1.79,662
80.2,29.5,81.8,1553.2,202.8,101.2,199.8,2.96,Sugarcane,11.17,479
42.1,23.7,69.1,521.5,54.5,29.0,44.6,1.67,Jowar,1.6,357
48.1,18.8,56.7,556.6,87.9,36.3,45.9,5.31,Jowar,1.69,784
75.3,28.0,76.5,1470.0,184.2,65.4,100.6,0.5,Rice,5.2,404
57.4,37.3,46.6,654.2,108.4,42.3,62.0,5.05,Cotton,2.49,562
70.2,23.4,73.3,1272.0,32.5,41.4,55.5,2.87,Soybean,1.56,619
57.4,22.0,53.4,194.6,150.7,47.3,40.2,2.68,Wheat,4.21,458
40.0,26.8,46.2,395.7,47.4,42.9,24.5,5.15,Jowar,2.15,531
27.8,32.1,43.2,262.7,52.6,31.5,40.3,2.1,Bajra,1.79,705
52.8,27.8,78.3,918.7,53.8,66.0,58.0,2.83,Soybean,2.27,459
71.7,27.5,78.3,1260.4,154.7,37.4,80.4,0.89,Rice,6.01,327
44.1,19.7,54.3,660.1,126.2,66.2,50.1,4.09,Wheat,4.69,287
66.4,28.9,77.1,1558.0,213.8,67.6,106.6,3.93,Rice,6.9,285
57.3,23.2,71.2,1014.7,37.3,65.8,95.8,2.62,Groundnut,1.65,426
75.8,27.7,79.1,1992.3,223.3,120.0,185.3,3.44,Sugarcane,9.64,662
40.3,31.3,51.7,421.1,50.5,24.5,32.2,2.98,Bajra,2.29,873
68.9,27.9,75.7,1284.0,136.3,72.9,124.3,2.64,Rice,6.87,391
58.9,26.8,70.1,1277.1,44.6,48.7,72.1,2.71,Soybean,2.21,247
61.7,30.8,54.4,663.0,110.6,38.4,77.9,5.97,Cotton,2.43,665
49.5,29.5,55.7,789.8,74.6,43.4,56.5,1.57,Cotton,3.28,409
49.9,32.1,56.1,365.1,66.0,32.7,28.2,2.57,Jowar,1.89,668
63.1,21.2,52.0,616.3,112.0,59.7,48.0,4.89,Wheat,5.03,693
35.2,23.1,50.4,519.2,37.9,52.9,76.0,3.62,Soybean,1.44,598
87.1,24.0,87.0,1636.9,224.7,45.5,75.9,1.57,Rice,5.59,298
44.5,29.1,59.7,641.0,40.9,36.6,41.6,4.02,Bajra,1.85,525
50.8,25.0,56.8,661.7,123.6,33.3,56.6,4.69,Maize,4.86,507
86.8,25.1,71.3,1424.8,217.5,78.0,79.3,0.5,Rice,5.15,622
77.8,28.5,57.8,1241.5,135.4,77.3,75.9,1.84,Rice,5.47,603
78.4,30.2,89.6,1000.5,215.9,63.9,102.7,2.53,Rice,6.02,261
44.2,31.8,64.2,882.0,45.4,51.3,47.1,5.24,Groundnut,1.96,392
73.0,21.1,70.1,1228.1,124.2,43.8,45.9,2.71,Maize,4.37,447
81.3,36.6,78.6,1729.0,198.2,28.7,80.8,0.5,Rice,4.22,389
54.3,16.3,59.9,608.8,156.8,39.5,49.1,3.44,Wheat,4.63,708
52.5,16.4,51.6,262.8,132.0,54.3,42.5,1.42,Wheat,4.24,906
54.1,16.4,36.5,612.4,130.5,59.9,27.8,2.4,Wheat,4.66,814
71.3,26.5,74.1,712.6,100.5,36.5,59.8,2.88,Maize,5.05,282
36.0,28.7,46.8,311.0,72.5,33.8,46.0,2.56,Jowar,2.0,1019
51.7,14.4,52.9,552.9,141.9,38.4,25.4,1.69,Wheat,4.65,815
65.3,27.5,72.2,616.5,37.8,39.4,63.1,3.47,Groundnut,1.81,608
92.0,30.9,69.8,1564.8,188.1,43.3,93.9,4.78,Rice,4.41,586
74.7,29.8,84.5,1753.8,189.9,55.0,77.9,2.17,Rice,5.39,35
54.3,27.6,60.9,1313.3,87.7,39.3,54.7,2.8,Cotton,2.37,423
46.0,23.5,62.6,400.0,22.9,52.4,41.0,2.29,Chickpea,1.7,505
45.6,20.3,55.5,314.0,28.8,44.2,27.4,3.11,Chickpea,1.65,829
40.4,29.6,56.5,819.9,102.3,34.9,47.6,3.17,Cotton,3.38,397
72.3,26.7,73.6,1494.2,204.4,75.6,202.0,2.77,Sugarcane,10.38,313
50.1,24.4,69.5,837.7,46.1,48.9,67.6,3.25,Groundnut,2.1,706
64.7,31.1,82.9,1315.0,142.7,52.7,71.8,2.67,Rice,4.68,417
42.3,28.1,45.2,665.7,85.1,33.8,36.7,6.32,Jowar,1.66,621
48.3,23.9,53.0,1378.9,93.2,36.9,84.9,0.5,Cotton,1.96,821
65.5,20.6,61.9,506.8,129.4,44.0,52.2,3.55,Wheat,4.8,372
69.7,24.5,90.6,1623.8,130.0,62.8,103.2,4.11,Rice,5.58,309
39.5,26.1,46.2,421.3,112.5,29.3,79.3,3.91,Cotton,2.7,665
58.0,27.2,51.1,885.1,154.6,54.9,45.5,6.89,Maize,5.65,688
81.0,31.1,74.5,956.3,159.1,66.6,76.4,3.59,Rice,5.32,378
79.7,30.7,76.2,1577.4,103.0,59.1,90.9,2.79,Rice,4.43,206
60.6,27.4,77.8,716.0,39.5,78.2,75.0,4.15,Groundnut,2.04,457
55.2,14.6,64.2,467.1,118.5,50.4,49.6,2.04,Wheat,3.17,361
56.3,28.0,53.5,415.2,154.0,29.8,46.1,5.96,Wheat,3.19,730
21.9,36.0,50.7,549.8,66.4,40.3,44.9,4.59,Bajra,1.66,605
34.2,19.3,61.3,219.1,29.7,35.3,39.1,2.03,Chickpea,1.62,756
71.5,23.7,71.2,951.0,133.3,73.7,91.1,4.68,Rice,4.31,377
49.4,28.1,61.2,743.5,41.3,48.4,92.4,3.64,Groundnut,2.19,447
53.7,25.6,77.7,781.4,38.0,41.8,54.7,5.75,Groundnut,1.96,478
31.6,31.3,54.4,335.1,52.0,28.8,52.6,1.84,Bajra,1.99,841
52.0,20.4,54.1,400.1,109.9,51.6,52.0,2.07,Wheat,4.48,330
51.8,25.8,56.9,439.9,138.3,41.0,41.7,2.87,Wheat,3.9,639
58.9,24.7,60.1,663.2,149.8,36.0,45.6,2.18,Maize,5.23,664
59.7,27.4,59.0,329.0,134.6,41.6,49.8,3.72,Wheat,3.21,401
61.2,18.9,49.8,723.1,137.3,41.5,33.2,6.41,Wheat,3.82,505
57.2,19.9,50.2,533.7,110.9,53.0,43.7,1.3,Maize,4.27,757
49.7,31.7,51.9,583.2,67.4,27.9,41.7,0.5,Bajra,1.86,514
89.7,27.9,75.8,1167.3,146.2,55.9,89.2,1.42,Rice,4.67,287
24.8,30.7,42.5,324.2,64.6,29.6,58.9,4.01,Bajra,1.75,997
42.7,28.3,33.5,635.9,30.1,42.7,70.0,0.82,Groundnut,2.2,615
33.4,14.5,49.0,365.3,35.8,36.1,24.2,3.75,Chickpea,1.6,555
70.1,32.5,76.4,1052.4,42.1,78.4,62.1,3.56,Soybean,2.14,40
57.3,30.6,55.0,599.8,162.1,37.9,55.4,3.92,Cotton,2.94,448
47.3,32.0,56.9,719.6,44.9,58.0,69.3,2.6,Groundnut,2.22,398
33.0,34.4,44.3,378.0,127.5,34.8,64.1,2.05,Cotton,2.17,979
66.2,31.8,65.0,664.8,146.1,47.8,67.2,5.29,Maize,5.19,716
61.0,32.0,66.1,790.3,192.7,31.7,66.5,3.25,Maize,4.73,312
63.4,22.3,76.2,852.2,122.3,56.1,59.3,3.15,Maize,4.43,720
49.6,27.4,66.1,711.5,34.4,36.7,46.4,4.72,Groundnut,2.18,633
62.8,24.7,63.1,174.0,99.7,53.9,45.1,2.82,Wheat,3.37,579
55.2,23.8,66.8,603.5,44.9,44.5,67.3,2.71,Soybean,2.22,647
78.9,26.1,88.2,1597.6,192.1,53.2,81.6,0.5,Rice,5.73,313
73.6,25.6,84.1,1861.5,188.1,47.7,84.0,3.19,Rice,4.87,137
40.9,18.6,49.3,123.2,30.8,52.3,37.6,2.83,Chickpea,1.45,442
92.0,23.3,79.6,813.1,186.3,54.5,73.3,2.87,Rice,3.41,260
30.1,28.2,49.9,361.6,53.2,19.0,40.7,1.76,Bajra,1.92,680
52.0,33.8,44.5,389.2,84.5,32.3,79.9,2.0,Cotton,2.48,660
41.1,24.0,57.6,564.3,31.9,32.0,80.3,2.89,Groundnut,1.65,487
62.6,27.2,71.9,967.9,59.1,59.1,55.2,2.63,Soybean,2.39,587
54.8,30.9,60.3,898.3,132.6,50.1,64.3,4.81,Maize,5.63,374
63.9,27.9,77.7,860.1,43.9,52.4,56.0,1.68,Soybean,2.45,543
69.4,19.3,59.9,720.8,132.6,58.9,67.2,2.65,Wheat,5.02,489
50.7,27.2,56.8,464.4,137.4,45.8,51.8,2.15,Wheat,3.48,635
81.5,28.2,83.3,1547.2,158.7,60.2,126.7,1.5,Rice,6.84,119
53.5,18.5,49.7,246.7,34.9,21.1,42.8,3.36,Chickpea,1.76,693
84.9,27.2,76.1,1818.6,250.0,60.6,131.8,3.65,Sugarcane,10.15,188
78.2,27.1,71.2,1256.2,108.0,57.3,98.2,3.85,Rice,5.2,140
52.3,26.2,57.9,608.3,93.1,49.5,26.8,2.75,Wheat,3.58,589
67.3,23.8,63.0,865.6,173.5,34.4,50.7,2.5,Maize,4.62,512
38.3,18.5,52.4,506.4,29.9,28.5,29.8,4.63,Chickpea,1.83,772
54.3,20.8,62.2,789.1,114.0,58.2,56.5,3.95,Wheat,4.49,579
68.8,23.9,78.9,1439.1,45.6,63.2,36.0,1.76,Soybean,1.45,175
56.4,32.0,68.1,871.9,34.3,72.1,56.5,6.26,Groundnut,1.8,385
80.0,30.1,60.6,794.1,178.6,58.6,86.8,0.5,Rice,4.39,168
78.6,30.6,70.1,1406.5,205.1,92.1,176.2,1.55,Sugarcane,10.54,226
61.9,35.1,78.6,1708.0,173.4,67.4,93.1,1.27,Rice,3.78,501
92.0,26.7,86.8,2500.0,135.7,52.1,104.4,0.79,Rice,4.9,417
64.4,29.1,62.3,853.6,45.2,64.4,48.7,3.59,Soybean,2.63,643
81.8,28.6,79.2,1478.8,119.5,43.7,78.8,3.98,Rice,6.23,370
49.8,33.4,71.3,492.9,69.8,38.4,46.0,4.34,Jowar,1.89,592
54.5,27.6,68.6,909.5,32.6,63.7,51.7,2.67,Soybean,2.19,544
64.1,31.4,69.0,1349.1,229.9,65.2,75.6,1.74,Rice,4.83,147
53.3,27.2,84.8,862.7,46.8,64.3,78.7,1.64,Groundnut,2.01,221
59.7,20.7,58.1,690.1,119.1,30.8,36.7,4.35,Wheat,4.7,761
30.0,28.5,49.2,628.9,58.9,30.1,43.8,4.47,Jowar,1.93,834
60.9,30.7,70.4,1023.0,33.4,62.4,53.2,1.83,Groundnut,1.89,479
42.3,16.5,41.6,131.8,21.8,57.8,38.2,1.18,Chickpea,1.51,711
71.6,23.3,55.4,873.4,39.9,63.5,58.0,2.25,Soybean,1.95,519
65.9,31.1,84.2,861.4,52.0,53.6,63.3,4.41,Soybean,2.0,276
40.6,16.5,45.1,449.8,139.1,42.0,45.4,1.62,Wheat,3.93,561
54.2,30.7,59.3,1014.6,95.1,42.5,52.9,2.32,Maize,4.91,235
62.3,29.3,71.3,712.5,36.6,57.5,44.2,4.38,Soybean,2.16,497
83.2,24.2,82.5,1543.4,177.2,65.1,62.3,4.38,Rice,4.78,226
35.3,29.5,28.9,536.6,61.7,45.6,35.9,6.17,Jowar,2.09,761
61.2,22.3,67.9,753.7,49.0,64.0,67.4,4.06,Soybean,2.07,758
58.8,26.0,34.6,319.8,64.4,44.5,36.2,0.58,Jowar,1.54,872
68.0,33.4,70.0,1146.6,161.2,50.4,121.2,2.22,Rice,5.19,322
72.2,24.9,86.1,997.2,221.7,61.5,74.6,2.1,Rice,5.1,419
73.4,28.1,88.1,1701.1,196.1,61.8,157.6,2.39,Sugarcane,11.21,15
51.7,25.7,71.5,1349.5,51.8,47.2,70.0,2.72,Soybean,1.87,554
81.1,33.5,88.4,1371.3,86.7,54.0,84.0,0.63,Rice,5.12,316
46.7,26.5,48.9,491.6,93.5,35.7,42.9,4.43,Jowar,2.03,642
55.7,19.5,63.1,629.5,98.1,45.6,42.7,2.66,Wheat,4.41,636
45.7,29.7,63.1,594.6,57.0,29.6,44.0,3.66,Bajra,1.77,776
70.8,32.6,75.8,1182.1,150.4,60.0,113.5,2.29,Rice,4.65,311
64.9,31.1,58.8,1084.3,35.0,59.8,59.5,6.6,Soybean,2.0,373
75.3,30.0,78.7,1384.8,129.6,49.4,76.7,3.26,Rice,6.93,661
34.7,18.8,48.6,473.8,41.5,34.8,38.2,1.2,Chickpea,1.82,678
60.7,22.5,57.0,562.0,133.6,53.5,20.8,2.86,Wheat,4.36,833
58.9,18.3,81.2,546.8,136.9,49.9,41.9,2.06,Wheat,4.83,315
81.5,25.2,71.7,2067.1,198.9,95.1,251.1,4.01,Sugarcane,9.85,367
50.4,23.5,55.6,678.8,31.3,58.8,44.6,1.55,Groundnut,1.97,502
80.8,30.5,76.2,1675.4,183.3,61.5,87.8,1.18,Rice,6.58,419
71.2,26.0,76.4,1379.0,209.8,39.2,71.1,1.61,Rice,5.83,312
61.4,19.4,58.5,546.8,130.8,53.8,59.2,3.74,Wheat,4.54,492
64.3,20.6,62.7,1370.8,53.3,56.5,52.1,2.29,Soybean,1.85,695
35.9,18.7,47.0,301.5,32.3,40.3,26.2,2.65,Chickpea,1.92,758
55.7,21.2,62.1,707.8,131.0,58.7,47.8,3.81,Wheat,4.69,235
27.5,31.9,44.2,418.8,72.4,28.7,50.3,4.28,Bajra,2.01,676
76.2,26.9,90.8,920.5,180.0,62.5,81.4,4.71,Rice,5.6,166
36.7,24.0,52.8,744.6,83.3,37.3,43.6,2.49,Jowar,1.63,426
65.4,18.9,59.7,823.5,157.7,43.7,48.8,2.86,Wheat,4.63,461
81.0,27.0,70.4,2014.4,250.0,62.7,270.3,3.44,Sugarcane,8.65,250
71.7,30.5,87.4,1222.4,164.8,70.6,84.4,1.85,Rice,5.49,302
42.0,34.4,66.7,1020.9,37.6,55.8,69.3,3.98,Groundnut,1.57,349
47.4,28.3,79.3,1008.7,146.4,38.0,42.9,1.6,Maize,4.71,91
78.9,25.0,74.0,1102.2,186.6,66.7,75.3,3.84,Rice,4.61,322
63.1,27.4,75.1,949.7,129.2,53.5,30.5,1.29,Maize,5.61,550
57.6,29.3,54.3,957.8,122.8,28.4,54.4,2.57,Cotton,2.67,365
44.6,31.1,64.7,911.1,96.0,49.0,71.1,1.85,Cotton,2.9,595
28.3,22.0,56.8,285.5,70.0,24.5,37.7,6.38,Jowar,1.64,709
60.3,25.6,47.4,513.5,142.2,51.4,47.2,2.98,Wheat,3.72,611
76.0,25.8,72.2,1021.7,214.6,61.2,67.3,3.28,Rice,5.8,475
78.6,26.0,82.0,1313.4,156.2,50.1,99.9,2.17,Rice,6.32,207
49.1,25.4,59.8,862.8,119.1,31.5,59.1,1.71,Maize,5.28,483
64.8,14.4,65.1,784.4,139.5,70.1,41.7,3.42,Wheat,3.52,356
55.3,15.9,66.2,396.5,153.0,31.2,46.0,3.32,Wheat,4.24,625
75.5,23.8,71.0,1420.8,145.4,57.3,39.7,2.96,Rice,3.7,598
57.5,23.6,52.8,38.7,183.9,48.8,48.8,5.76,Maize,4.44,591
72.3,29.0,78.8,1577.6,160.6,32.7,84.7,5.22,Rice,5.62,499
71.5,23.1,73.4,1568.0,42.1,81.6,72.0,1.24,Soybean,1.18,25
70.8,23.8,69.3,1151.7,55.9,66.9,63.8,4.9,Soybean,1.93,297
69.3,23.4,68.4,644.6,150.5,34.2,60.5,2.41,Maize,4.7,349
59.0,23.3,61.0,656.9,116.9,64.2,48.2,1.95,Wheat,5.11,826
43.6,28.1,51.6,433.0,116.1,53.1,64.6,0.62,Cotton,2.54,568
56.7,29.0,78.4,963.0,47.1,77.2,50.6,4.86,Soybean,2.38,508
54.5,27.2,70.1,854.2,30.9,74.8,73.7,2.39,Groundnut,2.21,149
48.3,26.7,59.4,608.1,65.7,28.4,48.6,1.71,Jowar,2.08,597
71.5,22.2,66.6,523.4,146.3,48.2,59.4,5.04,Wheat,4.45,621
61.6,28.4,69.8,186.5,136.9,40.7,70.0,4.5,Maize,3.83,546
72.6,27.3,67.5,680.5,183.6,34.5,87.9,3.15,Rice,5.17,87
62.0,21.6,74.0,782.4,107.4,42.6,38.8,4.83,Wheat,3.92,471
62.7,22.4,63.8,1208.8,50.2,58.7,30.9,3.79,Soybean,1.9,594
32.0,29.4,48.3,356.3,53.6,34.4,29.8,3.71,Bajra,2.0,894
48.8,29.0,46.4,847.0,35.3,47.3,66.3,0.81,Groundnut,2.11,709
59.0,29.5,79.8,574.8,45.3,56.1,53.0,4.54,Soybean,2.07,164
54.0,28.7,49.7,673.1,62.3,32.8,31.7,5.72,Jowar,1.54,612
55.3,27.7,71.1,589.8,151.3,51.4,59.4,4.64,Maize,5.19,630
92.0,27.6,82.8,1856.0,164.5,50.4,63.2,3.45,Rice,5.7,134
48.8,33.4,51.5,324.1,64.0,31.7,30.6,4.06,Bajra,1.65,759
71.3,14.6,70.2,939.0,159.1,66.9,52.3,6.6,Wheat,3.26,379
71.7,26.7,79.2,1556.7,102.7,75.1,60.5,1.36,Rice,5.78,328
67.0,27.8,72.4,1070.7,143.2,40.9,34.4,2.24,Maize,5.53,537
79.3,29.7,84.0,1557.6,173.1,73.7,179.0,3.87,Sugarcane,11.0,174
78.6,27.1,98.0,2103.2,189.9,67.4,126.1,2.43,Rice,5.76,605
43.6,23.0,43.1,306.1,47.8,38.6,48.7,1.07,Bajra,1.58,754
49.2,26.5,70.3,955.0,34.7,70.4,64.2,2.9,Groundnut,1.94,503
37.8,15.3,47.3,199.9,34.3,44.3,31.1,1.91,Chickpea,1.38,600
73.8,27.5,77.1,1400.1,166.8,56.3,81.4,3.84,Rice,6.06,356
73.4,27.8,84.2,1804.8,160.6,69.6,81.9,1.53,Rice,5.69,216
57.9,31.7,49.4,560.8,108.1,51.1,93.4,2.94,Cotton,3.0,434
38.2,18.8,55.6,414.8,22.8,40.2,42.2,1.18,Chickpea,1.94,395
60.3,32.1,64.9,940.2,31.3,62.8,65.5,3.34,Groundnut,1.67,538
88.6,35.6,79.2,665.8,190.5,64.8,93.9,1.07,Rice,3.09,405
54.9,24.9,61.1,617.0,92.5,62.4,37.8,3.38,Wheat,5.19,158
60.0,24.3,70.2,433.2,37.9,62.2,62.4,2.22,Soybean,1.78,185
53.5,20.8,68.8,706.0,145.0,37.8,68.0,0.96,Maize,5.37,446
59.7,19.9,65.9,326.8,30.2,47.5,32.7,4.35,Chickpea,1.64,554
80.8,30.4,72.8,2050.0,159.1,50.3,61.3,0.52,Rice,4.48,397
50.1,35.9,55.6,508.6,112.5,42.8,88.0,3.22,Cotton,2.26,428
69.9,31.1,51.4,728.2,168.9,33.5,51.1,1.23,Maize,3.78,717
73.2,17.1,84.0,714.0,91.1,48.6,52.7,4.53,Wheat,3.7,329
78.7,27.4,73.8,993.0,47.9,45.1,66.6,2.87,Soybean,2.17,340
46.8,23.3,55.5,536.8,42.0,45.2,55.1,4.12,Groundnut,1.8,596
84.6,32.3,81.1,1603.9,145.3,63.2,81.8,6.67,Rice,5.13,449
83.7,25.6,86.2,1909.9,205.5,55.9,97.9,3.36,Rice,5.33,322
32.4,30.7,54.7,392.3,53.0,37.6,37.1,1.82,Bajra,1.86,779
70.4,29.9,72.6,846.0,159.6,53.8,127.3,0.5,Rice,4.38,340
75.3,31.3,79.0,1575.8,166.1,55.7,100.5,3.83,Rice,5.01,269
61.7,18.5,50.6,312.2,130.0,41.6,42.3,1.39,Wheat,4.36,500
59.6,19.9,49.3,729.3,115.4,57.0,40.6,4.86,Wheat,4.36,555
88.2,22.4,75.9,1091.3,129.3,44.0,73.8,2.74,Maize,4.13,329
63.0,25.0,81.5,878.2,157.5,57.1,46.2,1.41,Wheat,3.76,303
75.5,24.3,81.0,1409.0,168.0,67.4,85.5,0.5,Rice,5.05,429
71.0,25.4,90.2,478.2,174.1,69.2,59.4,3.79,Rice,4.17,425
45.3,15.3,62.6,246.5,30.4,64.5,31.8,1.87,Chickpea,1.31,717
52.8,29.9,61.1,626.7,45.3,31.5,34.2,2.42,Soybean,2.06,583
55.9,19.2,57.6,561.2,113.0,59.8,36.4,3.12,Wheat,5.59,765
52.3,28.4,74.4,785.7,44.6,68.4,67.0,4.3,Soybean,2.23,457
63.4,18.8,62.4,446.6,144.3,56.5,52.1,2.04,Wheat,4.71,726
35.5,25.8,63.0,0.0,55.0,23.8,37.1,3.69,Bajra,1.16,705
81.5,34.7,62.1,1058.8,193.8,93.4,192.5,3.14,Sugarcane,7.53,615
53.1,13.0,55.3,709.7,146.4,51.0,55.2,1.82,Wheat,4.13,587
71.7,30.9,80.8,1400.0,190.9,59.6,78.8,2.55,Rice,6.76,128
54.3,16.4,48.2,543.1,33.8,55.5,20.0,6.87,Chickpea,1.37,446
79.2,24.9,86.3,1601.8,163.5,49.5,97.5,3.03,Rice,5.65,568
36.1,27.8,33.6,380.4,63.9,37.3,45.2,4.13,Bajra,1.93,841
75.6,24.4,76.7,1561.5,153.4,51.6,87.7,3.89,Rice,6.28,399
59.6,29.2,62.8,865.5,81.4,45.9,69.5,3.6,Cotton,2.97,494
38.7,21.5,64.0,582.2,43.2,42.9,46.9,2.96,Groundnut,1.62,476
43.1,25.5,34.3,6.7,38.4,64.1,59.8,1.98,Groundnut,2.0,1023
42.4,18.2,64.5,517.1,21.0,43.0,25.9,2.91,Chickpea,1.45,377
70.0,28.9,66.2,1090.8,113.7,37.0,42.5,4.37,Maize,4.92,455
56.4,21.0,51.6,580.2,146.6,51.7,53.2,4.93,Wheat,4.85,633
62.4,27.4,79.8,674.4,46.7,67.4,61.0,3.26,Soybean,2.18,237
51.8,25.6,61.7,471.7,88.3,65.6,58.7,1.68,Wheat,4.28,381
68.1,27.6,75.0,1062.1,43.4,68.9,58.0,3.59,Soybean,2.0,292
66.7,27.9,62.9,0.0,111.9,55.0,38.6,5.85,Wheat,2.59,574
34.6,27.7,61.9,778.7,76.8,28.0,35.4,2.0,Jowar,1.88,463
43.9,30.1,45.6,792.4,35.9,30.8,52.2,3.23,Bajra,1.65,786
73.3,22.6,86.3,1343.0,161.4,50.9,86.0,2.04,Rice,4.84,108
80.5,28.7,76.4,2383.5,135.6,55.4,107.5,1.95,Rice,4.94,310
29.9,29.1,50.5,526.2,50.5,34.0,28.1,4.17,Jowar,2.14,883
57.5,17.4,53.9,750.6,163.6,52.5,43.7,3.14,Wheat,4.41,742
56.8,28.6,65.5,419.0,152.2,38.2,58.4,2.45,Maize,4.59,379
60.8,23.7,67.3,551.9,59.0,31.7,39.1,5.62,Jowar,1.4,67
48.8,27.9,44.4,794.1,64.3,35.6,38.0,2.78,Jowar,1.64,799
67.2,29.2,80.4,1415.3,206.1,58.0,104.3,2.32,Rice,6.75,398
86.8,22.6,76.5,2134.0,170.7,51.4,76.8,4.01,Rice,4.36,180
53.5,31.8,57.3,823.9,25.6,49.3,59.6,4.72,Groundnut,1.91,767
30.7,26.9,50.5,566.3,21.4,67.8,40.3,6.46,Groundnut,1.95,588
22.6,19.6,45.1,286.9,31.0,48.7,37.5,4.22,Chickpea,1.6,736
38.5,30.1,30.9,339.9,71.1,14.1,54.4,2.97,Jowar,2.13,638
59.6,32.8,61.3,697.7,132.6,55.1,84.0,5.09,Cotton,2.4,603
39.6,25.9,57.0,649.4,40.2,65.7,60.8,0.5,Groundnut,1.85,526
30.4,25.0,40.8,434.9,75.1,33.8,42.9,3.84,Jowar,2.08,654
92.0,28.7,81.3,1608.5,132.7,100.1,128.5,3.91,Sugarcane,10.77,462
39.7,28.4,61.6,454.4,58.6,29.4,29.7,3.08,Bajra,1.81,615
60.6,29.8,70.2,1071.9,40.6,55.5,67.1,3.23,Soybean,2.39,204
74.9,26.8,76.2,1308.8,171.3,58.4,94.1,3.6,Rice,5.87,470
66.1,31.7,72.1,1561.1,160.5,38.1,121.1,3.89,Rice,4.93,492
68.8,24.8,74.4,864.5,160.0,48.8,50.1,2.75,Rice,4.45,301
42.6,16.9,46.7,633.1,33.2,49.5,35.8,4.64,Chickpea,1.53,609
58.4,17.7,51.1,97.8,163.7,44.8,64.3,3.41,Wheat,3.66,709
66.7,16.5,53.3,622.1,156.6,41.1,34.8,4.21,Wheat,4.38,585
64.7,28.0,64.3,1153.4,145.0,31.9,51.5,5.5,Maize,4.35,491
74.6,30.3,76.3,1218.6,162.8,43.6,77.4,4.02,Rice,5.26,473
53.6,29.7,52.5,794.5,121.5,34.7,65.2,2.07,Cotton,3.11,532
64.5,24.4,81.7,1213.1,211.5,45.4,117.0,2.02,Rice,4.73,658
60.2,18.7,50.5,128.6,120.0,37.8,35.4,2.15,Wheat,4.15,591
79.5,28.8,82.5,1289.0,198.6,60.1,61.8,4.96,Rice,5.34,238
66.2,25.5,66.2,1488.8,42.9,62.4,49.6,2.21,Soybean,1.97,720
71.5,22.6,75.1,2080.0,142.2,64.8,117.2,2.95,Rice,4.37,655
34.2,34.1,33.0,285.7,54.0,37.9,45.5,8.1,Bajra,2.14,798
89.7,32.6,85.1,2062.9,236.3,107.9,167.0,4.43,Sugarcane,9.37,199
59.1,29.3,73.5,578.2,38.2,60.5,69.7,4.16,Groundnut,1.94,307
40.8,28.4,47.4,204.0,50.8,31.1,30.5,3.6,Bajra,1.69,891
76.6,27.3,75.2,1809.2,171.8,65.7,103.5,2.68,Rice,5.68,340
52.1,12.7,48.2,857.8,135.5,61.0,53.4,3.09,Wheat,3.16,502
50.5,26.1,51.1,633.6,20.6,55.3,41.9,1.73,Chickpea,1.16,701
52.5,22.0,57.2,565.9,132.1,46.3,64.1,2.06,Maize,4.77,814
25.0,30.8,52.9,224.9,58.6,25.7,46.2,2.49,Bajra,1.67,780
55.8,26.8,71.7,835.9,168.4,46.9,57.9,1.51,Maize,4.65,797
38.8,29.6,38.4,252.8,62.2,20.4,39.1,4.01,Bajra,1.61,945
32.8,28.7,45.1,313.3,47.7,22.9,52.6,3.8,Bajra,2.01,785
65.5,32.3,63.7,773.7,145.5,32.4,61.5,6.37,Maize,4.64,520
46.4,21.8,62.4,442.3,91.7,58.6,78.6,5.93,Wheat,4.33,662
30.9,32.1,39.0,434.0,77.6,36.9,44.9,4.75,Bajra,1.7,932
42.8,28.0,64.3,423.9,166.3,37.2,62.2,6.49,Cotton,2.42,698
63.7,21.9,65.7,690.3,122.5,47.4,58.7,3.11,Wheat,4.2,683
47.9,18.0,55.7,673.3,156.4,39.8,41.2,4.04,Wheat,4.41,634
40.1,25.8,58.0,498.6,59.8,34.5,47.8,4.61,Jowar,1.95,722
50.4,29.7,64.4,898.4,210.6,45.6,41.4,6.71,Maize,5.51,692
54.7,23.9,79.5,1156.8,120.3,40.3,56.3,3.62,Maize,4.71,331
52.5,24.6,53.8,444.0,147.4,31.0,49.7,2.87,Wheat,3.52,440
47.3,17.7,64.9,415.9,28.8,36.1,43.5,3.23,Chickpea,1.77,828
40.5,21.4,47.4,550.6,28.0,30.2,32.7,2.47,Chickpea,1.6,765
48.1,33.4,42.7,678.7,65.1,33.6,51.8,4.44,Jowar,2.09,625
41.5,29.6,54.1,362.2,33.4,54.2,74.9,3.73,Groundnut,2.03,685
58.1,34.0,68.1,912.5,74.3,35.5,97.6,4.06,Cotton,2.67,434
59.1,19.7,55.5,562.5,134.0,56.4,45.2,0.5,Wheat,4.61,350
40.5,30.7,59.8,1046.9,44.1,33.2,36.5,3.52,Bajra,1.52,492
62.9,26.3,69.9,898.9,33.8,50.8,50.0,3.88,Soybean,2.55,240
71.6,26.2,80.0,1923.4,158.0,44.1,88.9,3.53,Rice,5.94,302
52.9,24.0,59.0,772.9,161.4,32.0,38.6,5.96,Wheat,3.91,544
39.3,30.8,74.6,538.5,40.6,95.1,53.8,2.15,Groundnut,2.11,645
58.1,20.8,56.2,829.8,129.1,33.6,49.7,3.23,Maize,4.97,557
41.3,29.6,36.1,496.6,71.2,38.1,38.5,4.78,Jowar,1.71,813
60.6,20.5,64.2,678.6,141.7,61.7,43.0,6.38,Wheat,4.99,487
49.8,22.5,73.1,697.2,152.4,48.4,44.2,3.78,Wheat,3.98,402
68.0,25.8,70.0,816.9,160.1,54.5,86.5,4.36,Rice,4.81,253
39.1,27.1,55.2,605.1,68.7,31.1,36.7,1.26,Bajra,1.7,765
50.5,27.8,62.2,988.5,34.6,63.1,71.3,2.6,Soybean,2.5,535
79.2,24.0,85.3,1096.8,140.8,76.9,90.1,2.65,Rice,5.37,233
44.6,21.6,46.9,381.4,26.8,50.0,42.1,3.71,Chickpea,1.81,730
66.5,18.8,60.5,648.0,178.4,36.0,32.7,6.41,Wheat,4.5,501
44.3,15.8,54.5,597.7,23.8,49.7,30.7,6.3,Chickpea,1.45,505
72.3,30.9,69.6,1701.5,186.1,60.3,124.1,2.9,Rice,5.5,403
28.9,31.9,57.1,407.0,61.3,24.0,41.8,3.64,Bajra,1.87,810
52.1,26.4,46.7,914.3,33.2,62.8,71.5,3.23,Soybean,2.66,595
73.7,22.0,65.7,436.0,128.3,52.1,55.3,3.78,Wheat,3.85,331
36.1,20.1,31.7,318.9,22.7,44.8,34.4,2.62,Chickpea,1.56,701
86.3,21.8,86.1,1977.1,153.8,63.7,78.2,2.6,Rice,4.32,509
36.9,17.2,51.7,307.8,30.6,31.4,22.3,6.45,Chickpea,1.77,547
41.8,25.0,68.0,134.5,31.6,54.1,37.2,3.22,Chickpea,1.65,756
65.6,13.1,58.6,673.7,142.3,52.6,30.3,4.13,Wheat,3.8,540
64.0,18.8,63.5,302.0,105.0,64.9,37.4,5.77,Wheat,3.83,701
52.5,21.6,55.9,382.2,106.7,49.4,32.4,1.23,Wheat,3.83,617
82.8,27.0,82.0,1409.5,247.1,53.2,49.7,5.15,Rice,5.97,67
57.0,21.3,62.2,715.5,55.9,54.2,51.2,5.51,Soybean,1.7,480
36.4,26.8,70.1,679.3,33.2,79.0,59.1,4.08,Groundnut,2.2,814
62.8,23.8,82.8,1593.6,215.2,55.3,76.3,3.64,Rice,5.93,266
59.2,26.9,73.6,1184.8,44.1,50.3,53.8,4.17,Soybean,2.47,484
36.1,34.8,54.6,563.2,58.6,19.9,52.3,4.38,Bajra,1.4,569
58.6,16.0,61.1,773.7,117.7,49.3,51.9,3.85,Wheat,3.9,525
66.8,25.0,61.7,547.0,173.7,51.9,42.4,6.58,Maize,5.1,619
66.9,30.7,63.1,727.5,135.6,57.3,72.6,4.84,Maize,5.34,609
37.3,24.2,56.7,569.3,50.0,23.4,40.5,6.12,Jowar,1.85,949
74.7,30.2,74.8,1098.9,176.1,49.0,122.6,1.99,Rice,4.85,396
53.2,24.2,50.7,557.7,161.9,52.3,44.3,3.52,Wheat,4.5,623
40.5,29.6,67.0,978.7,114.6,42.7,78.6,4.76,Cotton,2.34,370
74.0,28.9,79.4,1801.2,218.3,60.4,113.6,3.38,Rice,5.68,84
53.8,22.9,79.4,957.0,48.2,33.0,45.1,2.99,Soybean,2.13,132
57.6,32.4,78.1,927.2,56.6,46.9,56.2,2.0,Soybean,2.19,497
36.7,28.7,58.5,857.3,139.6,46.2,58.1,3.44,Cotton,3.0,266
40.2,27.2,44.8,612.3,63.4,16.8,41.1,1.32,Bajra,1.49,904
53.2,31.4,60.7,526.6,104.8,44.1,61.8,0.5,Cotton,2.93,713
64.7,19.8,64.4,628.9,100.7,41.2,66.6,4.61,Wheat,4.59,492
77.9,31.3,76.7,1953.9,206.4,72.7,236.1,3.14,Sugarcane,12.0,110
36.8,21.5,54.6,468.3,34.0,59.2,42.6,3.68,Chickpea,1.75,637
67.5,31.1,57.8,640.6,123.9,48.4,48.9,4.34,Maize,5.17,591
54.9,27.6,58.4,978.4,43.9,67.4,55.6,3.38,Soybean,2.44,715
52.4,14.4,40.0,535.3,127.0,37.8,42.9,4.76,Wheat,4.27,612
85.5,28.9,86.7,2034.7,171.9,67.4,73.8,2.85,Rice,5.37,164
52.4,23.8,62.0,803.2,131.7,43.7,93.6,3.6,Cotton,1.96,526
53.9,17.0,42.6,755.5,121.8,48.3,35.9,4.61,Wheat,3.9,643
58.3,22.2,81.4,1149.4,40.0,56.5,55.7,2.22,Soybean,1.71,248
35.2,28.8,60.6,223.6,74.6,26.9,32.7,2.77,Bajra,1.79,352
46.1,28.8,63.6,802.2,30.8,49.9,75.8,5.02,Groundnut,2.36,268
74.3,25.0,71.9,1342.0,142.6,54.4,112.0,1.8,Rice,5.36,286
84.2,28.7,79.0,1892.6,239.8,63.7,67.7,2.41,Rice,5.82,246
70.4,28.0,77.5,927.3,166.7,72.2,74.2,1.66,Rice,5.34,554
81.3,29.5,92.9,2242.2,142.2,52.2,99.1,4.95,Rice,5.31,534
37.0,32.6,69.5,718.8,67.1,30.4,41.6,3.48,Bajra,2.14,752
91.1,28.0,79.7,2395.2,177.3,81.3,209.0,1.31,Sugarcane,10.54,290
73.0,17.9,67.8,580.5,90.8,49.2,42.5,2.7,Wheat,4.17,809
70.4,33.4,98.0,863.9,178.0,71.2,102.7,1.04,Rice,5.25,249
47.2,22.6,59.2,567.1,37.4,70.0,50.2,4.67,Soybean,1.72,505
70.0,28.3,79.4,1763.4,197.1,63.6,112.3,2.26,Rice,6.08,650
82.3,25.4,79.0,1662.0,206.4,55.7,105.9,3.46,Rice,5.62,139
52.8,24.5,40.6,365.9,134.6,56.7,20.0,0.91,Wheat,4.24,677
39.7,18.3,53.7,71.1,27.3,41.2,43.2,3.12,Chickpea,1.59,645
50.3,27.4,49.9,669.1,132.1,42.1,62.8,3.2,Cotton,2.4,870
65.2,23.9,80.2,1794.4,209.6,84.3,53.4,2.95,Rice,4.68,191
37.6,33.1,42.7,729.9,65.0,36.7,49.2,3.34,Jowar,1.83,809
75.4,25.9,82.0,1153.9,38.8,61.2,56.4,3.77,Soybean,2.3,277
54.3,19.9,61.3,816.1,53.5,54.2,71.7,6.42,Soybean,2.09,349
40.8,18.9,39.0,224.0,31.1,49.9,41.9,4.45,Chickpea,1.75,801
64.0,26.2,57.7,657.7,147.1,36.2,70.2,2.72,Maize,6.0,613
62.3,34.2,57.3,783.3,126.7,42.7,49.6,4.47,Maize,4.1,395
62.4,26.1,76.7,1073.4,42.3,61.4,65.8,0.57,Soybean,2.22,254
77.9,31.6,85.1,2462.0,166.7,56.6,77.4,2.32,Rice,4.95,73
79.9,30.8,80.2,978.1,151.4,67.7,93.8,3.97,Rice,4.98,523
50.1,29.4,61.2,538.8,106.2,41.7,97.3,1.81,Cotton,2.95,646
39.3,27.4,60.0,732.8,59.2,28.6,58.3,4.13,Jowar,1.87,596
54.0,31.6,59.3,818.5,31.2,60.2,74.7,1.44,Groundnut,2.03,630
90.6,30.1,79.5,1569.9,157.8,47.5,88.2,1.93,Rice,5.82,238
67.0,15.2,62.5,526.9,162.0,45.3,25.7,4.05,Wheat,4.12,640
61.4,26.8,72.2,1122.5,49.4,65.3,55.1,3.37,Soybean,2.57,322
61.1,26.6,86.8,1601.3,49.8,74.9,56.8,3.33,Soybean,1.71,56
61.4,19.9,64.7,1026.1,123.6,49.2,54.9,2.87,Wheat,4.02,377
32.5,23.0,62.4,380.5,61.0,27.4,51.8,2.46,Bajra,1.58,618
57.9,19.3,53.0,566.5,27.1,43.4,26.3,0.5,Chickpea,1.57,647
65.1,24.5,91.0,1288.0,145.3,39.0,52.8,3.82,Maize,4.54,432
40.1,27.1,48.4,32.9,113.7,34.2,45.7,4.91,Cotton,2.24,464
66.1,33.5,81.5,785.0,49.7,58.8,55.5,5.29,Soybean,1.8,353
55.5,23.2,83.2,1114.6,45.8,73.5,46.7,3.12,Soybean,2.46,398
69.6,27.2,77.1,1310.3,134.9,68.9,111.8,3.18,Rice,6.0,208
84.1,24.3,77.4,1406.4,225.2,67.2,110.9,0.5,Rice,5.63,383
74.6,25.1,77.2,1614.2,194.4,64.6,129.9,4.76,Rice,5.13,259
47.5,21.1,63.8,538.5,22.4,34.7,36.9,4.15,Chickpea,1.83,380
52.0,17.6,70.8,610.1,26.8,55.8,22.3,2.61,Chickpea,1.42,665
50.5,13.9,51.4,283.4,109.9,48.0,36.7,3.03,Wheat,4.01,463
75.5,31.0,63.2,1115.9,46.6,62.0,60.2,2.32,Soybean,1.92,641
45.9,24.0,65.9,497.0,52.9,46.2,61.1,5.24,Soybean,1.87,480
46.0,29.3,49.0,288.4,47.8,38.4,40.9,3.89,Jowar,2.08,549
62.3,29.8,65.4,1231.4,40.8,90.6,45.4,3.34,Soybean,2.29,317
70.8,32.4,78.9,959.0,176.0,71.6,80.2,1.07,Rice,4.88,271
49.2,29.7,61.0,743.2,33.8,37.8,55.5,0.92,Groundnut,2.32,419
36.7,10.1,41.0,463.6,33.5,42.0,26.9,2.35,Chickpea,1.25,770
66.4,21.4,56.6,236.3,114.8,29.3,48.5,4.57,Wheat,4.18,357
48.7,20.8,52.8,816.1,124.4,52.1,57.1,4.85,Wheat,4.79,797
55.5,23.9,59.3,692.8,138.2,32.8,77.0,4.58,Maize,5.51,700
37.5,26.0,60.9,619.4,34.6,49.9,73.3,1.7,Groundnut,1.8,782
33.7,27.4,50.0,551.7,50.1,41.6,48.8,5.19,Bajra,1.88,505
41.4,24.1,51.0,220.6,24.4,51.9,35.2,5.23,Chickpea,1.56,329
58.8,30.1,61.2,817.9,95.6,29.0,68.3,3.96,Cotton,2.61,443
37.6,20.8,54.9,478.1,28.6,40.3,35.9,0.5,Chickpea,1.62,604
70.8,28.1,75.5,1652.9,167.9,39.4,90.8,3.58,Rice,4.46,377
59.8,23.5,73.7,315.4,63.6,62.2,67.3,3.55,Soybean,1.73,426
47.6,24.0,45.2,158.9,22.7,42.0,44.3,5.12,Chickpea,1.19,721
60.9,27.0,58.3,531.5,36.9,75.3,66.0,2.33,Groundnut,1.79,622
39.3,29.3,61.1,538.2,39.2,30.8,51.0,1.14,Bajra,1.95,336
60.8,26.6,59.8,499.9,97.8,41.1,75.2,4.95,Maize,4.1,871
67.9,25.4,74.9,1104.9,20.0,46.8,57.6,5.36,Soybean,2.04,224
51.2,27.1,59.8,549.6,34.0,66.4,80.2,0.94,Groundnut,2.12,625
44.8,19.5,58.5,413.6,31.4,34.8,31.3,2.88,Chickpea,1.85,779
60.9,30.7,81.0,1356.5,47.3,72.7,59.4,4.58,Soybean,1.96,204
66.3,28.8,82.3,1609.5,132.6,67.9,92.1,4.51,Rice,6.57,290
45.6,31.1,77.1,908.1,72.5,27.4,62.8,3.89,Bajra,1.48,659
39.6,17.8,40.4,71.8,29.7,58.7,35.9,1.26,Chickpea,1.76,728
55.6,22.0,61.8,469.2,48.4,62.4,54.6,4.57,Soybean,1.54,742
49.3,35.3,44.4,356.0,65.4,28.9,42.6,5.33,Jowar,1.45,764
56.3,20.8,77.6,1148.5,152.1,39.6,65.3,2.64,Maize,4.84,409
49.0,25.1,66.4,684.1,25.5,52.0,72.6,3.22,Groundnut,1.98,628
31.5,25.1,51.6,642.5,78.5,28.8,30.3,4.19,Bajra,1.29,600
44.9,22.7,50.0,546.1,28.3,31.9,38.9,2.58,Chickpea,1.64,626
45.1,30.5,54.5,625.1,98.5,35.9,70.9,4.44,Cotton,2.66,765
64.1,26.2,64.8,849.5,41.9,51.8,56.6,3.92,Soybean,1.98,549
53.4,18.5,55.6,639.8,135.6,53.4,37.0,5.37,Wheat,4.13,683
69.4,26.3,65.0,1177.5,35.7,48.0,55.7,4.36,Soybean,2.04,280
51.1,27.9,58.3,1553.6,100.2,43.0,61.3,0.97,Cotton,2.29,472
63.6,17.0,64.7,524.5,175.1,31.2,39.4,3.25,Wheat,4.2,738
69.1,26.3,73.4,635.7,37.8,62.9,56.2,3.86,Soybean,2.39,608
57.3,19.7,54.8,676.4,33.4,35.4,37.6,3.29,Chickpea,0.9,661
42.3,31.0,58.9,502.6,132.1,56.8,99.0,5.8,Cotton,2.41,518
42.7,30.6,41.4,624.5,49.4,30.7,38.3,3.76,Jowar,1.7,615
53.2,23.9,40.3,253.8,172.2,46.5,24.8,2.33,Wheat,3.79,823
74.7,28.1,82.8,1982.8,160.9,59.7,95.0,4.66,Rice,5.04,470
27.8,35.3,61.2,393.8,61.3,24.0,34.0,6.09,Bajra,1.35,601
34.0,31.2,55.2,362.5,75.7,35.7,47.7,2.55,Bajra,2.32,845
27.2,26.4,44.3,226.6,79.5,29.7,35.1,2.99,Jowar,1.49,687
64.4,24.9,57.9,959.9,135.6,46.2,32.5,4.49,Maize,5.97,735
81.6,25.4,80.8,1555.4,174.2,56.2,91.1,3.46,Rice,5.68,151
40.4,29.3,44.7,460.4,38.3,38.1,34.1,4.3,Bajra,1.99,735
60.6,34.4,65.2,807.3,40.7,48.1,55.3,2.19,Soybean,1.77,346
35.7,28.4,53.4,327.8,64.6,28.7,36.1,4.46,Jowar,2.05,763
46.0,20.5,57.1,365.6,31.6,45.2,33.7,3.85,Chickpea,1.99,718
58.4,21.3,52.8,461.4,140.7,49.5,55.2,5.5,Maize,4.31,502
48.8,18.4,55.7,370.7,120.8,41.6,48.4,6.04,Wheat,3.92,523
92.0,31.4,92.3,2498.1,238.3,77.2,190.5,2.52,Sugarcane,7.58,94
49.3,17.5,63.8,714.5,131.4,34.8,62.7,4.37,Wheat,4.58,303
88.0,28.5,90.2,1406.1,177.5,54.0,97.9,2.85,Rice,5.28,119
73.7,28.0,69.8,973.1,181.9,61.9,74.6,5.83,Rice,5.6,320
85.8,31.5,83.3,1405.0,214.7,46.5,109.8,2.6,Rice,5.46,427
57.5,23.9,51.0,893.6,109.7,43.7,55.7,5.47,Maize,5.83,824
82.3,26.5,72.7,1600.2,166.9,65.5,55.4,4.6,Rice,5.64,288
60.4,23.2,71.9,428.8,108.3,57.5,55.6,0.5,Wheat,4.73,462
55.8,23.4,65.7,756.6,37.9,60.8,51.2,2.2,Soybean,2.11,547
43.3,26.3,35.9,833.6,57.4,24.1,44.7,3.19,Jowar,1.69,643
59.0,22.3,64.4,720.9,109.2,43.0,51.0,4.15,Maize,5.1,485
38.3,24.1,63.3,974.9,67.8,54.5,33.8,3.29,Jowar,1.42,634
52.2,19.9,51.1,370.3,153.7,36.7,46.7,5.86,Wheat,4.55,708
85.2,28.1,70.8,1824.9,227.4,37.7,99.6,1.96,Rice,6.01,331
74.3,25.2,78.7,1173.4,36.4,55.4,76.5,1.06,Soybean,1.92,274
50.1,27.5,53.7,728.2,117.4,40.7,89.3,6.04,Cotton,2.94,838
88.5,26.7,80.1,1972.2,127.1,43.2,115.6,1.98,Rice,5.24,173
45.9,19.1,57.3,481.1,26.1,46.2,40.6,4.87,Chickpea,1.87,632
52.3,19.3,56.1,391.5,100.9,49.8,35.2,2.19,Wheat,4.12,473
53.3,31.9,49.9,396.3,144.7,43.3,57.7,1.34,Cotton,2.71,585
84.0,32.3,85.3,1445.2,147.3,62.2,61.7,1.83,Rice,4.32,303
60.0,18.4,59.6,720.6,94.2,17.3,62.4,2.76,Maize,4.0,505
46.0,29.5,54.4,699.2,113.8,38.5,63.2,4.95,Cotton,2.37,691
77.8,29.3,86.0,1994.0,140.9,67.4,64.4,2.73,Rice,5.61,242
54.1,29.5,72.3,1131.5,42.3,76.3,39.7,1.78,Soybean,2.46,201
62.6,27.7,60.5,803.4,149.0,49.9,38.5,2.29,Maize,4.57,191
60.2,26.5,55.4,257.9,147.9,60.8,62.7,2.46,Wheat,2.74,808
46.3,30.1,46.7,419.7,90.4,39.4,60.2,5.4,Cotton,2.35,606
61.0,25.9,68.2,964.8,127.8,39.4,71.6,4.28,Maize,6.29,697
62.6,23.7,78.7,1300.2,173.5,39.4,67.2,5.2,Maize,5.2,351
64.3,27.1,69.1,1589.0,162.2,64.7,83.1,2.19,Rice,4.98,265
61.8,20.8,59.0,1045.9,178.0,44.0,62.9,1.06,Maize,4.72,615
65.1,25.7,64.0,934.8,37.3,56.8,67.8,3.94,Soybean,2.54,462
63.3,27.3,79.4,508.9,52.7,69.3,51.8,5.27,Soybean,2.08,440
86.4,28.8,80.3,2500.0,250.0,75.4,117.4,3.36,Sugarcane,9.26,74
77.6,28.4,75.4,1731.8,223.8,77.3,133.4,2.88,Sugarcane,11.94,421
61.4,18.1,44.8,557.2,167.0,31.6,32.0,6.06,Wheat,4.42,864
41.5,32.0,60.6,450.3,74.3,38.7,48.2,5.99,Jowar,2.46,510
58.3,26.4,51.4,577.0,162.1,35.6,54.2,3.74,Maize,5.22,921
40.7,29.8,51.3,219.7,41.7,39.2,33.4,3.98,Bajra,2.0,599
76.7,26.4,70.4,831.8,134.5,42.1,78.1,3.13,Maize,4.27,506
48.0,15.2,49.5,425.6,27.7,47.2,37.5,1.36,Chickpea,1.67,423
75.7,30.6,96.5,1699.7,168.2,45.9,106.5,5.58,Rice,5.46,0
63.9,29.2,76.1,1087.5,60.7,72.5,44.1,2.37,Soybean,2.1,717
67.0,29.6,74.8,1655.2,162.8,60.8,115.9,1.16,Rice,5.31,556
60.7,22.6,79.5,950.1,45.0,47.6,56.1,3.79,Soybean,2.1,561
30.5,17.0,49.2,314.6,34.6,51.8,39.3,4.1,Chickpea,1.83,428
37.0,23.0,67.1,597.1,133.5,54.3,38.6,2.69,Wheat,4.42,558
78.6,24.7,79.9,2139.9,134.6,48.9,121.5,3.49,Rice,5.14,318
59.0,25.6,55.2,487.6,99.4,57.3,50.7,1.13,Maize,6.4,640
43.5,30.0,52.4,533.9,39.9,62.1,77.0,0.74,Groundnut,2.1,689
30.2,29.6,47.4,100.8,68.2,30.5,42.2,3.04,Bajra,1.83,584
75.0,26.4,66.3,1441.3,250.0,113.9,160.1,3.32,Sugarcane,9.29,397
58.5,26.5,63.9,1209.2,124.8,38.4,97.6,3.72,Cotton,1.96,293
47.9,26.2,58.0,379.7,41.2,42.5,53.7,1.96,Groundnut,2.15,566
79.6,30.7,85.1,2179.0,117.2,58.2,116.6,2.14,Rice,4.27,278
63.6,27.6,73.1,1031.8,173.2,48.5,44.8,3.36,Maize,5.34,300
31.8,22.2,54.1,82.1,33.8,52.7,24.0,4.88,Chickpea,1.43,641
76.4,27.9,46.0,1135.6,175.8,58.7,64.2,3.06,Maize,4.87,551
39.0,34.1,48.5,526.4,52.0,30.5,30.7,4.61,Jowar,2.11,674
59.7,31.0,58.5,429.4,35.4,45.0,71.2,0.78,Groundnut,1.93,753
76.8,22.6,78.7,1295.1,134.9,52.7,114.2,1.79,Rice,4.68,385
71.2,30.1,49.5,955.5,146.7,48.5,58.7,1.89,Maize,4.53,674
29.8,30.1,37.9,285.7,54.5,31.9,41.5,1.36,Bajra,2.02,544
36.2,16.7,56.6,110.3,30.8,53.8,40.6,2.8,Chickpea,1.32,606
66.3,30.4,74.5,1238.7,151.6,53.9,34.9,3.29,Maize,5.38,512
43.5,28.2,42.0,555.5,54.3,36.1,46.8,5.54,Bajra,1.82,580
81.7,32.3,82.5,1327.4,139.8,47.9,54.8,4.56,Rice,4.77,252
57.8,27.9,61.2,699.5,53.9,45.6,44.8,4.93,Soybean,2.46,405
68.3,31.3,56.9,902.8,51.0,55.7,46.0,6.79,Soybean,2.17,770
46.9,32.5,65.4,919.2,82.5,30.4,107.1,3.39,Cotton,2.39,424
68.6,24.5,71.8,892.7,42.0,62.5,35.3,1.48,Soybean,2.22,335
55.1,18.4,65.1,786.5,126.2,47.8,50.4,4.71,Wheat,4.65,609
56.7,27.1,58.0,651.9,133.0,44.2,53.3,3.18,Maize,5.17,756
52.5,20.1,55.7,383.2,179.7,53.3,56.0,2.92,Wheat,5.36,713
43.8,31.3,60.3,761.6,63.3,34.4,27.3,3.75,Jowar,1.91,706
70.2,23.2,80.1,1021.4,42.1,68.3,24.4,5.32,Soybean,2.14,403
60.7,28.4,61.0,880.6,27.3,77.4,51.5,0.5,Soybean,2.19,514
68.0,28.1,84.1,605.3,137.2,38.5,90.8,5.13,Rice,5.19,322
52.4,24.7,70.3,842.3,35.0,61.7,58.9,4.03,Soybean,2.49,387
49.0,24.3,65.8,764.4,29.2,39.9,60.0,1.41,Groundnut,1.82,418
37.3,31.7,59.2,509.8,49.8,25.6,33.1,2.42,Jowar,1.77,651
59.3,30.1,72.9,547.3,58.1,46.0,24.1,1.3,Soybean,2.11,465
75.7,27.6,88.1,1231.7,172.0,49.8,90.0,6.85,Rice,7.5,305
43.7,38.0,46.1,418.6,60.9,33.1,25.1,5.5,Bajra,1.73,794
34.3,21.2,51.4,616.8,35.6,25.4,22.5,6.49,Chickpea,1.34,631
40.7,27.6,58.4,475.6,59.9,30.2,43.8,2.75,Bajra,1.75,393
55.0,27.3,44.9,574.6,30.2,63.1,49.8,4.92,Soybean,2.18,568
61.6,27.1,78.3,1854.7,194.3,29.7,110.0,2.62,Rice,4.89,116
60.6,25.6,65.7,642.7,30.6,26.7,34.4,1.19,Chickpea,1.39,232
57.8,26.9,59.1,697.3,161.2,50.7,44.6,1.68,Maize,5.35,588
45.4,34.3,49.3,406.5,54.6,35.5,47.1,5.71,Jowar,2.16,494
44.5,20.0,50.1,249.5,26.4,46.3,21.6,0.5,Chickpea,1.97,493
61.9,28.2,52.8,732.6,45.8,62.8,32.2,1.92,Soybean,2.23,448
59.7,19.2,69.5,426.2,121.9,58.7,34.4,2.23,Wheat,4.54,660
62.3,28.9,66.3,653.5,49.1,54.5,60.6,2.5,Soybean,2.13,473
60.1,24.4,62.1,621.0,43.6,55.8,74.6,1.17,Soybean,2.01,712
66.9,27.4,56.4,932.7,122.9,46.8,77.4,0.77,Maize,5.2,549
27.3,35.7,33.7,227.6,45.0,31.5,46.1,3.11,Bajra,1.48,727
31.6,24.5,49.4,341.4,53.7,33.1,50.6,3.65,Jowar,1.82,773
59.4,15.1,50.8,384.1,138.1,51.3,56.4,5.63,Wheat,3.86,763
77.0,26.8,74.8,1442.0,168.6,108.5,144.8,2.18,Sugarcane,10.94,376
68.9,30.3,66.3,907.7,48.0,86.0,43.4,3.08,Soybean,1.86,328
73.1,28.6,79.4,1336.0,187.2,58.7,79.7,3.49,Rice,6.01,267
56.2,20.9,55.3,440.7,30.4,45.4,30.7,3.03,Chickpea,1.84,449
81.5,28.8,85.4,1294.6,200.4,64.4,103.7,1.92,Rice,5.64,262
44.3,18.2,39.8,366.5,37.7,43.5,38.6,4.59,Chickpea,1.95,761
50.1,27.5,55.4,1178.9,116.7,34.5,71.0,2.98,Cotton,2.52,768
67.3,23.2,59.1,337.6,150.2,54.2,47.8,1.58,Wheat,4.48,834
74.3,30.5,82.9,1713.2,155.7,47.5,96.2,3.97,Rice,5.5,380
70.3,24.1,67.6,472.1,137.1,39.7,35.3,0.91,Wheat,4.09,681
54.8,25.1,64.2,427.0,113.2,48.5,55.3,3.13,Wheat,4.36,601
55.4,28.1,74.3,788.6,38.7,73.5,63.3,2.63,Soybean,2.52,870
23.1,32.3,37.3,60.6,45.2,36.4,45.8,2.23,Bajra,1.74,1023
55.9,20.0,45.9,627.6,96.2,54.2,45.5,7.55,Wheat,4.69,1023
44.4,31.0,58.6,704.4,180.6,44.6,53.9,1.24,Maize,5.26,633
50.2,32.6,50.8,674.2,37.6,48.7,53.6,5.17,Groundnut,2.05,700
78.8,26.6,87.8,1726.3,186.1,37.8,87.6,2.42,Rice,5.71,407
44.7,29.7,74.7,719.2,146.0,39.4,67.9,3.15,Maize,4.84,476
63.6,25.8,76.0,1047.5,41.6,62.9,55.8,3.52,Soybean,2.25,444
78.2,27.9,51.7,1202.1,139.7,33.2,60.5,3.3,Maize,4.49,411
49.2,28.8,60.0,725.7,32.5,69.2,77.7,1.62,Groundnut,2.08,706
65.1,26.1,66.5,864.1,121.0,26.9,42.9,5.24,Maize,4.41,513
92.0,34.2,82.3,1053.3,94.6,58.0,97.0,1.1,Rice,3.66,475
80.0,31.0,82.8,1314.0,250.0,99.5,183.1,3.61,Sugarcane,10.45,283
54.4,19.0,60.4,517.9,142.2,53.0,40.5,4.58,Wheat,5.26,308
83.9,28.8,89.9,2158.5,191.1,49.1,93.0,3.74,Rice,4.81,274
74.5,28.3,79.8,1296.0,155.7,55.3,91.4,3.45,Rice,5.19,520
61.4,29.5,50.9,886.0,143.5,38.6,56.8,1.65,Maize,4.94,411
38.4,19.6,51.1,560.3,24.5,39.0,28.5,2.68,Chickpea,1.83,497
46.3,20.5,56.0,407.8,149.8,45.1,60.9,3.14,Wheat,4.47,583
65.2,23.7,78.8,1091.4,51.8,63.8,68.6,3.41,Soybean,1.5,332
53.0,33.4,68.1,931.4,37.0,64.6,61.8,3.1,Groundnut,1.42,207
54.6,22.6,64.8,745.2,133.1,50.5,40.4,4.13,Maize,5.7,792
60.1,19.3,54.1,80.6,129.1,42.4,40.2,2.02,Wheat,3.94,838
82.4,23.7,77.4,1289.4,173.7,46.8,82.0,3.08,Rice,5.27,261
69.5,25.8,82.3,913.8,146.5,73.8,92.0,2.51,Rice,4.68,85
83.8,26.3,74.7,1264.1,179.0,47.8,99.9,3.1,Rice,5.45,435
50.2,31.3,51.8,606.5,37.0,36.4,49.6,1.61,Groundnut,2.32,944
37.7,32.3,58.8,648.8,66.0,30.4,38.7,2.64,Jowar,1.99,707
62.5,19.3,65.0,418.1,120.2,57.2,46.7,3.59,Wheat,5.23,739
84.7,31.0,91.6,1691.2,196.2,39.0,72.9,4.93,Rice,5.01,80
46.7,28.7,63.3,438.8,34.9,66.5,64.9,0.5,Groundnut,2.36,606
45.7,19.0,51.6,549.5,126.2,55.3,46.8,0.64,Wheat,4.78,413
53.1,30.6,61.5,611.2,75.8,41.1,39.3,2.92,Jowar,2.01,869
49.0,15.6,57.8,470.6,151.1,66.0,34.1,5.08,Wheat,3.47,697
89.9,26.1,84.4,1682.5,233.5,56.6,97.6,0.98,Rice,4.69,0
68.0,25.3,58.5,716.2,141.1,43.9,53.5,4.99,Maize,5.47,286
43.7,24.9,45.0,618.5,95.8,41.7,91.9,2.1,Cotton,2.7,758
54.2,12.9,67.0,878.6,95.5,56.5,38.1,1.68,Wheat,3.67,507
47.9,24.9,62.0,118.0,130.2,38.5,55.9,4.3,Wheat,3.11,572
60.0,28.3,65.3,647.3,171.2,39.4,50.3,2.52,Maize,5.09,624
43.9,31.7,58.1,894.1,76.0,34.6,35.2,2.09,Jowar,1.79,864
81.7,30.3,78.3,2348.6,200.3,71.5,140.8,2.71,Sugarcane,11.64,297
53.4,26.2,74.0,1134.3,35.4,71.4,69.3,2.86,Soybean,2.04,120
71.6,22.4,67.2,656.8,136.1,62.1,40.4,3.53,Wheat,4.62,487
88.4,24.7,84.7,1385.1,213.6,60.9,102.6,3.42,Rice,5.67,93
88.4,30.7,77.2,1721.8,183.6,40.9,79.5,1.9,Rice,4.98,185
49.9,31.7,58.5,929.3,104.1,36.1,55.2,2.08,Cotton,2.84,596
71.0,23.7,85.7,1993.1,190.1,55.5,94.1,3.35,Rice,4.03,205
67.9,27.6,66.4,1303.6,108.4,40.1,65.0,2.15,Maize,4.6,271
39.5,34.3,36.2,243.3,53.8,24.8,52.1,5.85,Bajra,1.82,774
12.2,26.9,41.3,276.1,55.5,27.5,37.3,4.32,Bajra,1.33,618
49.6,14.9,44.4,246.9,169.8,40.9,56.5,5.2,Wheat,3.01,810
76.8,27.4,76.0,1792.5,135.3,35.8,97.5,4.82,Rice,6.52,271
64.7,29.3,62.1,1002.4,140.4,40.6,57.6,3.56,Maize,5.16,568
48.1,24.5,63.5,1114.0,46.1,50.8,46.7,3.61,Soybean,2.34,440
40.3,25.1,40.9,340.9,42.5,41.6,40.2,2.39,Jowar,1.84,856
77.9,30.6,82.4,1308.7,169.1,50.2,108.4,0.5,Rice,5.84,298
57.2,25.7,67.0,993.1,47.1,69.0,43.0,2.91,Soybean,2.35,468
72.7,24.7,65.7,1543.3,176.1,53.2,119.6,1.04,Rice,5.13,323
53.3,28.8,51.8,1207.2,71.4,27.6,73.1,0.89,Cotton,2.25,583
59.4,24.9,69.1,993.7,56.6,56.7,50.2,2.75,Soybean,2.31,178
68.3,24.7,68.5,827.9,53.9,52.6,72.8,2.09,Soybean,2.46,892
56.5,16.7,69.9,872.1,105.7,39.7,41.3,4.43,Wheat,3.43,357
56.5,25.2,45.7,569.2,124.8,57.4,49.0,4.71,Maize,5.54,699
51.2,11.0,54.1,731.7,29.0,55.3,37.9,2.96,Chickpea,0.94,529
35.7,27.5,44.2,436.8,72.5,26.6,40.8,1.45,Jowar,2.51,632
62.4,24.2,70.1,1444.3,185.2,43.1,62.1,3.47,Maize,4.12,452
50.4,18.1,67.0,259.9,122.7,42.2,49.7,0.98,Wheat,4.64,483
42.3,27.6,54.9,456.4,63.4,27.1,43.3,3.1,Jowar,2.04,564
66.0,22.5,64.0,1052.8,137.2,36.9,58.8,0.65,Maize,4.69,271
53.4,26.7,64.7,747.3,34.0,46.4,47.6,4.3,Groundnut,2.11,375
38.8,26.6,54.2,625.8,108.4,56.4,90.5,3.72,Cotton,2.52,433
82.6,22.0,80.6,2410.2,193.7,66.7,113.9,2.08,Rice,3.25,499
45.8,28.3,49.8,603.2,74.8,27.2,30.7,2.41,Jowar,2.31,443
69.8,28.0,70.1,897.3,164.0,51.7,96.5,1.68,Rice,5.58,291
38.6,27.6,57.7,687.1,33.2,71.5,85.8,4.81,Groundnut,2.3,610
59.4,28.0,53.4,895.1,115.5,47.0,64.8,4.07,Maize,5.48,809
55.0,26.1,86.8,839.5,102.7,60.6,43.9,3.07,Maize,6.43,77
57.8,27.4,62.3,917.5,53.7,45.9,54.4,2.82,Soybean,2.62,275
51.7,27.9,72.9,529.5,46.3,60.6,73.8,1.46,Soybean,2.36,501
75.6,20.4,87.4,2241.9,203.9,57.4,89.5,2.98,Rice,4.23,251
61.4,26.6,73.8,601.2,59.3,64.7,41.9,3.64,Soybean,2.37,246
61.7,21.5,58.9,882.0,137.1,56.3,50.2,4.77,Wheat,4.93,267
53.1,27.7,52.2,598.2,28.1,46.0,75.5,2.71,Groundnut,2.17,483
40.1,31.9,59.2,433.2,49.8,23.1,50.8,4.53,Bajra,1.82,716
65.3,26.2,70.0,945.4,35.4,51.0,63.9,0.57,Soybean,2.61,444
81.3,29.1,75.7,1509.2,174.1,63.8,107.7,5.71,Rice,6.87,456
70.6,25.6,82.5,1504.5,168.7,68.3,85.1,4.63,Rice,6.02,279
52.4,20.0,47.4,238.7,111.9,48.0,60.6,3.0,Wheat,4.42,702
62.0,12.8,58.0,622.5,128.6,38.9,28.8,5.22,Wheat,3.89,681
38.2,29.2,63.9,947.1,98.0,53.6,73.7,1.1,Cotton,3.05,480
41.0,29.7,48.0,665.6,96.9,57.8,72.3,2.77,Cotton,3.13,691
78.7,27.9,72.3,2274.8,250.0,61.2,185.8,2.96,Sugarcane,9.15,139
52.3,33.8,63.1,386.8,34.4,45.8,38.7,0.5,Groundnut,1.65,483
62.8,19.2,74.9,770.4,163.6,54.4,49.5,7.22,Wheat,4.73,508
64.6,22.1,60.9,807.5,27.3,61.4,49.6,5.12,Groundnut,1.46,502
89.5,27.1,81.3,2304.6,143.6,71.4,81.8,4.45,Rice,5.17,109
62.4,23.8,61.6,862.7,146.9,37.0,67.2,2.99,Maize,6.29,629
85.2,19.5,63.8,588.2,161.9,34.3,41.5,4.8,Wheat,4.59,629
89.2,28.6,88.8,1865.1,124.9,57.5,116.2,3.49,Rice,4.73,222
57.7,15.3,51.9,643.6,128.8,45.0,50.3,2.42,Wheat,3.91,511
40.2,26.2,49.5,803.6,53.7,32.3,42.2,3.93,Bajra,1.39,766
71.3,25.0,64.5,0.0,163.0,59.5,103.8,3.07,Rice,3.99,1000
39.5,26.5,30.3,151.0,69.0,46.7,36.8,5.54,Jowar,1.78,688
54.2,19.2,77.4,671.0,104.1,45.6,52.5,4.83,Wheat,4.56,189
65.7,32.5,59.1,713.9,98.4,35.0,66.1,2.17,Maize,5.05,444
77.1,28.7,89.8,1568.7,231.0,51.8,102.9,5.54,Rice,5.55,99
45.5,25.3,52.7,595.9,137.1,53.8,45.4,4.98,Maize,4.36,432
63.7,22.1,83.1,1259.6,122.5,55.5,51.3,6.03,Maize,4.19,134
34.6,35.5,46.3,717.2,126.1,49.2,84.3,3.72,Cotton,2.56,791
92.0,27.0,79.4,1519.1,159.0,43.6,85.4,3.93,Rice,5.99,447
43.7,27.4,37.0,362.6,64.9,29.5,38.2,6.83,Jowar,2.17,989
43.2,33.0,46.4,489.6,78.0,18.8,37.4,5.82,Bajra,2.01,801
53.8,19.8,57.1,732.6,158.6,49.0,44.9,3.04,Wheat,4.43,504
77.6,27.7,82.1,1921.6,189.5,60.6,85.0,4.13,Rice,5.54,423
38.4,33.0,61.7,560.9,78.3,61.1,55.5,3.91,Maize,3.57,469
29.7,27.3,46.7,370.9,52.8,37.4,42.1,1.11,Jowar,1.94,642
59.1,31.2,71.7,1470.0,177.3,47.6,84.2,2.89,Cotton,2.05,191
28.4,30.9,49.6,235.1,91.0,43.6,95.7,0.73,Cotton,2.23,882
61.6,30.1,68.3,612.6,135.9,56.4,63.3,1.07,Maize,4.38,662
46.7,21.2,66.8,329.1,29.2,46.4,42.0,3.53,Chickpea,1.64,481
42.5,32.1,55.3,440.0,87.2,33.6,35.3,3.39,Jowar,2.23,579
37.5,19.3,54.5,770.3,66.0,35.3,38.5,0.5,Jowar,1.51,598
56.5,26.1,65.0,793.7,114.3,46.5,61.4,3.28,Maize,5.88,539
77.9,24.0,71.6,1558.4,198.8,71.1,188.8,3.97,Sugarcane,7.96,494
74.9,21.7,82.0,1411.2,149.5,60.7,97.2,1.82,Rice,5.28,318
58.6,22.5,48.8,573.6,20.0,37.9,34.7,4.31,Chickpea,1.51,720
43.7,25.3,65.5,863.5,93.3,44.7,85.8,4.26,Cotton,2.14,263
80.7,22.7,78.6,1241.8,176.7,74.7,91.1,4.98,Rice,5.62,303
65.3,22.5,47.4,465.0,115.6,46.1,46.9,1.97,Wheat,5.17,403
51.2,19.0,64.9,457.0,28.0,45.9,36.0,4.13,Chickpea,1.51,828
75.9,25.6,87.0,1169.2,154.3,57.0,97.1,2.15,Rice,4.56,516
60.3,25.4,54.3,500.2,119.7,74.6,43.9,1.91,Wheat,3.86,738
44.6,19.8,50.1,492.3,158.3,58.8,42.6,6.7,Wheat,4.32,830
58.4,27.2,68.2,694.9,116.7,34.5,63.6,3.52,Maize,5.46,806
44.5,19.7,56.7,447.7,41.8,41.5,29.9,2.16,Chickpea,2.08,761
40.3,24.4,49.7,535.1,43.5,36.0,45.0,2.34,Jowar,1.97,409
54.7,30.1,62.1,267.4,25.7,51.2,84.9,4.85,Groundnut,1.7,564
45.5,25.3,56.8,469.2,35.6,61.0,37.1,3.18,Chickpea,1.61,247
39.2,16.7,46.9,412.0,20.0,39.2,35.3,5.89,Chickpea,1.97,563
56.0,21.9,52.7,212.7,118.6,42.1,58.0,2.3,Wheat,4.74,479
81.3,27.2,74.7,666.3,145.9,70.0,98.0,3.12,Rice,5.18,447
40.6,30.8,43.0,904.0,99.2,45.3,100.5,4.41,Cotton,2.98,721
30.9,17.3,46.9,293.9,25.1,35.0,40.4,2.74,Chickpea,1.49,558
62.2,28.7,69.9,812.6,45.5,42.9,60.8,4.97,Soybean,2.73,423
47.9,28.3,55.7,570.8,32.4,43.3,61.5,3.44,Groundnut,2.22,650
33.3,25.6,61.6,383.4,49.4,31.0,34.7,3.0,Jowar,1.95,561
38.6,20.6,54.8,400.3,30.9,35.4,29.0,4.08,Chickpea,1.89,607
25.5,31.1,32.7,549.3,47.8,25.6,40.1,3.14,Bajra,1.71,392
85.3,27.1,73.5,1568.6,183.0,43.7,104.4,4.82,Rice,6.4,279
65.3,25.7,83.3,1706.5,154.0,74.4,109.4,2.77,Rice,5.11,390
40.6,29.0,66.3,275.9,31.8,24.0,43.2,2.72,Bajra,1.88,602
73.8,29.8,71.9,1807.7,207.6,55.2,81.1,2.42,Rice,5.79,101
32.0,28.7,44.2,333.5,52.9,23.0,45.6,2.24,Bajra,1.6,673
45.6,21.8,39.4,665.4,116.8,57.2,26.8,3.98,Wheat,5.53,753
86.0,27.0,79.2,1504.4,200.4,77.1,174.5,3.56,Sugarcane,10.0,163
38.3,32.2,40.6,179.7,56.0,34.6,32.8,6.54,Jowar,1.83,858
75.8,28.4,65.3,1014.7,151.6,52.4,73.4,3.77,Rice,5.9,352
73.9,24.2,83.9,1344.2,192.9,57.4,99.3,2.32,Rice,6.1,249
43.2,29.9,59.0,482.9,98.4,41.6,69.8,0.5,Cotton,2.66,575
56.7,30.2,75.0,238.0,44.6,66.8,40.0,2.4,Soybean,1.72,844
83.4,29.4,78.8,1641.8,174.5,59.6,113.1,1.42,Rice,5.54,252
43.2,27.0,64.8,607.2,28.8,62.1,68.3,4.13,Groundnut,2.01,443
37.5,30.6,67.5,882.9,40.6,62.9,58.5,2.01,Groundnut,2.05,586
87.4,27.8,76.1,1002.7,158.8,43.6,93.2,5.77,Rice,4.59,321
92.0,29.8,69.9,1072.2,187.0,54.7,133.7,0.5,Rice,5.82,463
86.2,31.3,77.5,2202.8,240.1,99.5,258.7,6.43,Sugarcane,10.22,0
44.0,18.7,73.2,390.8,26.4,35.7,33.7,3.31,Chickpea,1.95,540
61.2,27.5,78.2,903.8,158.1,62.6,98.2,2.98,Rice,4.97,388
66.5,29.8,80.7,960.3,172.0,53.2,86.1,5.15,Rice,5.43,166
48.9,19.5,43.8,565.7,145.5,49.4,41.2,2.77,Wheat,4.4,903
56.2,24.5,57.7,553.1,24.0,38.6,49.0,1.47,Chickpea,1.1,556
52.7,25.4,64.4,511.5,69.8,82.7,62.7,2.95,Soybean,1.87,516
42.2,36.3,49.6,163.2,52.0,30.6,62.9,7.19,Bajra,1.42,494
58.1,17.4,55.5,524.0,93.6,37.6,49.8,5.83,Wheat,4.75,361
88.1,27.6,58.7,1997.8,197.5,55.0,115.9,0.62,Sugarcane,9.28,315
79.7,24.4,90.7,1946.1,159.1,55.3,96.6,1.02,Rice,5.19,0
61.4,27.3,75.5,911.4,135.6,57.7,43.4,4.89,Maize,5.95,486
43.4,28.2,40.6,318.9,63.3,26.5,39.9,1.57,Bajra,1.82,874
36.4,33.2,43.3,951.8,113.1,46.0,84.9,3.74,Cotton,2.74,553
46.0,30.2,58.6,1018.7,112.9,49.6,55.5,3.18,Cotton,2.71,278
61.1,24.2,64.3,789.6,94.6,54.1,46.7,1.19,Wheat,3.97,451
37.1,25.4,68.5,1423.3,104.6,39.8,53.6,3.02,Cotton,1.43,235
40.1,15.5,44.0,432.6,34.8,40.6,44.4,3.65,Chickpea,1.42,731
59.5,23.8,53.5,462.2,33.7,57.0,62.6,3.7,Groundnut,1.71,663
65.1,27.7,72.6,838.6,60.9,67.8,63.2,3.18,Soybean,2.59,375
47.8,28.8,55.7,665.9,33.3,75.2,52.8,3.65,Groundnut,2.4,606
48.6,26.3,56.7,755.6,121.8,31.4,47.4,2.02,Wheat,3.53,737
39.5,33.8,57.9,424.5,71.9,37.8,25.9,3.8,Jowar,2.38,871
45.4,18.6,48.2,520.2,25.2,31.4,34.0,4.94,Chickpea,1.79,586
61.7,18.7,49.8,165.2,29.7,38.6,33.6,2.07,Chickpea,1.35,807
50.3,24.4,64.0,604.6,98.2,34.6,75.9,1.8,Cotton,1.95,501
62.9,23.8,64.6,467.3,132.4,54.6,41.8,5.53,Wheat,4.83,387
38.7,29.4,52.0,656.1,59.9,37.6,47.6,4.53,Jowar,2.3,822
49.3,27.5,55.3,872.4,41.7,55.8,58.0,0.5,Soybean,1.96,632
63.4,19.8,61.8,796.7,155.9,45.3,65.5,3.14,Maize,5.43,552
77.6,27.0,82.0,1155.2,226.4,89.2,136.0,3.48,Sugarcane,9.72,388
71.2,27.6,86.9,2112.2,149.2,81.9,92.5,4.93,Rice,4.53,183
76.7,26.3,79.1,527.1,44.2,53.2,61.7,2.24,Soybean,1.87,267
57.1,16.8,57.0,694.7,21.7,37.0,36.8,1.47,Chickpea,1.35,856
43.3,31.4,56.3,408.7,90.8,47.8,57.0,3.71,Cotton,2.58,760
53.7,14.3,76.0,668.8,158.5,40.3,49.7,5.57,Wheat,3.41,477
81.8,32.1,77.1,1679.4,214.8,70.4,197.0,2.83,Sugarcane,9.93,458
85.7,30.8,77.6,1535.0,197.1,64.6,79.4,5.07,Rice,5.37,520
75.4,18.2,72.9,1115.9,156.0,37.9,61.8,2.05,Maize,4.27,373
72.7,27.8,79.9,1443.9,118.9,53.0,62.9,3.98,Rice,6.31,406
71.0,28.7,75.6,1212.6,185.9,62.6,99.1,0.91,Rice,5.62,322
54.2,31.5,33.5,679.5,123.0,46.6,68.4,1.46,Cotton,2.35,846
41.6,21.1,36.5,91.0,139.4,46.4,40.5,3.5,Wheat,3.41,745
91.8,26.8,82.1,1592.9,101.5,61.5,69.7,4.4,Rice,5.17,662
66.9,22.2,66.8,1265.1,95.2,48.5,68.9,4.98,Maize,4.96,376
58.8,21.3,59.9,467.0,51.2,54.6,48.0,4.73,Soybean,1.66,666
36.9,31.6,40.9,707.4,71.2,37.4,29.2,3.29,Bajra,1.64,767
78.2,26.2,82.8,2152.9,108.8,56.2,79.8,2.84,Rice,5.83,175
45.7,31.7,48.7,454.0,64.2,49.8,86.7,3.74,Cotton,2.39,816
28.9,28.4,38.7,379.3,53.6,31.5,47.7,3.69,Jowar,2.38,731
49.7,25.9,45.6,433.6,129.2,37.4,56.2,4.61,Wheat,3.81,630
87.6,30.5,73.0,1318.3,250.0,94.0,273.0,1.75,Sugarcane,9.13,379
52.9,17.9,58.6,288.2,147.7,52.1,45.6,3.14,Wheat,4.41,502
39.4,28.4,50.1,838.0,78.7,30.8,61.1,2.83,Cotton,2.9,800
81.9,23.3,79.1,743.7,184.8,54.1,97.6,3.86,Rice,4.61,500
42.6,29.8,65.1,696.7,80.1,36.1,39.4,6.74,Bajra,1.54,669
43.7,32.2,44.3,272.8,66.8,39.3,40.3,2.64,Bajra,1.99,511
66.9,31.5,74.8,1396.7,213.9,57.4,201.9,2.56,Sugarcane,8.81,398
67.5,28.9,71.2,1006.4,165.3,66.7,109.7,2.51,Rice,5.61,311
43.8,24.9,44.1,438.3,69.1,32.3,33.1,4.72,Jowar,2.01,717
75.2,28.8,79.4,1037.1,115.8,48.7,87.8,3.07,Rice,5.74,563
48.2,15.7,49.0,231.5,20.0,49.6,39.7,4.65,Chickpea,1.18,733
58.8,28.0,61.8,855.2,41.5,46.3,47.0,3.13,Soybean,2.06,495
51.5,29.1,44.2,799.4,79.1,29.7,40.1,2.8,Jowar,1.77,836
70.1,26.7,71.8,1974.7,164.0,41.1,51.6,6.51,Rice,4.88,468
56.1,27.5,71.7,793.5,31.1,49.1,44.4,3.97,Soybean,2.48,740
70.8,32.1,53.2,808.1,35.1,37.3,92.6,2.03,Groundnut,1.66,307
88.1,30.8,72.6,1699.2,213.5,89.3,135.4,4.02,Sugarcane,10.62,388
68.9,21.8,88.7,1236.2,177.8,51.1,118.4,3.93,Rice,4.16,215
51.5,15.8,45.3,575.2,40.7,46.1,31.7,8.23,Chickpea,1.38,545
76.2,30.7,80.4,1073.2,157.8,56.7,83.0,4.91,Rice,5.11,372
49.2,27.2,56.6,267.9,73.3,29.0,43.7,5.97,Jowar,1.64,455
83.3,28.8,71.4,1371.6,175.6,70.8,93.5,1.03,Rice,5.91,38
51.9,29.3,64.4,942.3,36.0,66.9,42.9,3.06,Groundnut,2.28,351
75.5,26.8,67.1,933.4,57.6,50.0,48.8,3.59,Soybean,2.16,431
57.5,24.4,56.9,947.2,145.4,47.6,65.3,4.76,Maize,5.09,839
50.3,16.4,50.6,627.3,143.9,51.7,62.2,5.36,Wheat,4.95,525
34.4,28.9,38.6,303.8,62.1,28.3,24.1,0.62,Bajra,2.13,571
58.0,26.6,61.1,1355.8,50.8,58.6,64.8,3.5,Soybean,1.92,158
69.9,27.8,95.8,1755.8,173.7,61.7,102.6,4.9,Rice,5.63,138
49.3,26.1,54.7,583.1,31.3,64.1,83.3,4.39,Groundnut,2.15,574
49.4,14.0,73.4,765.8,146.4,44.0,64.6,3.74,Wheat,3.37,467
54.4,26.6,52.4,346.7,127.8,42.0,52.3,1.6,Wheat,3.56,432
91.3,34.5,86.4,1428.4,151.3,47.2,80.7,1.08,Rice,4.07,157
63.6,23.0,74.7,1289.9,41.3,66.7,80.7,2.13,Soybean,1.83,18
43.7,33.7,42.3,702.4,46.9,32.0,39.2,3.17,Jowar,1.83,713
58.1,24.0,49.7,594.3,164.6,50.6,58.6,3.09,Maize,5.11,404
48.8,31.2,54.8,599.9,57.0,26.7,46.5,3.79,Jowar,1.83,183
59.2,18.8,62.2,829.2,103.6,49.1,38.8,2.57,Wheat,3.41,703
42.0,28.9,65.9,702.0,37.3,55.8,76.2,2.95,Groundnut,2.47,588
51.8,29.5,68.0,962.8,37.0,21.7,80.2,3.02,Groundnut,1.95,515
44.5,35.1,31.6,666.5,60.4,27.2,41.7,5.45,Bajra,1.4,813
37.2,26.1,32.4,438.6,52.7,39.6,39.8,1.96,Jowar,2.31,615
49.2,26.5,69.2,88.8,34.6,64.8,73.6,2.09,Groundnut,2.19,729
55.9,27.3,65.2,912.1,34.2,36.9,74.1,1.31,Groundnut,2.04,326
69.0,18.8,52.9,620.9,145.2,53.2,42.5,3.45,Wheat,4.6,917
38.4,32.6,58.8,490.8,52.7,31.8,36.5,3.32,Bajra,1.88,627
54.4,23.0,59.2,509.7,113.2,35.2,40.9,3.75,Maize,4.29,301
62.6,25.3,64.8,885.9,141.0,47.4,65.8,0.72,Maize,6.21,630
45.0,21.2,47.1,235.9,23.2,45.8,42.0,2.21,Chickpea,1.64,1012
63.9,20.4,74.9,847.4,158.4,50.6,37.1,1.8,Wheat,4.14,383
39.4,19.2,45.9,569.4,26.3,57.4,50.1,0.73,Chickpea,1.86,842
75.1,25.8,78.3,1299.5,177.7,41.2,91.2,4.56,Rice,5.45,310
60.4,31.1,55.0,477.6,35.5,53.5,88.4,3.59,Groundnut,2.03,525
41.7,30.0,44.2,192.9,77.5,28.6,45.1,2.75,Bajra,1.76,329
32.3,16.7,45.9,158.1,20.0,43.8,36.5,2.92,Chickpea,1.45,914
52.5,17.4,82.1,921.9,131.6,32.9,52.1,3.68,Wheat,4.44,291
81.3,29.2,80.1,2447.6,219.2,60.8,85.1,2.73,Rice,4.76,274
53.6,32.2,57.9,874.3,131.7,47.8,59.5,4.81,Maize,4.37,375
61.5,28.1,52.5,981.1,70.4,54.9,50.1,5.18,Soybean,2.61,438
68.1,24.2,69.2,1490.4,48.6,66.4,61.3,2.22,Soybean,1.75,559
65.9,25.0,57.7,448.9,120.4,69.6,40.7,3.94,Wheat,3.51,546
84.4,29.4,76.9,792.4,155.7,40.8,75.3,0.73,Rice,4.79,352
33.6,22.9,47.1,602.5,67.1,33.3,37.3,4.68,Bajra,1.18,470
44.3,31.3,63.7,406.5,120.7,44.5,69.2,3.7,Cotton,2.71,598
34.7,31.3,47.6,486.3,71.4,22.9,40.1,1.81,Bajra,2.11,796
43.0,28.7,53.6,1004.4,119.7,31.3,90.4,4.98,Cotton,2.51,497
78.1,29.1,85.8,1512.3,141.5,61.2,72.8,2.72,Rice,6.24,241
82.7,32.5,84.7,1322.2,177.2,24.2,74.6,2.34,Rice,5.14,108
78.0,26.2,79.8,1559.9,231.5,50.3,105.1,6.35,Rice,6.0,521
37.9,20.6,54.3,427.4,32.1,37.0,24.9,1.35,Chickpea,1.7,538
48.9,19.7,52.9,411.7,170.8,41.7,22.3,4.12,Wheat,4.37,622
58.6,25.6,65.6,1380.6,51.8,72.1,63.5,0.5,Soybean,1.87,688
72.4,25.5,92.2,1412.8,155.0,50.8,86.7,2.19,Rice,5.24,207
61.0,24.4,72.1,1044.4,127.5,60.9,104.0,3.08,Rice,4.21,178
73.6,22.7,81.6,899.3,126.0,53.3,83.1,3.67,Rice,4.43,223
49.6,35.2,48.1,1155.4,108.9,18.2,56.9,4.27,Cotton,2.19,536
49.2,20.3,51.5,459.7,22.8,29.2,40.8,1.78,Chickpea,1.8,927
48.9,19.7,54.1,50.9,99.2,37.5,36.7,1.96,Wheat,3.15,714
55.5,32.7,54.1,621.7,125.8,39.0,37.9,3.92,Cotton,2.53,577
80.5,29.5,78.0,1315.7,178.9,60.0,77.7,0.6,Rice,6.05,473
55.5,22.4,60.5,251.6,23.4,49.6,32.1,1.71,Chickpea,1.67,812
67.5,21.8,70.3,1402.3,153.8,75.3,88.1,2.23,Rice,4.79,272
42.4,29.2,60.9,683.6,105.4,23.5,77.0,3.29,Cotton,2.45,776
52.8,33.6,57.7,891.3,128.2,31.4,73.3,4.6,Cotton,2.16,685
58.3,16.5,57.6,681.2,67.1,42.7,46.7,1.7,Wheat,3.64,648
89.3,25.2,86.9,1485.7,200.6,72.0,99.1,3.33,Rice,5.4,0
53.3,23.7,55.7,784.0,46.7,67.0,36.6,3.03,Soybean,2.17,611
45.1,15.5,71.0,419.8,21.8,51.6,38.1,2.98,Chickpea,1.96,725
44.0,34.0,51.5,554.1,46.1,20.9,42.0,1.22,Jowar,1.8,598
84.6,28.3,75.4,2171.1,211.3,103.6,118.8,1.94,Sugarcane,11.47,629
70.7,23.6,68.6,894.6,135.2,79.9,82.5,3.65,Rice,4.92,478
55.5,26.9,71.2,635.4,39.3,50.5,45.2,1.79,Soybean,2.78,320
78.3,27.8,79.4,1906.1,151.4,51.9,84.4,3.53,Rice,5.11,364
74.5,32.4,80.0,1686.7,172.8,72.3,102.8,6.57,Rice,6.44,336
53.3,15.6,55.7,774.1,130.8,57.5,41.2,4.26,Wheat,3.86,712
76.2,25.1,75.3,1095.9,131.6,35.7,72.3,5.13,Rice,5.68,356
50.1,29.9,66.8,313.0,35.7,55.4,59.2,0.5,Groundnut,1.9,758
86.0,26.9,74.3,1208.0,207.8,76.5,200.6,4.17,Sugarcane,9.65,298
57.9,31.2,54.3,438.7,123.8,54.7,73.6,5.54,Maize,3.83,655
65.3,18.4,42.8,460.2,144.4,48.2,65.6,3.29,Wheat,4.51,517
72.8,28.5,81.7,1300.7,173.6,45.9,93.3,0.52,Rice,5.34,196
50.5,19.9,47.4,397.3,20.0,50.6,26.8,1.45,Chickpea,1.93,720
85.4,24.1,79.1,1763.5,173.8,49.3,102.3,1.33,Rice,5.05,186
55.0,17.3,62.9,506.9,28.2,55.2,27.5,5.21,Chickpea,1.54,490
54.4,26.5,52.3,714.3,102.8,36.0,50.2,2.44,Cotton,3.06,584
46.5,18.9,61.2,533.6,20.0,40.6,37.0,3.19,Chickpea,1.62,610
35.9,30.8,39.6,352.0,41.8,28.3,41.4,1.76,Bajra,1.82,864
45.0,32.3,61.3,575.3,65.5,29.9,35.8,4.71,Jowar,2.09,685
79.0,28.9,84.4,1393.9,168.1,50.8,97.2,3.24,Rice,7.53,453
49.7,18.5,59.9,438.7,41.0,53.7,28.7,4.5,Chickpea,1.87,625
45.1,22.3,64.5,939.9,43.8,58.8,56.5,2.31,Soybean,1.95,408
66.3,28.1,80.8,744.9,150.0,45.1,56.9,4.51,Maize,4.72,145
39.1,29.8,52.9,767.2,67.0,37.3,37.7,2.35,Jowar,1.82,551
61.8,19.1,63.6,572.0,125.7,49.1,51.6,3.27,Wheat,4.73,423
50.3,27.6,47.4,686.1,130.9,45.9,89.1,2.65,Cotton,2.85,371
78.4,27.2,65.1,1870.8,229.1,93.9,213.3,1.68,Sugarcane,10.1,631
67.5,26.1,54.3,702.5,76.3,40.4,51.2,4.12,Maize,5.2,315
50.7,28.1,43.4,390.6,44.3,31.3,50.7,4.52,Bajra,1.6,772
41.6,31.8,67.2,1243.3,88.8,40.8,86.2,5.86,Cotton,2.53,521
53.9,26.3,67.7,676.8,45.9,58.3,54.1,1.07,Soybean,2.39,465
71.0,24.5,63.6,671.8,98.4,45.1,43.7,3.84,Maize,5.86,940
60.8,24.7,66.6,1202.7,173.8,49.3,46.3,3.06,Maize,5.74,447
76.8,29.8,86.3,1553.8,170.6,53.8,105.4,2.28,Rice,5.28,146
75.1,26.3,82.1,1507.8,174.0,57.0,58.4,5.15,Rice,6.35,573
63.0,26.0,77.4,1279.9,152.4,64.5,59.3,1.98,Rice,5.12,229
70.5,35.0,77.1,1641.5,167.6,74.7,88.5,2.16,Rice,4.79,90
77.3,28.7,78.1,2053.8,168.6,98.1,148.9,2.97,Sugarcane,10.16,108
68.9,25.7,74.4,2223.0,244.8,91.3,244.4,4.57,Sugarcane,9.99,171
47.6,24.9,57.6,936.4,35.8,57.3,73.9,3.95,Groundnut,1.98,555
81.1,28.2,78.6,1707.7,195.2,59.7,103.0,4.53,Rice,5.93,351
92.0,34.1,82.5,1845.9,211.0,65.5,96.8,2.53,Rice,4.68,21
62.6,28.5,65.3,1110.8,47.7,66.5,52.1,3.48,Soybean,2.2,521
50.9,19.7,53.1,250.2,114.0,41.2,48.2,3.42,Wheat,4.6,1016
56.2,27.4,58.1,769.2,51.6,73.0,42.4,3.24,Soybean,2.21,453
71.6,29.2,71.0,1697.4,250.0,97.9,180.8,1.97,Sugarcane,10.23,331
55.7,24.3,49.5,477.6,123.8,50.9,52.4,5.15,Wheat,4.57,774
56.3,22.6,56.3,455.7,101.1,49.8,57.5,5.25,Wheat,5.12,807
51.1,33.9,66.1,1177.1,44.2,48.1,46.3,4.28,Soybean,1.72,346
46.8,16.9,49.5,443.6,33.8,48.8,28.0,2.52,Chickpea,1.76,518
85.8,26.2,67.2,2469.8,178.1,95.5,154.1,4.9,Sugarcane,9.04,133
61.2,23.4,50.9,717.9,127.1,50.0,51.9,3.52,Maize,5.6,799
56.2,19.7,55.3,358.0,132.5,33.6,47.5,6.29,Wheat,5.05,779
49.2,22.0,60.4,498.9,122.7,35.8,46.8,4.08,Wheat,4.46,241
75.6,20.2,62.2,962.0,122.2,29.7,59.5,3.48,Maize,4.14,173
42.3,25.7,49.0,504.0,34.6,67.6,69.4,1.23,Groundnut,2.01,471
53.6,23.7,66.6,1162.8,42.8,78.7,57.8,1.44,Soybean,2.23,213
40.8,27.6,56.4,474.9,69.0,36.1,46.0,3.79,Jowar,2.29,679
55.2,31.3,62.5,372.6,64.5,40.1,35.3,5.71,Jowar,1.87,616
72.8,29.4,75.9,1692.3,221.8,79.1,222.7,5.09,Sugarcane,10.03,626
72.8,29.3,79.7,1230.3,44.6,60.2,51.0,3.84,Soybean,1.76,469
88.8,28.3,86.5,880.0,164.6,72.4,111.6,3.04,Rice,4.64,355
58.7,24.4,52.3,758.9,125.6,42.0,37.4,1.24,Maize,4.86,797
46.2,28.9,47.4,612.2,97.1,45.2,63.5,2.14,Cotton,3.1,524
43.9,27.4,56.3,409.2,50.1,19.5,31.1,5.3,Jowar,2.03,404
46.0,19.4,56.9,486.0,20.0,38.6,36.1,4.53,Chickpea,1.85,615
60.7,22.6,68.3,1060.0,104.7,49.4,52.7,1.84,Maize,4.36,597
42.5,32.4,68.3,635.3,41.8,55.0,43.6,2.74,Groundnut,2.02,248
42.8,18.7,36.0,128.3,31.9,31.5,37.2,5.68,Chickpea,1.55,928
62.9,31.4,65.4,670.9,117.8,42.0,61.5,2.85,Cotton,3.03,656
47.8,25.1,65.1,550.3,34.5,75.6,58.9,3.88,Groundnut,1.68,460
45.3,31.5,48.9,568.5,54.9,44.2,33.6,4.54,Jowar,2.15,685
59.8,18.6,69.1,311.3,92.6,63.4,42.3,3.52,Wheat,3.91,495
45.0,25.0,57.7,785.3,36.9,52.8,66.6,2.22,Groundnut,2.39,579
41.6,20.9,49.1,239.3,35.0,35.1,20.3,4.3,Chickpea,1.66,822
66.8,19.9,41.8,582.6,151.2,33.0,42.8,2.79,Wheat,4.51,580
40.7,18.8,41.7,503.5,30.6,52.4,36.8,1.95,Chickpea,1.44,879
81.8,23.2,71.7,1394.3,142.0,47.8,36.5,2.39,Maize,4.28,519
67.5,25.4,84.7,1965.1,130.0,63.2,126.0,2.58,Rice,5.5,379
69.4,28.0,83.5,1045.4,122.1,47.5,101.6,4.14,Rice,5.86,28
40.4,23.9,66.3,572.2,70.8,36.4,40.4,3.7,Jowar,1.86,234
43.3,23.5,68.3,1005.6,41.7,74.6,69.7,3.68,Groundnut,1.94,565
80.1,26.5,91.1,1914.0,208.3,56.2,88.2,1.33,Rice,5.46,114
48.8,33.9,61.1,542.8,42.0,65.1,81.1,4.02,Groundnut,2.07,462
47.9,21.7,51.3,384.7,20.7,44.9,36.6,4.41,Chickpea,1.84,543
65.5,26.7,82.7,957.8,143.7,46.6,51.2,4.5,Maize,5.6,143
70.5,21.5,88.8,1533.9,131.0,31.9,58.5,3.42,Maize,3.54,208
58.3,17.4,79.8,1112.5,114.0,48.6,45.0,3.49,Wheat,3.76,243
70.8,28.9,65.7,1095.6,127.1,54.6,39.6,4.97,Maize,5.48,361
58.1,16.4,53.5,289.7,101.6,46.1,38.2,5.16,Wheat,3.88,734
67.5,28.2,70.4,944.2,126.2,36.3,33.6,5.6,Maize,4.98,261
63.4,29.7,62.2,1028.2,58.3,53.0,56.7,2.59,Soybean,2.02,678
46.4,29.1,55.2,0.0,124.1,36.8,88.2,2.83,Cotton,2.33,330
47.2,21.5,52.5,696.7,35.2,52.4,40.5,1.14,Chickpea,1.42,1012
72.5,28.3,75.0,930.3,42.6,38.5,36.6,4.03,Soybean,2.15,200
75.9,25.4,77.7,1221.0,122.3,50.2,105.3,6.51,Rice,5.98,451
77.6,30.4,70.0,1355.6,234.1,86.9,171.6,1.52,Sugarcane,11.27,543
41.1,29.9,54.7,535.9,44.0,31.5,30.0,4.82,Bajra,1.84,620
46.1,29.9,54.5,317.3,78.8,27.8,47.5,2.61,Bajra,1.71,765
68.8,18.9,57.1,413.9,159.5,41.6,46.2,4.82,Wheat,4.13,600
43.3,32.7,60.8,512.0,65.4,43.5,30.2,6.0,Jowar,2.1,299
45.4,28.9,65.8,333.4,55.5,33.6,30.2,4.04,Bajra,2.1,615
82.8,23.4,82.5,1645.5,163.3,76.4,73.2,4.04,Rice,5.81,460
53.2,27.9,69.3,592.2,30.7,69.8,63.3,2.11,Soybean,2.33,413
37.6,29.6,52.6,703.9,48.5,37.5,41.7,4.73,Jowar,1.94,348
55.7,18.3,47.9,283.2,119.2,56.9,46.2,3.75,Wheat,3.86,603
61.0,29.3,51.4,175.7,104.2,31.3,69.3,5.88,Maize,4.88,737
84.0,22.7,81.9,1742.1,237.2,120.0,152.0,1.97,Sugarcane,9.21,321
51.1,23.2,50.4,302.6,96.6,38.0,46.1,1.46,Wheat,3.71,853
63.2,27.4,80.2,1748.9,208.3,41.7,63.6,3.74,Rice,4.94,372
88.4,27.6,76.1,2021.1,203.7,64.8,188.6,3.43,Sugarcane,10.53,362
41.9,28.1,54.4,410.2,85.5,47.4,53.6,5.53,Jowar,2.09,322
49.4,20.7,55.5,345.0,159.6,39.9,45.1,3.48,Wheat,4.25,989
80.2,23.9,71.1,1649.3,250.0,87.4,202.9,3.93,Sugarcane,9.06,364
64.6,25.2,72.9,1275.8,42.0,65.7,44.0,2.37,Soybean,1.86,523
53.0,23.9,66.6,879.6,40.7,81.5,65.9,3.94,Soybean,2.24,430
59.5,24.0,73.4,1236.8,50.0,61.6,39.5,2.21,Soybean,2.09,364
56.9,25.0,64.4,895.5,175.4,52.7,62.6,3.96,Maize,6.19,510
73.3,29.4,85.7,1574.6,193.9,57.4,58.5,5.37,Rice,5.72,516
55.9,21.4,61.5,214.2,36.7,39.9,42.4,0.68,Chickpea,1.69,848
68.9,31.3,85.2,1374.4,221.7,67.3,214.9,4.88,Sugarcane,9.45,389
44.9,27.6,46.4,583.8,69.7,30.8,28.9,4.63,Jowar,1.89,988
37.0,28.3,41.0,591.2,67.1,30.5,33.0,2.71,Jowar,1.89,648
64.1,26.0,77.7,725.4,209.2,66.4,120.9,4.47,Rice,5.06,501
83.1,28.6,81.5,2362.0,250.0,104.1,226.5,5.36,Sugarcane,11.98,146
45.1,26.5,54.5,882.1,131.6,68.7,26.7,2.59,Wheat,3.31,784
35.3,33.6,41.8,543.6,53.8,37.8,30.1,6.82,Jowar,1.83,717
89.5,27.8,74.6,1619.0,148.3,63.1,85.8,5.57,Rice,5.7,490
48.8,32.6,67.1,1538.7,75.8,46.8,77.7,3.05,Cotton,2.41,672
54.0,34.6,72.6,773.8,32.7,60.5,70.9,3.17,Groundnut,1.63,125
44.0,23.5,54.5,781.2,113.8,32.5,53.3,4.45,Maize,5.07,936
51.0,17.7,46.3,188.8,24.3,41.2,40.5,0.5,Chickpea,1.57,770
39.4,29.7,39.4,273.6,46.5,21.2,36.1,5.46,Bajra,2.09,704
71.0,16.8,55.1,302.3,87.6,36.5,49.2,3.61,Wheat,3.62,343
56.2,30.2,56.7,695.3,27.5,55.2,51.4,3.01,Groundnut,2.21,539
42.4,32.2,60.2,264.5,44.7,48.2,50.8,4.72,Groundnut,1.55,249
56.2,32.1,69.4,982.1,42.6,54.1,48.8,2.26,Soybean,2.39,465
33.3,32.7,26.2,336.7,26.6,29.0,36.8,6.42,Bajra,2.02,794
88.6,25.5,77.5,1467.9,174.8,75.7,141.9,3.42,Sugarcane,7.53,622
51.5,27.4,64.7,652.3,56.7,41.3,32.8,3.63,Soybean,2.5,478
56.0,25.8,51.3,526.5,31.2,37.2,50.7,2.11,Groundnut,1.99,817
48.9,23.8,52.3,459.1,62.4,25.7,36.4,4.35,Jowar,1.83,833
45.8,28.2,58.6,669.0,47.0,30.8,44.6,2.82,Jowar,2.08,902
57.3,16.3,61.6,544.4,111.4,38.9,37.3,3.46,Wheat,4.12,529
69.3,20.5,49.5,474.9,77.3,41.9,61.7,2.21,Wheat,4.17,787
57.1,22.1,62.7,612.2,150.7,48.3,46.6,3.93,Wheat,4.89,310
64.2,25.5,64.0,840.1,33.4,57.4,61.6,4.31,Soybean,2.12,336
76.0,26.9,77.8,1702.4,127.2,43.6,78.2,0.5,Rice,5.67,262
36.6,21.4,63.3,444.8,37.3,36.4,38.9,0.5,Chickpea,1.73,564
34.7,24.1,44.9,578.4,63.2,24.8,36.0,1.68,Jowar,1.97,495
85.9,25.0,86.9,1734.8,100.2,59.4,70.1,4.68,Rice,5.14,181
87.3,29.9,91.6,1395.5,153.2,46.8,61.6,2.84,Rice,5.67,362
50.2,21.9,43.6,409.8,30.5,64.5,71.9,5.03,Groundnut,1.55,642
39.9,28.2,40.5,393.1,73.0,28.9,35.2,4.1,Bajra,1.95,712
56.5,24.0,67.6,1083.1,115.1,41.2,77.1,3.64,Cotton,2.25,312
60.6,25.7,75.7,1395.1,212.3,80.5,233.7,1.59,Sugarcane,8.62,574
39.9,29.8,48.9,451.9,41.2,48.3,61.5,4.15,Groundnut,1.88,957
46.6,29.2,65.9,1423.8,80.4,34.8,72.2,2.45,Cotton,2.28,456
55.8,22.1,62.7,980.1,104.9,62.4,51.9,2.99,Wheat,3.41,487
39.3,25.3,56.1,169.5,33.6,50.8,32.9,3.31,Chickpea,1.43,920
61.5,20.4,63.2,652.8,94.9,47.2,41.6,4.5,Wheat,4.7,619
44.6,22.6,53.6,726.3,153.7,52.3,44.8,4.62,Wheat,4.13,501
60.8,29.2,58.5,844.4,30.0,48.5,62.1,2.4,Soybean,2.16,341
48.8,14.3,60.8,557.4,34.6,42.9,40.7,2.29,Chickpea,1.52,480
65.7,32.6,69.3,561.4,164.4,47.6,56.1,2.94,Maize,4.87,856
42.7,38.3,45.3,519.0,43.1,27.6,32.9,3.75,Bajra,1.65,598
38.2,20.1,41.6,295.3,36.4,64.4,43.9,3.93,Chickpea,1.88,1023
80.6,26.6,82.1,1919.0,250.0,68.4,158.5,0.5,Sugarcane,10.4,257
65.1,23.5,54.2,528.6,110.1,46.5,41.0,1.71,Wheat,4.56,593
37.2,20.0,40.2,114.9,30.5,32.7,34.2,5.35,Chickpea,1.43,977
48.3,30.9,57.7,650.7,124.8,36.5,78.2,3.44,Cotton,3.04,547
65.7,27.0,69.1,1102.6,189.8,38.5,120.2,4.06,Rice,5.16,500
60.5,24.3,64.0,920.8,143.5,62.5,35.7,4.03,Maize,5.07,337
74.5,28.9,78.2,1711.5,156.2,50.7,92.0,4.46,Rice,6.49,105
44.8,21.0,56.3,329.5,31.6,39.7,38.4,5.68,Chickpea,2.14,519
34.5,28.8,63.1,492.7,76.7,21.9,26.3,1.48,Jowar,1.84,600
38.7,24.9,57.3,578.1,83.3,34.6,35.7,2.76,Jowar,2.24,493
48.8,20.7,48.7,169.3,32.9,41.8,36.7,1.3,Chickpea,1.45,396
46.7,30.4,58.5,822.6,115.6,44.6,64.2,4.03,Cotton,2.68,634
84.7,30.5,75.1,1879.7,237.1,95.4,188.6,3.35,Sugarcane,9.32,280
79.9,28.9,78.9,1241.2,225.9,42.6,57.7,2.22,Rice,5.84,306
61.6,25.2,48.5,613.7,118.3,45.5,71.6,3.27,Cotton,2.49,562
51.1,23.5,69.8,477.3,123.4,57.4,39.6,1.49,Wheat,4.41,156
46.0,17.0,72.7,373.9,21.8,49.1,32.7,2.06,Chickpea,1.62,757
54.1,24.2,47.6,921.2,106.7,43.6,70.0,1.54,Maize,4.85,553
72.5,25.4,64.1,701.7,47.3,80.5,45.1,3.65,Soybean,2.29,614
35.5,20.8,47.1,236.9,65.4,22.3,42.2,1.86,Jowar,1.61,933
58.1,21.6,69.8,731.6,102.9,43.0,25.6,3.88,Wheat,4.96,661
43.4,20.3,50.3,372.5,23.5,54.8,47.5,4.5,Chickpea,1.72,707
60.5,24.9,63.7,603.4,127.3,54.0,53.8,5.42,Maize,5.46,547
72.2,31.6,80.5,1540.2,250.0,106.5,117.6,5.22,Sugarcane,9.84,356
58.6,34.0,72.8,656.1,195.9,64.0,98.9,3.05,Rice,3.55,612
58.1,22.5,69.0,389.8,150.3,40.8,50.1,3.28,Wheat,4.31,624
71.3,30.8,69.6,989.5,160.5,64.3,74.3,2.63,Rice,4.7,380
71.6,13.9,60.6,569.5,73.6,47.0,51.5,3.07,Wheat,3.55,646
74.1,28.5,78.0,1375.4,125.0,70.2,99.2,2.19,Rice,5.84,402
50.9,25.9,57.4,803.4,45.1,27.2,46.7,3.59,Jowar,1.68,680
60.6,26.0,64.4,1082.0,149.3,39.4,74.8,2.79,Maize,5.45,512
59.0,17.9,60.7,580.1,26.9,46.7,30.6,2.22,Chickpea,1.64,790
70.1,16.1,57.5,929.3,104.0,38.7,61.7,2.37,Wheat,3.45,585
61.1,21.8,53.4,548.7,40.2,52.1,44.7,2.59,Soybean,1.58,773
36.1,19.8,52.1,268.9,25.3,39.5,39.7,0.5,Chickpea,1.54,681
57.8,30.7,69.7,1096.0,102.8,43.5,70.4,4.28,Cotton,2.02,345
66.6,20.0,60.9,489.6,122.5,34.8,61.3,4.87,Wheat,5.09,432
79.3,23.5,80.9,1882.1,214.6,58.4,126.9,4.33,Rice,4.94,244
56.9,19.6,46.8,683.3,33.4,50.1,25.3,3.38,Chickpea,1.35,749
48.9,29.3,70.9,717.4,42.2,45.2,37.5,4.3,Jowar,1.96,677
81.4,26.8,83.8,2356.1,189.5,82.7,177.1,2.22,Sugarcane,8.85,195
61.0,25.8,64.2,673.8,124.2,43.0,70.4,1.79,Maize,5.26,451
64.1,30.6,62.1,571.5,31.4,62.9,65.6,2.11,Groundnut,1.87,482
40.3,27.1,62.8,436.5,106.9,26.5,81.7,1.1,Cotton,2.64,780
59.1,26.0,70.5,1003.8,116.5,45.3,30.6,5.66,Maize,5.31,459
78.2,30.0,83.8,1266.8,144.5,58.5,57.5,2.66,Rice,6.75,235
60.8,26.8,54.8,580.9,145.5,24.2,64.3,0.5,Maize,5.65,735
53.6,14.2,62.7,654.0,114.9,62.3,43.0,0.5,Wheat,4.16,337
49.5,21.2,62.6,947.7,51.8,65.0,55.8,4.74,Soybean,2.02,529
51.5,28.4,84.8,606.4,73.0,29.4,46.7,2.67,Jowar,1.92,377
54.3,22.2,59.9,448.5,118.9,43.3,47.3,2.24,Wheat,4.7,574
50.2,30.1,45.1,712.9,33.5,69.1,62.5,2.76,Groundnut,2.21,489
85.8,31.1,87.9,1317.3,178.2,98.1,189.9,1.6,Sugarcane,10.1,439
71.7,33.4,79.6,1862.5,164.6,59.3,122.4,0.5,Rice,5.74,547
34.6,28.6,50.3,151.4,74.7,38.4,43.8,3.89,Bajra,1.99,489
39.2,24.5,51.8,594.8,77.1,32.5,47.3,4.35,Jowar,2.0,657
43.9,25.2,74.0,871.9,68.1,23.8,64.1,4.78,Jowar,1.68,535
36.4,28.5,50.3,389.2,98.0,26.4,79.8,1.05,Cotton,2.38,1023
38.3,30.6,31.7,787.9,76.8,38.3,48.9,2.18,Jowar,1.79,686
66.5,23.4,84.8,964.7,46.5,32.3,42.8,2.45,Soybean,1.84,191
85.1,27.3,63.6,895.5,98.7,48.0,56.7,4.38,Maize,5.9,509
55.4,26.4,60.5,778.3,42.9,42.2,65.8,1.32,Groundnut,2.3,869
78.5,29.1,79.5,2156.6,250.0,89.1,145.8,0.5,Sugarcane,11.07,262
53.9,18.4,40.9,630.6,148.5,54.1,33.7,1.67,Wheat,4.72,752
59.1,26.1,60.7,1459.0,174.7,61.0,57.4,3.13,Maize,5.09,743
55.7,35.0,59.4,1151.3,101.4,37.4,79.1,5.08,Cotton,2.11,171
36.2,31.1,40.5,427.0,160.9,30.1,87.1,1.64,Cotton,2.88,390
59.7,24.6,62.1,490.6,149.7,63.0,53.0,1.47,Maize,4.46,717
48.6,19.5,64.2,669.5,23.3,64.5,46.7,4.47,Groundnut,1.81,657
43.3,26.5,55.6,886.2,93.0,48.3,65.3,3.8,Cotton,2.14,353
65.5,15.8,62.5,912.8,99.6,38.9,44.5,0.5,Wheat,2.92,599
80.7,25.1,80.9,1611.0,182.7,57.1,73.1,0.5,Rice,4.85,304
54.6,29.9,73.6,1222.0,141.8,59.2,57.7,2.65,Maize,3.97,427
52.3,28.9,53.8,807.0,154.6,37.4,56.2,3.82,Cotton,3.51,469
63.5,18.3,46.6,664.2,142.4,37.9,43.8,2.82,Wheat,5.37,595
52.7,20.9,58.6,669.8,145.0,20.1,49.1,0.93,Wheat,4.79,438
67.3,32.8,74.2,350.5,35.6,79.4,79.1,4.27,Groundnut,1.59,505
63.8,25.4,49.6,1107.6,126.2,59.5,39.6,3.36,Maize,5.08,555
67.0,28.8,53.6,917.2,40.2,62.7,49.1,3.66,Soybean,2.28,852
71.2,33.4,80.5,1745.1,201.8,46.6,76.9,1.98,Rice,5.24,386
60.3,22.2,69.2,748.8,38.1,58.7,65.7,0.5,Groundnut,1.78,235
61.5,24.8,52.9,187.9,38.8,64.8,45.8,2.31,Soybean,1.75,744
79.4,28.0,74.8,1524.5,199.6,57.9,85.8,3.46,Rice,5.16,575
77.4,26.5,78.3,1233.6,146.8,46.5,91.5,6.14,Rice,5.33,401
75.7,22.8,81.9,493.4,89.3,47.0,57.6,4.15,Wheat,4.61,592
55.7,27.3,64.0,1030.8,100.3,45.1,55.6,4.02,Cotton,2.71,484
67.2,23.0,65.8,1202.9,66.9,56.1,56.6,2.97,Soybean,1.92,566
61.2,25.9,48.1,630.1,93.5,41.9,61.4,2.09,Cotton,2.0,512
66.0,21.7,70.0,827.3,130.4,53.3,36.6,3.7,Wheat,3.72,594
59.9,16.9,64.5,588.0,154.1,43.3,32.7,2.68,Wheat,4.69,323
23.0,32.5,37.2,579.9,53.9,27.3,44.1,3.6,Bajra,1.95,945
50.3,34.4,66.7,53.9,65.2,26.6,34.3,4.72,Bajra,1.49,352
53.3,18.8,70.7,335.7,123.6,51.6,54.9,4.31,Wheat,5.02,190
84.1,31.0,87.4,2356.8,237.1,120.0,197.7,3.57,Sugarcane,10.03,276
81.7,31.4,78.8,1133.4,147.8,70.8,79.9,5.76,Rice,4.9,337
79.4,34.4,73.6,1507.0,197.7,61.5,110.9,2.66,Rice,4.52,376
66.6,30.0,68.6,764.5,36.2,84.9,50.9,4.39,Soybean,2.32,555
75.7,21.9,72.9,1241.1,127.5,44.8,64.2,3.44,Maize,3.33,391
57.4,24.4,62.8,644.8,129.4,54.4,41.6,2.59,Wheat,4.46,407
77.9,29.1,69.3,1602.1,223.3,39.8,97.9,3.72,Rice,6.03,412
33.7,20.7,34.3,492.0,64.0,42.7,49.9,5.47,Jowar,1.81,821
66.2,24.9,60.7,620.8,126.3,44.4,50.4,4.97,Maize,4.1,646
83.7,31.5,78.5,1962.9,176.7,66.0,186.6,2.97,Sugarcane,10.17,592
70.6,30.8,69.7,1090.8,164.8,45.3,68.1,2.41,Maize,4.2,321
73.3,28.8,72.5,1958.4,187.0,75.0,191.7,3.94,Sugarcane,11.45,326
45.6,26.3,60.3,487.9,41.5,49.3,62.4,5.07,Groundnut,2.23,676
71.6,30.3,81.8,1040.6,166.0,67.2,70.3,3.15,Rice,4.99,283
46.8,22.3,72.2,362.5,130.9,40.1,41.5,4.11,Wheat,4.35,320
65.4,25.4,63.5,701.7,45.5,75.9,64.3,3.9,Soybean,2.26,445
59.5,23.2,68.7,171.7,133.0,54.9,36.0,3.67,Wheat,3.85,731
75.1,32.7,74.0,1540.7,201.8,120.0,208.4,1.67,Sugarcane,8.35,309
55.3,26.5,45.8,460.4,126.8,33.2,48.0,2.76,Wheat,3.57,793
63.8,25.1,68.5,642.4,43.1,67.3,79.5,4.86,Soybean,2.27,387
78.6,23.6,66.6,1363.9,133.9,61.3,81.9,1.57,Rice,5.05,498
32.5,31.8,54.4,94.6,55.4,27.9,45.2,2.48,Bajra,1.45,571
62.5,29.6,62.9,587.2,114.0,42.5,50.7,4.13,Maize,4.37,421
54.2,28.8,64.9,604.1,57.2,33.8,24.4,2.74,Jowar,1.77,555
68.0,29.1,67.2,1029.2,173.1,38.5,49.6,5.67,Maize,5.24,473
61.7,23.8,55.5,818.9,36.3,44.3,38.1,3.23,Soybean,2.12,817
54.1,23.4,55.7,916.4,111.3,33.4,65.6,2.2,Maize,5.59,311
41.0,15.7,58.3,347.4,33.2,23.6,35.4,2.78,Chickpea,1.69,701
72.1,19.6,76.4,796.1,148.6,43.2,74.4,5.28,Maize,4.24,679
46.0,26.1,68.7,543.1,39.9,48.5,44.1,1.1,Groundnut,2.25,731
38.8,15.6,44.0,142.6,33.6,59.2,42.7,1.7,Chickpea,1.47,681
37.1,13.2,57.3,686.6,30.2,58.2,48.9,5.01,Chickpea,1.22,477
49.4,22.5,51.8,465.1,104.6,50.2,41.9,4.13,Wheat,4.44,575
70.1,28.3,81.0,1625.8,159.8,50.2,80.5,2.22,Rice,5.54,343
35.4,30.1,40.3,315.4,59.0,30.2,45.3,2.32,Bajra,2.16,777
67.8,36.3,81.0,1201.6,146.1,49.0,101.5,1.06,Rice,4.68,397
66.5,27.5,66.4,1154.4,119.5,48.1,76.1,4.04,Maize,4.75,550
51.7,21.5,60.9,716.1,161.3,59.2,35.3,5.73,Wheat,5.07,384
67.2,26.3,81.0,668.9,187.8,26.2,53.7,6.57,Maize,5.37,225
44.2,17.8,43.6,110.7,20.3,52.1,32.6,6.08,Chickpea,1.34,552
67.7,27.5,88.6,1670.6,213.1,46.9,53.0,0.5,Rice,5.01,31
81.1,24.8,80.4,2500.0,210.3,91.0,160.2,2.31,Sugarcane,7.77,200
34.1,16.1,40.5,249.2,31.8,42.9,26.9,2.76,Chickpea,1.71,802
52.0,19.2,52.3,729.5,27.3,32.8,30.5,0.65,Chickpea,1.32,1021
45.1,33.4,59.5,1247.3,120.5,42.7,87.3,5.84,Cotton,2.33,582
40.5,26.0,44.8,349.2,33.6,38.7,39.9,2.15,Chickpea,1.71,718
56.9,27.4,56.1,730.6,105.4,34.8,71.3,2.06,Cotton,2.77,815
40.0,34.1,43.9,339.6,55.9,22.0,46.4,4.76,Bajra,1.39,605
39.9,16.9,49.9,364.1,23.9,49.5,36.9,4.56,Chickpea,2.0,733
56.4,30.9,62.4,1012.1,109.2,30.3,60.3,3.61,Maize,5.15,659
67.3,25.7,83.5,1487.7,144.3,58.3,78.7,0.5,Rice,4.96,418
68.0,27.7,83.4,1063.6,163.7,47.4,98.0,4.25,Rice,5.78,404
69.7,19.1,74.5,1380.0,141.4,46.8,54.2,3.56,Maize,3.46,311
78.6,26.4,87.9,1971.1,207.2,33.6,88.4,4.17,Rice,6.18,24
71.9,34.6,59.0,1182.4,126.5,42.7,56.4,4.74,Maize,3.41,485
89.6,30.6,79.2,946.6,171.5,42.5,93.6,3.69,Rice,4.21,289
82.6,28.1,81.6,1288.3,173.5,62.5,85.8,5.41,Rice,6.95,437
53.5,26.6,47.9,586.3,33.0,42.8,52.0,3.79,Groundnut,1.71,646
88.1,28.9,79.8,1746.3,80.5,64.1,154.6,1.97,Sugarcane,11.17,379
51.9,22.9,60.7,449.6,147.0,59.7,53.8,0.5,Wheat,4.46,333
69.7,22.7,60.4,883.9,36.5,64.2,63.8,2.3,Soybean,1.94,691
63.3,26.9,75.4,829.3,146.9,67.6,76.5,3.4,Maize,5.63,291
49.3,31.9,56.0,1012.6,85.4,32.5,66.8,0.5,Cotton,2.56,306
54.9,14.6,62.1,456.5,141.4,55.1,49.6,5.16,Wheat,4.67,359
41.2,16.4,63.9,436.4,24.2,47.3,49.5,3.66,Chickpea,1.82,466
32.9,34.9,31.7,253.5,74.1,17.8,40.2,6.72,Bajra,1.68,981
53.6,23.6,75.2,691.9,151.9,43.8,51.2,2.56,Wheat,4.49,559
54.5,30.2,59.2,936.6,153.6,37.6,41.7,2.03,Maize,5.58,353
61.9,21.4,61.2,432.7,127.0,38.3,62.7,1.75,Maize,4.22,601
53.3,31.5,48.9,1098.1,84.7,55.7,45.5,0.5,Cotton,2.36,582
84.5,23.4,70.1,1681.6,148.1,46.1,72.8,2.73,Rice,5.23,114
44.6,31.4,54.5,348.1,69.5,33.6,37.4,1.58,Bajra,1.86,490
36.4,31.8,49.5,492.7,58.4,35.1,36.3,7.85,Bajra,1.92,343
63.5,23.8,48.5,753.5,134.0,47.1,36.0,5.02,Maize,5.46,505
38.4,26.6,56.8,1011.3,143.0,40.7,51.2,2.3,Cotton,3.01,127
43.8,33.8,59.3,831.7,119.7,48.1,77.7,3.56,Cotton,2.78,425
44.6,34.8,49.8,321.9,61.5,22.3,51.7,3.95,Bajra,1.8,535
46.9,21.0,43.8,345.6,30.0,59.9,37.0,3.95,Chickpea,1.76,595
56.9,26.7,64.0,1178.2,137.8,42.5,52.0,3.68,Wheat,2.83,340
37.9,25.6,31.4,851.8,88.0,32.7,63.7,1.75,Cotton,2.52,932
43.8,32.4,34.6,307.0,45.1,20.1,39.3,4.94,Jowar,1.76,726
27.7,31.4,57.5,438.5,70.2,31.7,46.7,3.4,Bajra,1.86,653
49.8,31.7,69.7,430.9,37.4,53.1,72.9,2.2,Groundnut,1.88,641
69.3,27.3,74.0,1682.3,175.1,59.1,64.3,0.5,Rice,6.15,479
63.1,19.5,67.6,258.6,121.1,44.2,41.3,4.33,Wheat,4.3,668
76.0,23.3,81.4,1654.6,239.9,88.1,140.3,3.87,Sugarcane,9.01,201
52.4,26.6,67.6,818.1,37.1,57.9,65.9,2.92,Groundnut,2.21,314
82.0,26.0,70.4,1233.0,161.1,49.2,72.3,1.48,Rice,5.77,291
42.8,32.0,43.2,387.9,38.8,25.2,34.9,1.85,Bajra,1.98,646
81.2,30.4,68.4,1978.2,215.6,84.6,212.7,2.93,Sugarcane,9.19,342
54.4,24.6,69.1,787.8,130.2,61.6,29.4,3.81,Wheat,3.36,467
59.0,17.9,75.5,741.6,155.3,44.2,70.1,4.74,Wheat,4.8,611
58.1,25.7,50.9,975.1,34.0,51.7,60.8,2.81,Soybean,2.38,582
81.0,26.2,76.8,1510.0,166.8,78.6,247.6,1.34,Sugarcane,8.14,620
71.5,27.6,83.5,2118.0,175.5,50.0,106.0,1.7,Rice,4.43,396
75.6,34.0,65.5,1805.8,206.4,103.4,256.4,2.22,Sugarcane,8.11,305
50.9,17.8,60.1,671.2,105.8,72.8,53.1,2.04,Wheat,3.88,702
39.2,27.5,60.7,618.0,67.5,31.0,31.5,2.12,Jowar,1.81,112
75.9,29.9,89.8,1007.7,166.5,73.3,99.4,1.14,Rice,4.58,522
42.3,31.4,54.6,770.9,56.7,32.4,38.9,2.93,Jowar,1.86,661
61.3,30.8,62.7,1204.0,47.0,61.4,61.3,1.84,Soybean,1.9,541
33.3,31.1,52.9,428.6,49.3,29.8,43.0,4.73,Bajra,1.77,383
53.2,27.4,69.1,1050.5,158.3,47.2,41.2,1.42,Maize,6.45,847
77.0,24.4,94.3,887.9,160.3,38.9,66.4,1.82,Rice,4.4,246
54.0,30.9,45.2,806.0,65.1,29.2,42.9,2.77,Jowar,1.39,638
64.6,30.4,69.0,1299.9,190.0,78.1,87.0,2.0,Rice,4.54,596
87.3,25.0,86.7,1742.9,206.8,43.8,119.0,6.52,Rice,5.72,218
50.0,24.2,57.7,817.1,35.5,71.7,55.2,3.9,Soybean,1.98,431
47.5,17.9,52.5,393.7,24.8,32.8,43.2,1.65,Chickpea,1.9,761
55.9,25.1,58.4,936.9,137.1,41.6,59.6,4.34,Maize,4.63,384
48.7,18.9,35.2,668.9,119.5,29.4,36.1,4.0,Wheat,4.7,861
60.1,15.6,65.8,665.1,200.0,19.6,44.2,2.82,Wheat,4.36,544
43.2,32.0,45.4,590.1,77.1,24.5,41.8,2.68,Jowar,1.72,863
91.6,29.6,84.8,1397.9,192.5,50.4,49.9,4.92,Rice,5.43,102
57.3,30.9,71.3,609.1,52.6,67.2,56.9,4.0,Soybean,1.73,684
38.6,20.4,61.8,547.9,24.2,49.7,38.2,4.59,Chickpea,1.81,615
36.2,31.6,45.0,801.4,76.4,29.3,44.7,6.66,Jowar,2.01,976
74.4,31.1,71.1,1320.5,144.8,60.9,96.1,3.14,Rice,5.98,295
67.0,21.3,53.2,635.3,115.2,71.2,37.7,4.43,Wheat,4.8,917
63.3,17.9,68.1,859.3,120.1,43.3,29.7,2.33,Wheat,4.16,591
73.9,26.2,67.4,1128.0,47.8,67.1,76.2,0.5,Soybean,1.95,576
62.2,31.9,73.7,272.1,145.0,63.3,62.5,5.39,Maize,3.77,395
71.0,25.3,75.4,1044.0,127.9,35.1,51.8,0.62,Maize,5.78,489
62.5,22.2,66.0,698.1,166.7,50.3,31.3,2.94,Wheat,4.11,622
78.0,26.6,79.3,956.5,183.9,58.1,83.0,1.36,Rice,4.93,250
79.5,31.9,91.2,2255.9,218.8,60.9,107.1,0.5,Rice,4.49,0
50.4,26.2,50.7,744.5,69.4,34.3,43.3,3.8,Jowar,1.65,506
72.0,31.3,72.5,1699.1,207.7,111.9,191.8,0.91,Sugarcane,11.03,576
48.3,17.6,49.4,63.4,31.4,35.6,34.9,1.94,Chickpea,1.73,740
49.7,17.5,69.1,176.6,30.4,37.8,46.2,4.35,Chickpea,1.79,707
58.4,26.0,57.8,980.4,50.5,72.6,56.0,2.89,Soybean,2.66,590
69.8,27.6,65.1,973.1,110.4,49.6,48.3,0.5,Maize,4.89,507
66.9,20.7,58.2,554.3,84.4,65.3,30.8,5.09,Wheat,4.39,630
61.8,32.4,45.4,771.6,120.6,39.0,63.2,4.31,Cotton,2.34,598
92.0,24.1,84.4,949.5,171.5,44.2,102.6,3.95,Rice,4.16,540
42.9,24.8,52.3,858.3,67.3,38.0,50.0,1.81,Jowar,1.49,630
51.9,28.2,47.4,472.2,39.9,52.7,83.8,1.12,Groundnut,2.07,719
73.6,26.7,76.5,706.3,165.6,57.2,42.4,4.35,Maize,4.95,214
44.4,16.0,48.8,303.8,30.7,38.1,20.0,6.0,Chickpea,1.7,742
35.5,29.3,56.6,764.0,74.2,16.7,34.5,4.12,Jowar,2.08,474
84.3,17.2,70.3,1298.6,155.2,46.2,48.8,4.27,Wheat,2.81,328
46.4,31.9,72.0,242.0,52.4,32.6,42.8,1.3,Jowar,1.83,692
65.4,27.5,70.0,1359.7,48.6,58.4,47.4,7.87,Soybean,1.98,229
89.3,31.2,82.2,1256.1,154.5,52.7,83.7,5.71,Rice,4.99,295
63.3,26.7,79.3,1152.5,113.6,45.0,40.9,3.01,Maize,4.79,459
75.5,30.4,78.1,2228.9,95.1,59.4,124.4,6.02,Rice,5.94,435
75.6,28.1,83.6,1695.6,151.6,67.5,76.1,0.5,Rice,6.33,189
45.6,13.0,69.1,657.4,32.2,48.8,29.5,4.19,Chickpea,1.23,548
48.1,18.8,42.8,90.3,21.2,41.0,38.3,4.24,Chickpea,1.52,800
40.7,15.8,47.8,182.8,35.6,40.0,34.8,0.5,Chickpea,1.48,534
50.1,25.4,70.8,779.4,56.5,58.7,57.7,3.08,Soybean,2.21,129
63.7,31.5,69.3,927.3,41.2,61.1,52.5,3.48,Soybean,1.83,156
40.6,23.3,51.7,0.0,30.6,49.8,44.1,1.93,Chickpea,1.44,802
37.9,19.0,43.9,538.0,32.7,51.0,45.1,0.5,Chickpea,1.79,717
45.0,19.6,38.3,398.2,24.2,42.9,39.6,5.52,Chickpea,1.83,539
53.1,17.2,62.0,863.8,125.5,61.7,46.9,4.5,Wheat,4.57,425
55.0,28.0,65.1,468.5,46.3,56.0,46.1,4.45,Soybean,2.2,489
58.8,24.0,70.5,1432.5,49.4,92.4,50.0,4.82,Soybean,1.78,333
57.0,13.7,70.6,807.5,128.8,48.2,46.2,3.85,Wheat,3.38,462
60.0,30.0,67.0,800.4,52.0,58.3,52.8,0.65,Soybean,1.89,845
59.7,29.4,57.2,1024.1,28.2,73.0,56.8,3.02,Groundnut,1.94,420
79.6,28.1,70.9,2258.1,122.7,55.7,92.6,3.87,Rice,4.55,316
45.1,31.1,49.1,458.6,70.6,31.0,32.1,3.31,Bajra,2.18,551
37.6,25.3,56.0,677.8,68.8,32.1,45.9,0.58,Jowar,1.99,497
26.9,32.4,57.7,363.6,44.8,34.6,39.4,1.96,Jowar,1.93,483
37.6,25.7,58.0,419.9,59.6,26.8,56.2,4.34,Bajra,1.86,576
43.0,25.0,62.9,1308.5,120.1,46.0,103.7,4.17,Cotton,1.95,375
49.3,30.2,49.8,233.5,58.4,34.4,43.1,7.46,Bajra,1.8,749
48.6,17.5,58.3,416.8,28.4,47.3,37.7,6.91,Chickpea,2.15,645
49.7,23.8,49.3,232.8,38.9,58.1,82.0,2.27,Groundnut,1.35,556
42.7,33.5,30.6,507.6,55.6,31.1,61.1,5.47,Bajra,1.83,1023
70.1,24.8,58.5,679.9,39.7,50.0,56.4,6.96,Soybean,2.48,392
84.8,35.6,90.3,1028.9,174.0,71.5,99.6,1.26,Rice,4.08,354
51.6,23.2,47.7,344.0,112.5,45.7,50.3,3.28,Cotton,2.5,1023
52.0,23.6,59.4,732.4,25.5,56.0,42.7,4.62,Groundnut,1.98,450
57.3,15.8,53.8,572.9,149.4,51.0,46.3,2.08,Wheat,4.6,836
32.7,32.1,32.0,426.1,52.5,34.1,33.4,5.46,Bajra,2.02,1010
71.3,29.6,76.5,1025.5,121.2,55.2,89.6,3.13,Rice,5.12,448
41.6,29.0,42.0,625.5,22.4,62.5,80.1,4.01,Groundnut,2.35,411
39.9,26.6,66.8,375.1,46.4,27.0,41.8,2.79,Jowar,1.99,776
64.1,9.9,70.0,623.1,152.6,55.1,57.9,3.42,Wheat,3.24,509
34.5,28.7,35.0,353.4,60.4,32.4,37.4,5.11,Bajra,2.06,688
73.1,28.8,71.0,1015.1,194.4,46.8,103.0,2.44,Rice,5.38,639
72.7,32.2,82.4,1398.0,140.4,54.6,73.9,4.68,Rice,5.57,195
50.2,26.2,61.2,746.4,37.8,55.4,47.9,3.63,Groundnut,2.27,716
34.4,26.4,35.3,0.0,53.1,29.2,34.7,3.59,Bajra,1.4,718
61.9,16.7,61.6,218.2,131.9,39.3,26.9,3.39,Wheat,3.08,695
21.2,32.7,28.4,347.2,51.8,35.8,34.2,4.26,Bajra,1.43,641
53.8,26.3,47.4,214.4,95.0,54.8,54.6,2.33,Wheat,4.01,650
74.8,23.7,82.4,1479.6,168.5,64.2,114.1,1.9,Rice,4.83,156
49.5,26.8,47.0,1249.8,131.8,36.8,83.1,3.88,Cotton,2.47,481
55.5,16.1,49.5,204.8,121.7,56.1,29.6,0.84,Wheat,3.68,729
65.5,29.3,47.9,563.1,118.3,32.5,52.0,3.9,Maize,4.62,643
57.3,26.3,58.5,580.2,26.9,45.3,71.0,2.77,Soybean,2.12,619
53.7,25.7,71.3,639.2,30.8,67.3,63.8,4.0,Groundnut,1.84,685
92.0,28.7,74.8,1341.5,138.7,53.0,79.7,2.2,Rice,5.26,351
84.9,31.1,85.3,2500.0,209.8,67.8,89.5,3.65,Rice,4.83,0
48.7,20.2,54.5,571.2,24.2,47.2,44.4,5.6,Chickpea,1.58,575
42.9,26.5,65.8,438.5,64.8,23.3,51.6,4.78,Jowar,1.93,563
69.4,29.1,72.3,1516.9,143.4,65.7,114.6,2.31,Rice,4.9,528
43.3,26.1,62.5,250.3,30.8,51.3,66.7,5.85,Groundnut,1.95,764
61.1,25.7,73.3,1085.2,90.3,63.5,40.7,2.26,Maize,5.58,561
41.8,18.6,52.0,210.0,21.2,37.7,35.2,4.27,Chickpea,1.94,645
48.6,24.5,73.2,1257.3,100.7,66.7,39.2,3.48,Maize,4.62,493
58.0,30.0,62.6,907.7,37.8,54.1,57.7,4.76,Soybean,2.17,288
42.2,21.4,40.4,580.8,29.4,45.9,34.8,1.31,Chickpea,1.43,924
44.8,19.2,63.9,321.6,21.0,51.9,42.2,3.44,Chickpea,1.92,650
61.9,17.2,56.0,533.5,131.8,43.8,34.8,5.2,Wheat,4.35,694
75.3,25.2,85.9,1920.7,125.8,55.5,92.9,4.53,Rice,5.36,176
30.4,30.8,40.1,275.6,50.7,31.5,47.9,2.53,Jowar,2.16,761
33.2,35.4,53.8,327.5,58.1,37.8,33.6,4.58,Bajra,1.65,549
44.6,27.1,50.1,306.4,58.5,32.0,39.0,4.12,Jowar,1.86,773
82.3,27.1,68.9,1985.5,218.6,104.6,238.7,5.47,Sugarcane,11.05,126
60.4,21.9,66.3,586.5,143.3,64.1,49.6,2.85,Maize,4.77,682
65.5,27.7,88.4,1606.2,192.3,72.5,97.5,0.52,Rice,5.8,338
52.0,30.5,39.7,349.1,25.6,57.5,73.8,3.88,Groundnut,1.66,1023
65.2,25.0,73.3,958.6,55.6,63.2,46.3,4.82,Soybean,2.31,420
82.6,29.6,71.7,1541.0,250.0,85.5,149.3,2.42,Sugarcane,10.19,353
57.4,31.2,78.7,590.5,60.6,41.6,60.1,6.56,Soybean,2.08,462
41.3,27.1,61.5,1038.5,129.3,37.1,90.9,0.5,Cotton,2.73,514
55.3,28.7,51.2,418.2,127.2,54.2,55.5,3.26,Cotton,2.68,646
92.0,23.9,95.7,1937.1,124.1,43.2,92.9,0.66,Rice,4.07,11
57.5,30.0,60.4,1366.0,59.8,65.8,55.2,2.08,Soybean,1.73,300
67.0,26.2,71.9,1253.6,165.4,51.4,69.6,2.57,Rice,5.71,311
56.9,33.0,73.9,842.8,48.6,31.2,73.3,5.3,Groundnut,1.72,390
81.7,31.5,71.6,1333.2,238.9,120.0,116.8,1.62,Sugarcane,9.25,206
80.1,27.6,76.7,1133.9,168.7,76.8,87.4,2.76,Rice,5.94,196
78.4,28.3,83.4,1071.9,123.3,65.6,87.2,3.69,Rice,5.59,294
60.4,17.3,56.0,454.9,162.8,38.5,40.7,3.23,Wheat,4.54,741
66.6,26.9,62.5,357.6,205.7,61.2,83.8,1.48,Rice,4.59,556
54.3,27.3,70.1,981.6,28.0,54.8,55.6,1.54,Soybean,2.36,556
67.8,20.8,65.1,1062.0,42.8,73.1,66.2,2.33,Soybean,1.71,631
59.8,16.9,78.4,0.0,99.1,52.6,39.0,3.62,Wheat,3.34,630
45.8,21.2,57.7,712.1,110.5,47.5,48.3,1.56,Wheat,4.29,512
42.3,32.2,52.7,730.5,61.3,27.5,34.3,0.7,Jowar,2.15,551
62.1,25.8,85.8,1155.6,140.7,43.7,65.0,3.7,Maize,5.05,18
57.9,20.9,40.4,244.0,119.1,62.7,32.7,6.81,Wheat,3.98,646
44.5,28.3,67.5,1324.4,92.5,39.5,69.3,3.26,Cotton,2.5,499
56.2,17.2,58.1,617.4,119.9,36.5,43.5,5.43,Wheat,4.65,416
73.8,25.8,72.6,1081.8,160.0,53.0,81.7,4.75,Maize,4.95,631
61.2,26.2,61.7,533.5,129.5,40.5,49.0,0.91,Maize,4.53,798
37.3,13.6,58.0,516.0,32.4,63.9,25.6,1.08,Chickpea,1.57,543
41.4,24.4,49.5,383.1,73.5,30.5,49.2,5.39,Jowar,1.97,825
65.2,23.5,79.7,1021.1,154.3,55.5,66.8,1.9,Rice,4.22,147
56.1,16.9,67.2,757.5,88.8,48.1,55.0,4.76,Wheat,4.32,333
84.9,27.0,80.7,1826.5,106.7,68.6,83.4,2.75,Rice,5.42,217
69.5,20.8,66.5,428.8,135.3,44.3,45.0,7.09,Wheat,4.18,548
49.2,17.7,59.2,310.2,20.0,51.2,43.1,4.18,Chickpea,1.7,588
49.7,30.6,57.0,679.3,35.2,62.9,81.5,1.59,Groundnut,2.41,452
74.3,29.9,69.1,984.4,45.0,54.2,52.8,3.72,Soybean,1.88,767
59.5,30.8,64.8,570.0,116.7,48.0,52.5,4.24,Maize,4.64,588
56.9,22.7,79.5,696.9,47.5,53.1,51.5,4.07,Soybean,2.18,457
43.3,32.5,58.5,464.2,62.2,37.3,53.0,5.52,Bajra,2.02,712
49.8,25.2,62.3,840.6,125.4,46.8,42.7,2.58,Wheat,4.03,555
62.3,22.0,64.8,542.4,122.0,57.3,38.5,4.93,Wheat,5.28,509
38.6,19.8,51.5,638.6,28.9,58.0,32.0,4.09,Chickpea,1.32,547
45.2,29.2,56.8,654.5,32.4,28.6,44.6,2.06,Jowar,1.95,334
62.9,29.7,65.6,743.2,178.3,32.6,46.0,5.06,Maize,4.42,750
86.8,26.8,78.1,1568.8,162.8,68.7,95.4,0.5,Rice,5.91,174
41.2,31.7,78.1,1127.4,88.3,47.7,75.6,4.59,Cotton,2.92,107
67.0,22.8,80.1,400.0,190.2,49.4,50.8,3.31,Maize,4.13,316
45.8,16.6,34.8,366.0,23.5,50.7,37.7,5.65,Chickpea,1.94,522
43.8,35.4,48.1,394.0,46.6,29.8,45.5,3.27,Bajra,1.78,1003
65.0,20.1,54.0,675.4,108.4,43.5,46.2,2.47,Wheat,4.63,670
67.8,17.5,71.4,727.3,100.6,41.5,43.0,1.93,Wheat,3.97,693
72.1,20.2,69.8,776.8,45.4,71.5,67.6,2.93,Soybean,1.78,707
59.9,26.1,59.7,813.8,45.8,59.7,60.0,3.06,Soybean,2.16,641
79.6,28.0,81.5,581.7,212.9,63.6,54.0,2.95,Rice,4.71,502
50.8,19.8,54.9,668.8,33.9,38.0,41.3,6.3,Chickpea,1.51,492
60.2,25.2,63.4,755.2,28.8,80.7,44.6,2.38,Soybean,2.6,516
47.3,15.6,47.7,235.5,161.8,52.8,45.9,5.39,Wheat,3.36,612
39.4,27.9,54.4,353.3,92.7,38.3,37.9,3.76,Cotton,2.28,655
59.7,21.9,63.5,127.9,116.4,53.2,33.5,4.86,Wheat,3.5,497
44.3,25.3,76.7,839.1,211.6,42.8,29.8,4.53,Maize,4.44,616
78.0,28.0,83.7,2100.3,250.0,112.8,153.6,0.5,Sugarcane,10.77,354
51.7,31.3,63.5,919.5,110.1,30.0,89.9,5.39,Cotton,2.84,491
74.0,28.2,79.1,1708.0,164.7,55.9,75.3,4.79,Rice,6.08,34
37.6,30.6,52.2,323.8,68.1,31.5,48.4,2.66,Jowar,2.16,775
69.7,19.4,52.7,732.3,153.4,48.3,54.7,2.69,Wheat,3.4,755
63.0,26.2,60.8,836.5,132.1,43.0,56.7,2.22,Maize,5.04,529
63.2,24.1,59.7,1002.7,34.9,65.1,56.1,4.02,Groundnut,1.62,327
77.8,30.7,84.6,1623.6,190.8,56.6,93.4,0.5,Rice,5.26,341
35.6,34.7,50.7,103.4,59.9,35.8,52.3,5.33,Bajra,1.72,869
57.7,24.8,54.5,537.1,125.3,40.6,38.0,1.67,Wheat,4.31,322
46.7,29.0,57.8,329.2,34.4,33.9,53.9,2.48,Groundnut,1.84,715
83.0,26.4,81.8,1257.4,175.7,50.6,132.0,3.44,Rice,6.07,42
72.0,25.1,69.9,1107.2,193.4,56.9,50.3,3.26,Maize,5.16,447
46.1,29.5,71.3,793.7,46.5,52.8,72.4,3.18,Groundnut,2.07,739
48.6,16.8,54.2,483.2,20.0,57.0,25.1,0.5,Chickpea,1.57,648
37.6,25.3,35.1,315.2,77.0,34.8,44.1,6.12,Jowar,1.7,854
58.4,26.7,78.4,593.4,46.5,57.4,68.3,3.86,Soybean,2.46,382
35.7,30.9,61.9,169.2,63.9,21.7,40.9,3.7,Jowar,1.87,613
31.0,27.0,33.8,366.1,79.4,23.7,39.1,2.28,Jowar,2.11,1023
37.9,35.2,57.2,687.0,61.9,30.4,29.8,2.98,Bajra,1.79,797
46.4,21.7,79.0,916.0,127.6,45.8,61.8,0.75,Maize,4.49,339
55.9,23.8,75.3,965.8,50.0,43.7,68.6,2.48,Soybean,2.2,350
31.8,33.1,35.3,249.7,68.8,37.0,48.4,2.77,Bajra,2.03,786
50.1,19.3,62.8,740.9,22.9,58.0,75.0,3.55,Groundnut,1.8,883
51.3,19.7,41.4,193.1,29.9,44.1,34.4,2.58,Chickpea,1.67,786
79.8,25.7,68.8,1297.1,243.1,85.6,193.8,2.15,Sugarcane,8.67,595
68.4,25.7,66.8,296.4,153.3,59.5,68.4,2.91,Maize,4.8,504
76.0,30.3,91.5,1174.0,130.0,50.4,98.6,2.29,Rice,4.76,74
57.5,24.3,67.0,966.1,135.7,40.3,72.3,1.92,Maize,5.95,684
52.6,19.8,53.2,646.2,148.4,45.8,50.7,4.35,Wheat,4.76,609
72.3,24.0,80.1,1317.0,172.5,33.9,90.0,4.91,Rice,5.27,211
39.3,16.0,50.1,290.8,32.5,45.6,42.9,6.05,Chickpea,1.65,576
34.0,29.2,56.5,665.2,93.1,35.4,48.9,5.97,Bajra,1.82,488
79.8,26.6,78.3,1401.4,214.5,60.1,132.5,1.35,Sugarcane,9.9,242
62.7,32.1,60.8,478.3,139.3,58.1,65.8,3.84,Maize,3.84,341
57.6,30.7,78.1,103.6,149.9,52.4,30.7,3.24,Maize,3.72,687
53.1,23.5,73.5,585.6,134.5,36.3,43.3,0.87,Wheat,3.91,532
47.2,31.9,50.3,696.9,30.8,42.3,64.7,1.79,Groundnut,1.95,791
66.7,23.7,73.3,1083.7,42.8,67.0,47.0,4.16,Soybean,1.79,357
53.3,17.4,54.7,593.6,167.8,40.4,51.1,2.62,Wheat,4.61,671
38.6,17.4,61.5,398.7,30.6,42.8,27.7,5.47,Chickpea,1.92,616
79.2,33.3,76.0,1129.5,203.1,37.5,66.8,6.33,Rice,4.66,571
34.7,26.8,67.2,346.8,124.6,49.1,70.3,4.92,Cotton,2.36,680
58.8,21.7,64.5,745.7,49.2,59.3,46.0,2.14,Soybean,1.92,579
42.3,22.6,66.5,408.6,32.0,46.8,23.8,4.4,Chickpea,1.62,447
65.9,26.5,72.3,774.1,36.8,70.9,48.9,4.56,Soybean,2.41,268
67.1,29.4,75.4,627.1,49.2,50.6,43.5,3.83,Groundnut,2.04,326
23.9,30.1,47.9,190.8,74.8,24.5,57.6,3.38,Bajra,1.79,612
54.9,24.2,53.8,1094.7,33.5,68.8,54.6,3.59,Soybean,1.78,476
72.6,32.2,72.3,1408.1,189.9,104.9,179.9,5.01,Sugarcane,9.37,184
56.7,31.7,68.2,509.1,100.3,34.0,81.2,2.69,Cotton,2.8,785
61.0,25.0,61.9,689.8,38.2,61.0,75.8,0.85,Groundnut,1.78,592
43.6,26.3,65.7,947.6,34.9,69.6,43.9,2.31,Groundnut,1.8,169
56.0,27.6,78.4,1111.2,32.4,47.0,60.2,5.83,Groundnut,2.03,198
41.1,25.8,60.5,801.1,21.4,55.8,50.0,6.15,Groundnut,1.91,335
63.8,27.0,55.7,692.0,141.4,69.2,44.5,6.24,Wheat,3.93,635
59.5,17.8,57.5,341.6,147.5,39.7,35.5,2.99,Wheat,5.0,795
76.8,33.4,75.3,2097.4,132.7,48.2,65.9,4.11,Rice,3.63,127
57.4,23.0,56.8,554.7,120.3,59.1,50.2,3.72,Wheat,4.23,703
81.8,29.4,82.0,1299.6,107.6,49.6,86.0,0.5,Rice,6.36,280
62.7,25.0,79.0,859.8,72.3,48.2,66.2,1.46,Soybean,2.17,577
63.3,27.9,64.8,999.3,41.0,73.5,58.0,2.29,Soybean,2.7,702
89.9,28.4,82.7,1590.3,92.9,40.7,104.7,5.31,Rice,5.69,337
66.9,27.9,56.8,1100.0,150.3,49.1,47.0,3.04,Maize,4.65,650
43.0,19.3,54.7,241.5,29.8,46.2,36.8,6.49,Chickpea,1.64,658
68.0,29.8,66.2,1527.6,194.2,61.0,59.2,4.38,Maize,2.89,351
76.0,26.1,61.0,1239.6,53.2,45.1,58.2,4.11,Soybean,2.13,303
44.4,17.5,48.6,470.2,31.3,31.9,32.8,0.5,Chickpea,1.95,727
76.7,28.0,79.4,938.7,156.3,60.5,83.4,0.5,Rice,5.28,372
82.8,34.6,77.6,1765.5,250.0,84.4,158.7,1.31,Sugarcane,7.35,242
61.8,30.1,60.2,802.1,42.8,63.8,47.3,2.33,Groundnut,1.98,536
63.2,30.1,70.7,856.0,134.7,37.4,56.0,2.49,Maize,4.37,430
50.6,28.9,73.1,667.1,32.3,52.9,47.1,2.73,Groundnut,2.02,301
57.7,23.0,78.1,1011.9,120.2,39.3,45.4,0.8,Maize,5.55,301
48.6,30.2,68.3,882.2,37.6,75.6,46.6,1.33,Groundnut,1.89,655
47.7,16.7,51.6,397.1,20.0,64.1,31.4,1.16,Chickpea,1.32,626
49.7,25.0,66.4,669.3,38.9,54.3,58.7,2.96,Groundnut,2.06,736
77.7,25.5,71.8,1557.4,249.0,63.6,196.9,1.96,Sugarcane,10.79,184
77.0,28.0,70.6,943.5,194.2,27.6,97.5,2.72,Rice,5.41,236
38.5,29.8,45.2,655.1,74.1,28.9,42.3,4.27,Jowar,2.24,698
78.8,25.2,82.8,1926.1,131.3,39.8,95.7,4.52,Rice,4.05,376
57.3,18.1,41.1,461.9,30.0,38.0,23.0,2.19,Chickpea,1.75,624
72.7,24.0,56.9,1956.2,198.2,117.3,214.2,0.5,Sugarcane,9.55,526
34.4,33.0,48.4,383.0,69.2,30.8,40.9,6.73,Bajra,1.79,834
35.2,31.9,36.9,278.0,57.0,28.0,52.8,4.37,Bajra,2.03,940
43.9,21.0,52.9,322.3,38.1,60.0,47.5,2.34,Chickpea,1.46,645
50.5,29.9,73.5,997.6,40.0,63.1,39.9,2.84,Groundnut,2.04,412
52.7,27.1,75.8,959.2,112.3,48.9,62.2,1.85,Cotton,2.26,148
65.7,17.6,76.2,583.3,133.7,48.1,50.2,5.94,Wheat,4.3,455
92.0,24.4,83.5,2218.8,168.9,42.7,62.1,2.47,Rice,3.66,267
66.7,27.3,74.3,1157.6,38.3,51.7,35.4,2.06,Soybean,2.35,617
81.1,25.3,68.3,1825.9,84.4,53.7,111.4,2.48,Rice,5.77,159
82.4,26.8,67.9,2500.0,244.5,109.7,167.8,3.97,Sugarcane,9.48,155
41.4,30.4,55.6,680.6,123.5,51.3,44.0,2.71,Cotton,3.02,442
85.0,29.9,81.2,1865.5,154.8,63.0,70.8,2.95,Rice,5.61,410
51.7,16.7,65.9,719.7,166.5,65.0,56.7,3.24,Wheat,4.69,117
49.1,26.9,44.0,688.8,80.0,24.1,48.0,1.15,Jowar,1.88,513
74.5,26.2,80.6,1323.2,166.6,62.2,106.1,2.56,Rice,6.19,654
79.3,24.1,74.4,2500.0,158.4,68.6,168.7,1.75,Sugarcane,7.53,351
89.5,26.2,81.0,1271.7,177.0,40.9,106.0,4.26,Rice,5.45,125
58.1,33.8,48.4,732.1,133.1,39.5,95.2,3.02,Cotton,2.9,637
65.5,20.9,82.3,427.1,122.8,49.3,59.6,4.98,Wheat,4.65,557
55.5,18.8,45.0,187.8,110.5,53.2,46.2,3.49,Wheat,4.1,817
62.6,27.6,48.1,458.0,50.5,83.9,64.1,4.85,Soybean,1.97,646
83.6,25.6,70.5,1484.6,120.0,73.5,81.9,5.09,Rice,5.5,259
63.1,17.2,55.0,243.3,114.6,52.3,53.2,0.77,Wheat,4.05,787
42.1,34.4,61.5,391.0,56.7,20.8,38.4,5.77,Bajra,1.76,589
60.5,29.0,63.7,668.3,50.0,55.7,39.8,3.2,Soybean,2.29,665
35.2,29.1,47.9,256.2,72.8,37.8,43.7,3.14,Jowar,2.27,767
80.4,31.4,62.2,1097.3,194.4,40.0,94.7,0.5,Rice,4.86,422
49.5,24.6,60.8,741.8,149.0,43.1,51.8,2.89,Wheat,4.2,777
44.8,23.4,61.7,463.8,144.7,40.2,38.8,4.26,Wheat,4.24,501
41.3,31.5,48.7,879.6,26.5,50.8,55.6,4.73,Groundnut,2.22,694
35.5,30.3,43.0,382.3,54.0,27.7,38.2,7.07,Bajra,1.86,624
74.0,23.1,51.3,587.2,110.2,60.9,50.1,1.83,Wheat,4.1,607
44.1,31.5,68.5,1015.7,108.7,40.8,72.4,2.92,Cotton,2.36,417
53.9,28.9,56.6,1055.3,33.4,48.7,77.6,4.56,Groundnut,1.85,441
58.6,17.7,49.7,244.4,148.7,65.3,71.7,0.78,Wheat,4.1,731
50.2,26.8,44.3,236.4,74.2,29.4,36.6,2.63,Jowar,2.04,935
63.8,29.8,64.5,901.5,88.8,32.6,64.2,2.62,Cotton,2.89,793
72.8,28.3,68.9,436.8,188.0,39.2,91.1,3.86,Rice,5.4,752
56.8,18.1,75.2,194.7,134.0,72.2,44.0,1.56,Wheat,3.99,482
30.5,33.4,51.0,386.2,55.9,33.5,34.3,8.67,Bajra,2.22,896
63.3,18.3,48.7,588.2,80.2,37.9,58.5,6.4,Wheat,4.1,727
46.9,29.2,36.8,473.4,100.4,29.1,73.9,1.26,Cotton,2.89,1023
42.7,15.9,47.7,520.8,27.7,45.1,40.2,1.94,Chickpea,1.39,479
67.1,26.1,64.6,992.9,42.9,37.0,41.3,1.71,Soybean,2.34,722
74.1,28.1,58.0,1044.3,40.0,68.5,52.9,2.55,Soybean,2.11,441
24.2,29.1,48.6,501.1,73.6,30.0,51.6,6.15,Jowar,1.93,853
35.5,29.9,43.3,567.5,55.7,27.4,50.7,0.99,Bajra,1.77,628
53.1,27.7,52.3,795.0,114.1,39.9,47.6,0.5,Wheat,2.91,753
57.4,23.0,63.0,442.2,148.7,46.2,69.8,5.34,Wheat,5.67,528
29.6,30.5,44.7,312.4,68.8,36.2,34.6,1.06,Bajra,2.11,426
84.6,30.6,79.1,1370.3,187.8,65.0,68.5,5.32,Rice,5.42,184
45.2,29.3,41.5,329.6,78.9,29.8,51.2,7.53,Jowar,1.98,701
28.9,34.1,48.3,271.8,45.7,26.6,34.5,5.83,Bajra,1.61,704
32.9,30.2,50.3,312.4,60.1,28.6,46.4,3.36,Jowar,1.88,332
48.1,32.7,55.6,692.3,136.1,47.9,77.5,0.79,Cotton,2.55,410
50.1,18.8,63.6,435.1,27.5,41.1,39.6,2.08,Chickpea,1.91,454
60.4,30.0,65.2,899.9,129.3,46.1,42.5,4.47,Maize,5.14,464
51.5,29.8,63.0,666.5,33.1,41.6,35.5,6.85,Groundnut,2.21,578
59.9,25.4,52.5,939.8,137.8,32.7,50.5,2.29,Maize,6.47,462
63.7,30.0,76.2,1174.6,38.1,47.8,59.4,2.66,Soybean,2.14,142
56.1,21.0,74.3,503.4,158.4,31.0,53.0,5.0,Wheat,4.4,523
47.0,13.6,60.1,504.4,25.5,70.0,42.6,4.43,Chickpea,1.44,535
83.4,25.9,85.8,1435.3,188.8,50.3,93.3,2.19,Rice,5.56,423
47.6,16.8,62.7,468.0,27.8,45.4,25.9,4.71,Chickpea,1.67,489
48.9,27.1,69.1,209.4,46.3,60.2,54.6,2.37,Soybean,2.1,655
37.4,31.3,50.8,359.8,66.5,29.9,39.0,6.79,Bajra,2.26,534
61.2,28.9,57.2,757.7,109.2,44.0,82.0,4.8,Cotton,2.64,619
51.8,25.8,73.2,1167.0,83.8,44.0,45.6,4.79,Maize,5.07,416
67.0,31.1,78.9,463.8,54.2,65.3,49.9,1.05,Soybean,1.68,516
59.5,22.5,56.3,620.2,39.5,71.1,44.4,1.8,Soybean,1.5,455
57.6,28.7,52.6,1358.8,118.1,38.8,68.7,4.11,Cotton,1.84,518
58.2,27.8,87.0,1086.1,43.6,57.5,28.1,2.77,Soybean,2.12,181
66.5,22.8,59.0,845.1,34.2,58.6,48.9,2.93,Soybean,2.13,527
61.5,29.8,79.9,590.4,141.4,33.2,65.1,1.27,Maize,4.82,519
52.8,25.7,59.2,751.8,117.0,40.6,34.8,3.32,Wheat,3.36,1023
72.4,25.7,80.6,1184.5,183.4,50.8,105.7,1.72,Rice,5.88,352
56.0,25.0,64.0,1045.1,29.3,50.6,65.7,1.25,Groundnut,1.59,599
75.9,26.2,81.1,1909.5,160.5,49.7,83.9,4.45,Rice,5.32,283
52.2,20.4,76.6,799.3,132.6,49.3,59.2,5.66,Maize,4.65,598
66.0,23.3,64.3,870.7,144.9,58.5,57.3,7.21,Maize,5.67,580
64.9,25.8,57.8,707.1,140.5,66.6,72.0,2.44,Maize,4.61,742
36.3,26.8,39.5,401.6,64.8,24.0,24.3,3.89,Jowar,2.05,799
46.9,24.7,38.2,1005.7,123.1,41.6,59.7,2.75,Cotton,2.33,1023
92.0,28.5,80.1,1852.2,204.6,89.4,175.0,6.18,Sugarcane,10.52,492
62.6,20.2,62.7,966.8,112.8,36.7,41.8,2.62,Wheat,4.12,242
47.8,28.3,64.4,464.7,150.8,46.0,36.0,3.25,Maize,4.36,605
64.0,24.7,59.3,1025.3,175.2,39.2,66.0,3.52,Maize,5.36,539
46.9,30.4,59.7,700.6,148.7,31.0,87.4,2.85,Cotton,3.04,221
39.6,31.3,50.2,512.8,59.0,22.6,40.5,3.11,Bajra,1.74,525
55.6,23.0,58.9,808.2,50.9,72.5,72.9,2.55,Soybean,2.08,486
39.7,17.0,47.4,303.3,23.5,49.1,34.2,4.74,Chickpea,1.62,589
46.4,33.0,57.1,1086.7,101.0,42.0,83.4,5.47,Cotton,2.71,557
49.1,19.9,66.6,686.3,23.4,41.2,43.5,4.19,Chickpea,1.38,234
44.1,13.2,43.3,465.3,24.9,34.2,35.1,7.39,Chickpea,1.4,829
37.4,41.4,63.0,677.4,48.9,22.9,54.5,3.68,Bajra,1.31,664
46.7,30.5,47.8,821.0,63.9,34.2,39.7,5.26,Bajra,1.55,696
90.2,24.0,87.5,2211.0,145.8,58.4,90.3,2.73,Rice,3.98,152
77.3,23.8,83.6,1455.3,172.5,50.4,84.9,1.64,Rice,4.47,297
82.8,21.4,73.0,1151.0,183.9,40.2,94.3,1.77,Rice,4.65,333
71.6,24.3,67.5,1674.5,249.7,44.9,162.9,0.5,Sugarcane,10.25,562
48.0,21.7,56.8,631.7,121.1,61.1,62.1,4.05,Wheat,5.41,675
51.4,26.5,65.9,610.1,49.3,62.4,58.9,5.11,Soybean,2.33,839
86.7,25.6,80.3,2031.3,201.3,53.0,101.0,0.5,Rice,4.48,202
53.2,29.4,75.5,740.6,37.3,57.7,63.9,4.55,Soybean,2.05,664
69.4,21.7,59.3,1309.2,111.9,52.0,50.1,4.09,Maize,3.89,402
49.1,18.4,65.6,441.5,137.8,45.1,51.5,1.9,Wheat,4.03,526
52.1,26.4,55.8,323.1,28.3,56.7,43.2,3.58,Chickpea,1.55,479
50.9,30.2,59.3,1158.2,38.7,46.3,41.7,3.56,Groundnut,1.95,592
67.5,22.1,68.8,584.1,128.4,47.8,48.4,4.12,Wheat,4.87,500
76.9,24.9,88.0,1538.9,166.1,68.4,82.3,3.41,Rice,5.64,358
56.6,23.6,65.6,285.7,85.0,57.9,54.2,3.88,Maize,3.4,805
43.7,25.8,76.8,1024.2,38.9,74.6,62.2,1.08,Groundnut,2.15,384
85.1,29.9,76.6,2450.5,148.6,51.1,111.9,2.59,Rice,5.12,300
65.7,29.6,76.6,785.1,49.8,52.6,64.4,3.47,Soybean,1.9,564
55.4,31.2,76.5,981.9,48.4,35.8,70.7,4.54,Soybean,1.93,391
79.2,24.7,76.6,493.1,136.7,65.2,85.1,5.94,Rice,4.05,375
57.5,32.9,69.8,1116.2,26.5,53.8,44.5,4.97,Soybean,1.98,490
44.0,15.7,63.9,469.0,114.0,46.0,38.6,5.81,Wheat,4.87,641
77.8,23.3,78.6,668.4,180.5,64.7,81.4,2.25,Rice,4.31,545
42.5,18.6,51.7,503.5,28.9,44.3,24.9,2.16,Chickpea,2.01,780
87.0,34.3,78.5,1141.9,129.6,40.4,60.5,2.06,Rice,4.26,263
71.2,33.9,71.2,1388.7,181.6,38.6,89.8,2.88,Rice,5.23,460
47.8,21.5,49.6,75.4,36.0,40.9,44.7,5.18,Chickpea,1.55,905
78.2,23.8,71.2,996.6,159.8,42.6,102.6,2.87,Rice,5.18,367
73.6,28.4,82.7,910.1,180.0,48.6,98.2,0.51,Rice,4.88,420
70.7,29.6,70.0,1693.0,180.4,59.0,87.3,4.66,Rice,4.56,267
68.5,31.6,76.9,702.7,52.0,42.0,48.5,2.63,Soybean,2.02,458
70.5,24.6,64.3,603.8,52.2,56.3,75.6,2.43,Soybean,1.66,813
62.6,22.1,70.8,802.2,147.1,55.0,53.3,4.36,Wheat,4.41,494
66.3,34.1,61.3,195.7,44.8,86.2,58.1,4.56,Soybean,1.39,467
42.4,26.7,74.6,1197.8,46.0,48.6,43.3,4.08,Soybean,1.8,442
56.1,25.7,72.8,1023.2,112.0,33.0,51.1,3.99,Maize,4.97,457
31.5,34.6,43.3,819.7,70.7,32.7,47.4,2.15,Jowar,1.74,847
67.2,17.4,57.8,900.4,163.1,28.3,62.5,2.62,Maize,4.07,342
55.1,19.0,49.6,305.0,110.3,65.4,41.9,4.19,Wheat,3.47,546
57.4,17.4,89.5,697.5,117.9,49.8,34.7,2.63,Wheat,5.05,328
53.3,23.2,70.6,1486.1,42.9,64.8,70.2,3.66,Soybean,1.65,142
64.4,26.2,52.1,851.1,115.9,28.4,67.1,2.03,Maize,6.4,782
64.5,22.8,64.9,493.7,162.2,43.9,55.2,1.59,Maize,5.07,237
73.1,27.8,80.6,1054.1,112.1,45.5,88.7,3.54,Rice,5.97,233
61.3,28.4,71.5,1103.9,36.5,39.0,54.4,1.69,Soybean,2.26,194
75.5,24.5,49.8,1175.6,99.7,61.3,37.1,2.18,Maize,4.05,481
66.6,25.7,72.3,1118.8,128.2,45.7,61.3,6.14,Maize,5.5,540
52.5,32.9,61.1,854.2,59.5,28.1,52.1,5.07,Jowar,1.5,630
68.5,27.0,56.8,990.4,117.6,50.5,65.8,2.13,Maize,4.57,696
53.8,25.9,62.8,1278.6,40.2,54.2,59.7,5.57,Soybean,2.26,562
45.5,32.2,28.9,32.3,69.2,27.3,42.1,4.58,Bajra,1.71,520
48.5,30.3,55.1,548.6,40.0,41.1,69.7,6.97,Groundnut,2.03,667
64.8,26.7,60.7,449.4,89.3,59.2,37.1,2.93,Maize,4.8,303
62.9,25.0,79.0,592.6,124.5,35.8,48.1,3.33,Maize,5.03,352
62.2,30.0,61.7,1075.2,57.5,71.5,39.6,3.13,Soybean,2.11,442
53.8,27.6,59.2,709.9,26.3,83.1,63.9,5.17,Groundnut,2.33,484
68.3,24.9,67.5,1041.9,235.0,35.2,88.4,4.7,Rice,4.6,538
92.0,26.1,69.2,2154.1,195.4,53.5,110.5,3.22,Rice,4.89,191
36.4,17.8,40.5,290.4,26.2,35.9,29.4,3.63,Chickpea,1.64,1019
59.6,15.5,56.7,400.8,141.7,22.6,36.5,1.3,Wheat,4.08,719
64.1,13.1,56.8,400.8,165.8,30.7,41.4,0.5,Wheat,3.59,809
73.8,26.5,54.0,1080.1,153.7,32.0,53.7,3.74,Maize,4.79,680
29.8,32.3,45.6,330.0,71.1,31.6,37.5,0.5,Jowar,1.84,852
58.2,26.6,64.2,718.2,178.9,43.0,66.7,3.29,Maize,6.19,522
45.3,17.8,47.4,227.7,27.3,52.0,28.5,1.88,Chickpea,1.6,1017
51.0,20.9,53.2,219.2,29.3,54.2,25.7,2.77,Chickpea,1.3,510
34.2,29.5,61.7,286.9,58.9,24.8,44.3,4.62,Jowar,1.98,674
48.6,21.5,65.9,505.7,141.3,50.3,26.8,3.79,Wheat,4.54,543
56.3,24.8,57.6,1300.3,48.7,68.9,46.8,4.56,Soybean,2.25,472
42.4,17.0,68.8,197.4,127.9,53.3,44.6,4.16,Wheat,3.41,609
42.9,41.6,51.7,438.3,64.0,31.6,34.3,3.34,Bajra,1.67,542
77.4,30.3,81.5,1899.5,161.6,55.9,90.1,5.08,Rice,6.16,400
35.8,30.4,68.0,696.8,127.1,53.0,79.6,3.36,Cotton,2.52,624
53.5,25.8,70.7,1161.7,61.5,47.9,61.8,0.5,Soybean,2.44,438
50.0,18.2,40.3,564.7,20.1,30.5,39.3,2.89,Chickpea,1.27,837
39.5,26.5,42.1,767.6,86.9,23.8,43.0,3.24,Jowar,2.07,527
49.7,19.3,64.4,667.7,123.4,45.5,59.5,3.97,Wheat,4.85,253
52.8,16.7,50.3,331.2,122.1,45.0,50.6,5.83,Wheat,3.47,591
48.8,32.1,60.1,790.3,126.8,40.5,67.4,1.99,Cotton,3.27,515
49.1,19.4,50.2,421.6,26.4,49.2,31.9,0.5,Chickpea,1.68,1023
92.0,28.6,81.4,2034.9,172.9,58.4,120.3,1.22,Rice,5.26,218
60.9,15.4,59.8,716.0,126.4,58.6,48.5,2.37,Wheat,4.17,724
69.4,26.0,68.5,1693.5,170.6,50.6,87.3,3.02,Rice,5.6,506
43.5,26.0,32.3,578.1,54.0,36.9,49.1,5.37,Bajra,1.85,1023
82.1,26.8,86.2,2087.9,203.7,54.6,74.6,5.16,Rice,4.78,240
69.3,23.5,86.7,1507.8,175.9,57.0,71.5,3.37,Rice,5.01,374
51.7,21.7,68.1,413.4,100.5,53.2,62.3,2.78,Wheat,4.87,507
66.2,26.4,66.9,615.1,25.3,76.1,72.6,4.38,Groundnut,1.86,387
45.4,20.0,53.5,538.4,29.5,26.4,34.8,1.84,Chickpea,1.63,478
52.7,22.8,63.4,521.8,44.4,63.9,52.8,3.03,Soybean,1.87,439
82.6,28.3,76.6,1706.9,177.9,60.9,98.2,3.13,Rice,6.2,538
48.4,18.3,37.5,439.4,26.2,54.6,39.0,2.55,Chickpea,1.61,798
67.2,24.9,77.7,1119.7,118.1,38.2,70.7,6.1,Maize,4.45,352
78.2,25.7,82.3,1473.3,185.8,52.6,103.9,2.17,Rice,5.97,307
81.8,32.8,78.2,1802.7,250.0,94.5,194.4,2.21,Sugarcane,9.04,208
37.8,25.3,52.2,706.5,63.2,32.0,37.1,3.24,Jowar,1.87,618
72.3,22.7,83.6,1033.9,128.0,53.3,85.6,2.93,Maize,4.61,337
57.1,23.7,68.0,910.5,47.6,52.7,35.6,1.61,Soybean,2.49,576
62.8,20.3,53.8,898.6,156.7,59.8,37.4,5.22,Wheat,4.3,729
44.0,23.3,56.7,573.6,33.7,46.4,93.9,1.72,Groundnut,1.89,352
49.5,37.7,52.5,872.1,144.2,50.3,65.3,0.57,Cotton,2.2,636
77.0,25.2,76.2,1592.9,119.7,36.6,103.6,2.59,Rice,4.84,545
43.5,16.7,31.7,70.2,31.9,42.0,44.2,3.76,Chickpea,1.51,661
79.7,27.2,82.4,1507.0,161.8,59.6,106.9,3.82,Rice,6.21,261
54.3,21.3,69.7,459.1,129.4,47.1,49.9,3.9,Wheat,4.15,545
55.4,14.3,56.2,555.0,127.3,43.7,39.7,2.33,Wheat,4.62,782
68.3,24.9,66.1,637.5,38.5,70.2,54.3,4.55,Soybean,2.15,617
35.1,16.4,47.5,265.5,31.0,48.8,37.5,2.05,Chickpea,1.62,674
80.4,27.0,84.9,2057.4,120.5,26.3,123.1,1.67,Rice,4.54,309
51.0,21.7,54.5,276.7,30.5,50.5,31.5,5.9,Chickpea,1.45,819
35.4,20.3,51.1,401.9,40.5,51.7,39.9,1.55,Chickpea,1.82,728
61.0,36.0,64.2,717.3,48.0,46.4,64.0,3.14,Soybean,1.51,818
48.2,31.8,61.2,772.1,31.7,41.8,72.5,5.6,Groundnut,2.06,612
59.5,24.4,74.2,1126.6,53.0,72.5,55.2,4.49,Soybean,2.25,238
60.6,27.1,67.4,649.8,49.3,63.8,65.5,3.93,Soybean,2.33,391
45.5,27.2,43.7,460.8,53.6,20.5,56.0,5.31,Jowar,2.18,691
45.5,18.7,47.5,324.4,30.3,49.1,32.8,3.59,Chickpea,2.08,669
52.8,15.7,60.7,424.7,157.3,63.2,51.2,0.5,Wheat,4.62,690
63.9,23.8,78.4,869.1,58.7,73.9,69.5,3.18,Soybean,2.31,456
67.3,30.4,50.2,606.8,196.1,54.9,61.2,0.5,Maize,4.83,916
59.9,28.0,64.8,804.2,88.9,33.1,37.6,2.51,Wheat,3.02,640
88.6,24.1,78.1,999.1,165.6,59.8,98.9,2.53,Rice,4.48,618
43.4,25.9,53.5,777.1,69.7,39.4,26.2,5.64,Jowar,1.82,487
60.7,28.3,81.1,917.3,174.5,48.4,101.2,5.43,Rice,5.14,309
61.3,27.7,71.7,842.6,132.2,48.4,52.8,2.54,Maize,5.76,562
50.9,20.8,57.0,604.5,82.0,57.5,47.4,6.13,Wheat,3.64,614
62.8,32.4,58.8,767.4,51.3,59.8,40.2,0.5,Soybean,1.83,663
35.5,27.1,43.8,559.8,61.5,33.7,58.1,3.88,Jowar,2.17,740
79.2,26.7,83.1,1616.5,237.5,109.3,142.2,2.89,Sugarcane,11.49,188
72.9,23.9,83.7,1862.1,197.4,64.9,92.8,1.89,Rice,4.69,521
45.8,30.1,33.8,248.5,56.3,37.1,20.0,4.68,Jowar,1.77,971
57.3,31.0,63.3,930.2,57.5,58.7,53.0,1.99,Soybean,2.15,269
85.3,28.2,85.1,1143.7,131.6,76.2,63.5,5.24,Rice,5.62,226
66.2,24.8,62.8,928.5,162.6,44.8,48.9,1.44,Maize,4.91,518
60.7,20.2,72.1,272.1,32.9,54.4,34.0,3.45,Chickpea,1.66,631
86.6,28.0,70.0,2111.3,180.0,108.0,206.9,2.76,Sugarcane,11.86,306
74.8,28.1,87.9,1089.8,216.6,55.7,95.1,3.03,Rice,5.87,98
67.4,32.5,56.7,731.9,133.3,51.6,77.9,2.88,Maize,4.07,716
60.3,23.5,63.1,967.1,130.6,39.6,66.2,1.49,Maize,4.75,475
48.4,16.3,80.5,341.2,34.5,53.9,34.4,5.79,Chickpea,1.81,638
88.5,30.9,78.6,1745.3,188.5,111.6,192.9,1.57,Sugarcane,9.24,347
59.4,28.6,65.9,792.7,41.7,63.5,69.8,4.81,Groundnut,2.24,663
38.7,31.7,41.1,0.0,63.3,26.5,35.0,3.13,Jowar,2.02,905
78.3,27.9,68.6,1204.1,182.5,58.1,98.5,0.5,Rice,5.02,572
85.8,27.6,79.7,1705.0,213.6,70.4,140.4,3.39,Sugarcane,9.66,219
50.1,17.2,54.9,378.8,70.9,59.0,34.0,1.78,Wheat,4.62,803
92.0,24.2,80.5,1261.7,135.8,38.3,95.0,4.45,Rice,4.7,372
65.3,29.5,65.1,642.2,139.2,28.1,47.4,2.69,Maize,4.81,340
56.3,25.3,65.7,736.5,55.6,54.3,53.7,3.48,Soybean,2.35,456
54.7,16.3,49.3,342.1,123.8,46.2,38.2,5.58,Wheat,4.16,636
46.4,30.9,50.7,629.6,92.8,38.9,69.5,5.32,Cotton,3.1,718
80.4,25.2,72.1,1508.9,171.3,47.0,80.4,1.46,Rice,5.03,478
55.6,26.7,65.2,848.9,54.2,62.3,54.1,1.44,Soybean,2.72,334
60.7,18.7,51.3,1019.5,136.6,57.7,52.3,3.61,Wheat,3.64,705
74.3,29.0,79.4,1434.4,151.1,77.9,66.3,2.79,Rice,5.5,319
41.1,22.0,55.6,346.6,34.2,49.4,24.9,3.06,Chickpea,1.85,479
47.2,19.7,41.2,250.5,29.1,42.0,36.0,1.19,Chickpea,1.66,881
73.7,28.2,79.8,1824.6,177.1,75.7,98.9,3.63,Rice,5.77,167
40.3,31.1,57.0,650.2,54.6,35.4,36.8,1.88,Jowar,2.22,411
64.6,18.7,58.4,1020.0,144.7,54.3,36.6,2.47,Wheat,3.51,655
88.4,28.3,85.8,1786.5,234.8,78.5,166.9,4.56,Sugarcane,11.83,392
71.1,21.5,56.1,591.8,82.1,41.6,51.3,4.47,Wheat,4.18,508
46.0,19.5,48.8,116.3,26.9,59.7,28.7,2.57,Chickpea,1.38,881
69.4,27.7,78.0,1574.2,166.3,46.4,95.5,1.87,Rice,6.17,479
78.7,25.3,93.5,1733.1,164.3,68.1,111.3,3.86,Rice,6.44,136
34.6,25.8,56.5,604.4,63.8,34.8,41.1,3.87,Jowar,1.91,915
47.1,21.1,57.7,260.4,37.9,46.8,32.4,4.75,Chickpea,1.67,629
52.8,24.6,69.8,925.1,37.2,55.7,51.4,5.03,Soybean,2.34,496
72.9,27.0,62.8,757.6,177.1,49.3,60.9,3.27,Maize,5.79,168
54.7,14.8,67.5,867.5,160.1,46.5,62.4,0.5,Wheat,3.35,585
59.7,27.3,46.3,630.2,115.4,45.5,96.3,1.65,Cotton,2.78,582
54.8,17.6,67.4,550.6,131.2,48.4,47.2,0.72,Wheat,5.36,596
41.5,32.0,48.9,927.9,115.4,30.2,80.3,5.19,Cotton,3.14,359
79.4,25.4,86.1,2145.8,199.5,66.5,80.9,5.86,Rice,5.35,399
80.5,29.6,80.1,1338.2,188.8,63.8,98.7,0.5,Rice,5.83,562
73.5,24.6,77.1,2420.2,232.4,78.5,232.2,5.71,Sugarcane,7.94,537
75.7,25.6,80.6,1578.8,193.4,38.7,80.4,4.31,Rice,5.42,0
37.7,31.2,54.3,1176.7,38.0,44.6,63.9,2.61,Groundnut,1.7,642
32.8,33.7,44.4,396.3,82.8,21.0,42.9,5.77,Jowar,1.65,770
68.6,28.9,71.3,712.7,157.8,55.6,76.1,5.44,Rice,4.89,10
68.4,22.3,80.5,2019.5,204.5,47.5,113.8,5.21,Rice,4.36,150
73.5,25.3,84.3,1155.0,158.7,55.9,62.7,3.44,Rice,5.13,315
63.2,24.9,72.1,690.7,56.8,88.6,57.5,3.4,Soybean,2.43,694
67.1,30.9,93.9,1944.7,196.0,69.8,108.2,5.16,Rice,4.77,69
76.3,32.4,88.4,1525.6,146.8,76.5,204.8,2.32,Sugarcane,8.66,296
40.5,21.0,54.4,179.8,24.7,54.6,31.9,3.75,Chickpea,1.77,664
66.1,21.4,77.8,879.2,42.2,68.4,64.2,1.31,Soybean,1.6,464
54.1,19.6,56.1,514.4,135.5,58.3,56.2,2.08,Wheat,5.4,559
53.9,32.7,51.3,688.4,57.0,54.4,44.9,3.88,Soybean,1.77,774
53.7,20.2,62.9,527.5,123.7,33.8,41.7,3.97,Wheat,4.92,718
52.4,22.0,56.4,341.1,132.5,61.7,55.1,0.58,Wheat,4.33,430
84.1,31.0,78.6,1648.0,174.5,97.3,161.5,2.17,Sugarcane,9.61,487
78.5,28.8,79.8,1323.5,126.3,35.1,104.1,3.73,Rice,6.76,226
60.7,24.5,66.1,1035.4,35.2,72.6,62.1,4.1,Soybean,2.32,436
54.5,28.7,63.7,677.1,52.5,50.2,65.4,3.27,Soybean,2.25,717
68.6,22.9,62.0,786.4,160.9,53.8,35.4,6.36,Wheat,4.09,558
63.7,27.7,63.2,1410.4,130.4,36.4,42.1,1.07,Maize,4.6,543
83.3,29.6,94.3,1294.2,188.9,24.1,122.1,2.08,Rice,5.62,375
86.9,26.9,84.1,1588.5,244.4,66.4,109.4,3.21,Rice,6.4,378
76.8,28.2,75.2,1725.0,161.2,57.6,70.3,4.98,Rice,5.17,246
60.6,25.8,61.1,1057.7,79.9,49.8,56.2,2.94,Maize,5.21,368
82.5,30.3,72.2,1933.6,210.8,120.0,153.1,4.77,Sugarcane,10.4,432
51.4,33.9,63.9,362.1,68.6,28.7,58.9,2.53,Bajra,1.84,699
57.5,31.3,31.3,695.6,83.5,34.2,49.2,3.01,Jowar,1.79,826
77.0,27.5,78.1,1465.8,219.3,80.7,153.2,1.35,Sugarcane,9.94,309
46.2,16.3,65.4,296.6,30.4,53.4,20.0,2.84,Chickpea,1.83,712
86.2,30.8,88.7,2088.8,173.4,53.1,94.7,4.05,Rice,4.24,210
49.5,16.7,56.3,107.9,120.2,48.7,31.8,1.98,Wheat,3.14,458
45.0,20.4,50.6,382.6,26.6,56.4,28.0,4.75,Chickpea,1.86,722
52.3,29.0,63.4,1152.4,54.8,65.9,71.2,2.3,Soybean,2.01,564
82.3,27.9,86.1,1280.9,174.9,60.7,70.9,1.9,Rice,5.34,425
76.8,27.4,82.7,1097.7,125.5,48.9,64.4,3.6,Rice,5.25,211
65.3,26.9,52.7,1289.9,112.1,52.6,51.4,1.5,Maize,4.23,436
49.7,24.3,66.3,603.0,45.6,55.9,59.5,2.94,Soybean,2.09,585
58.0,23.3,50.4,430.0,148.4,46.9,53.5,4.86,Wheat,4.73,606
85.5,28.1,79.9,1908.5,157.7,48.5,94.4,3.8,Rice,5.09,271
57.4,33.3,58.5,703.7,97.6,41.2,71.2,3.14,Cotton,2.66,727
62.3,22.2,65.5,976.8,140.3,48.4,77.5,0.81,Maize,5.72,554
80.8,29.7,81.2,1832.6,174.2,53.3,130.4,5.51,Rice,5.2,563
39.0,21.1,52.4,41.4,29.8,38.8,46.6,2.97,Chickpea,1.33,751
38.3,27.7,70.7,661.7,41.2,49.2,78.0,6.34,Groundnut,2.23,757
64.6,34.5,72.7,799.9,111.9,58.2,48.7,7.3,Maize,4.63,625
84.0,27.8,85.0,2207.5,141.0,52.3,74.5,2.8,Rice,4.82,619
39.7,25.5,43.2,470.9,104.9,35.2,76.4,2.93,Cotton,2.39,725
33.9,18.6,46.2,364.2,25.5,52.7,32.2,0.5,Chickpea,1.84,701
58.5,22.3,61.7,1466.7,191.2,44.2,51.5,1.67,Maize,3.8,664
84.4,28.1,80.5,1782.8,179.3,82.1,149.9,1.29,Sugarcane,9.5,213
33.2,36.2,58.3,675.1,45.5,28.5,44.2,3.12,Bajra,1.43,518
80.5,30.0,79.1,1387.6,166.7,51.1,66.5,3.76,Rice,5.64,382
79.5,27.7,74.5,2245.6,126.8,101.2,199.6,3.69,Sugarcane,9.74,341
31.7,29.9,54.5,490.4,67.4,31.6,35.6,5.8,Jowar,1.87,425
56.5,19.2,46.6,397.0,156.4,48.6,42.6,2.47,Wheat,5.37,749
38.5,28.4,60.6,513.5,36.1,54.3,38.9,4.88,Groundnut,1.78,546
44.2,29.8,52.8,290.0,86.0,29.9,27.3,6.42,Jowar,1.89,674
58.5,25.3,68.8,888.6,57.3,55.4,63.0,4.55,Soybean,2.57,509
56.5,25.0,64.9,994.1,45.0,67.6,50.6,1.51,Soybean,2.27,470
50.7,21.3,45.1,594.7,138.3,47.1,47.9,2.95,Wheat,3.92,864
79.2,29.2,77.4,1175.0,179.3,51.7,73.5,4.2,Rice,5.62,458
76.9,27.4,74.2,368.8,205.9,29.5,53.6,4.96,Rice,4.78,478
53.9,24.4,58.4,453.7,111.1,38.9,52.7,6.35,Wheat,3.87,631
40.2,30.8,72.5,562.8,74.4,27.6,37.1,0.5,Bajra,1.47,656
78.9,28.3,78.7,1728.6,194.2,45.6,78.4,4.82,Rice,6.05,434
78.3,31.4,74.2,1639.9,194.4,85.3,154.7,2.77,Sugarcane,9.38,548
48.0,23.0,58.3,858.1,136.9,48.6,51.0,5.64,Wheat,3.85,549
54.3,33.2,69.3,271.1,158.1,49.1,58.9,2.54,Maize,3.74,580
61.4,25.7,72.0,1114.8,41.2,50.7,39.0,5.28,Soybean,2.0,742
40.7,30.1,55.9,579.7,107.7,42.6,58.6,2.05,Cotton,2.73,618
47.6,29.7,53.7,829.9,40.0,48.3,42.6,5.39,Groundnut,2.29,869
29.6,24.6,44.4,382.8,49.3,21.3,30.9,3.5,Bajra,1.41,859
39.4,22.9,47.0,337.4,25.9,38.8,34.6,3.16,Chickpea,1.86,650
70.0,20.7,70.8,1232.4,60.5,61.7,43.0,5.64,Soybean,1.59,211
79.0,33.7,72.2,1676.5,153.5,72.5,187.3,4.59,Sugarcane,8.07,462
53.4,22.4,40.8,285.0,35.9,43.5,47.7,1.84,Chickpea,1.51,654
62.8,20.3,62.5,296.6,157.6,54.5,50.1,4.91,Wheat,4.17,500
60.5,26.5,71.4,781.8,34.5,57.6,58.9,3.9,Groundnut,1.74,212
51.5,25.8,62.1,463.6,123.4,42.5,41.2,3.76,Wheat,4.06,775
78.2,28.4,72.7,1250.8,182.4,107.8,212.4,3.44,Sugarcane,11.17,427
63.3,26.9,84.9,1715.0,172.6,54.1,76.3,2.59,Rice,5.6,281
41.8,22.8,46.7,211.4,67.9,44.1,48.6,4.3,Jowar,1.55,794
41.8,26.0,48.4,538.2,61.5,24.5,56.2,2.9,Jowar,2.26,722
80.9,24.4,69.5,1004.1,135.0,54.5,68.2,1.11,Rice,4.7,481
53.6,30.2,42.1,839.2,115.6,38.3,55.3,4.67,Maize,4.77,775
35.2,30.2,55.4,148.0,56.4,29.8,34.0,3.94,Bajra,1.77,638
35.2,32.5,60.1,485.1,58.8,34.3,35.0,4.31,Jowar,1.93,208
44.9,34.9,56.3,592.8,71.0,40.0,45.0,3.97,Jowar,1.75,734
33.9,33.5,53.8,442.7,68.1,29.7,41.8,2.88,Bajra,1.88,723
76.0,30.4,77.4,2396.4,244.9,81.7,187.3,4.61,Sugarcane,8.36,261
81.7,29.9,76.7,642.2,177.0,52.6,85.8,2.51,Rice,4.34,701
78.3,30.6,78.0,1715.8,234.6,64.2,88.8,3.38,Rice,6.87,106
43.7,13.4,54.0,41.2,27.9,53.6,46.2,5.01,Chickpea,1.37,257
58.2,24.8,63.3,656.9,23.1,62.3,78.5,5.4,Groundnut,1.99,788
58.7,24.1,71.1,1312.5,35.4,84.4,82.2,1.64,Soybean,2.0,480
65.7,18.6,72.3,736.0,104.8,51.9,56.6,3.0,Wheat,3.87,226
89.7,29.0,80.3,1059.1,155.2,41.9,126.2,6.6,Rice,6.4,316
58.2,31.8,56.7,791.8,83.6,38.7,55.0,2.84,Cotton,2.07,688
88.8,26.5,86.0,1881.5,194.2,48.8,78.8,2.52,Rice,4.48,69
59.3,22.4,69.9,472.8,101.2,27.9,49.0,0.5,Wheat,4.31,616
45.9,17.7,35.2,237.1,31.5,46.6,35.6,5.1,Chickpea,1.4,1023
59.8,21.6,52.4,777.1,141.3,57.6,45.7,2.46,Wheat,3.41,842
70.5,32.7,75.2,2221.7,205.2,99.2,161.4,1.83,Sugarcane,7.3,282
47.7,30.0,65.7,1178.0,149.2,37.8,54.7,3.36,Maize,3.76,524
71.7,32.6,83.7,1914.0,142.3,44.8,84.9,1.47,Rice,4.85,120
41.4,19.6,51.3,317.4,26.0,64.3,39.1,0.85,Chickpea,1.77,711
63.3,24.0,66.4,1032.9,132.6,32.4,81.7,2.97,Maize,4.98,436
53.5,18.0,60.9,737.1,164.7,58.7,43.1,4.91,Wheat,4.12,414
78.9,24.2,81.4,1544.2,89.7,44.7,104.6,3.71,Rice,5.11,110
71.2,27.4,78.3,1718.9,198.2,80.5,251.8,4.7,Sugarcane,11.9,616
79.6,29.5,76.2,1951.4,250.0,120.0,182.5,4.53,Sugarcane,12.0,321
63.7,19.4,63.7,645.3,85.4,50.3,34.4,4.68,Wheat,4.97,400
62.6,14.8,37.9,334.9,123.3,58.6,39.3,0.59,Wheat,3.54,711
60.4,27.6,63.1,934.7,159.5,43.7,48.4,2.87,Maize,5.14,754
44.5,31.3,55.0,578.3,58.1,28.7,49.1,6.91,Bajra,1.65,882
56.6,31.2,75.1,812.3,112.8,39.9,65.1,7.33,Maize,4.4,353
61.2,17.1,67.2,593.0,111.0,50.3,43.4,3.56,Wheat,4.24,567
92.0,28.3,83.5,1093.8,190.7,52.4,83.2,5.13,Rice,5.01,489
54.2,21.8,59.1,186.7,153.8,62.0,49.9,0.94,Wheat,3.53,596
44.9,30.3,58.0,412.4,67.0,24.1,39.7,5.98,Jowar,2.11,449
58.0,18.8,71.7,1016.9,156.6,40.7,64.9,4.51,Maize,4.59,298
24.8,27.9,36.9,125.7,58.6,24.9,30.5,1.38,Jowar,1.69,803
58.1,26.4,67.3,925.8,38.5,65.4,64.5,4.25,Soybean,2.43,374
74.0,31.5,70.0,1089.6,165.3,59.4,88.1,1.44,Rice,5.27,252
70.6,31.1,63.7,1531.9,250.0,95.0,178.7,4.92,Sugarcane,12.0,408
61.6,26.8,53.7,326.3,177.8,62.9,53.0,4.86,Wheat,3.17,815
61.5,27.1,69.6,1267.9,40.2,74.2,46.8,2.07,Soybean,1.72,538
83.3,30.4,83.5,2500.0,128.6,67.7,98.0,5.8,Rice,3.98,180
41.7,30.5,48.4,586.5,25.7,53.2,51.7,5.66,Groundnut,1.55,973
59.0,14.3,64.1,414.4,125.1,51.0,37.2,0.98,Wheat,3.63,462
91.4,30.3,76.3,1613.1,193.4,49.5,82.4,2.11,Rice,4.47,332
36.5,17.9,49.8,450.0,20.0,47.8,39.0,2.86,Chickpea,1.88,475
51.0,16.4,57.4,185.6,23.7,50.9,33.5,1.73,Chickpea,1.49,781
60.1,28.4,54.7,1203.1,91.9,45.4,53.7,5.46,Cotton,2.14,537
56.5,20.1,54.3,254.2,98.0,38.7,44.2,1.0,Wheat,4.26,417
77.8,31.7,87.4,1595.7,150.8,56.2,82.4,3.1,Rice,4.69,147
56.0,20.7,46.6,421.3,120.7,41.1,47.3,3.23,Wheat,5.29,987
39.5,20.9,59.4,629.3,27.7,67.7,38.2,3.0,Chickpea,1.31,703
70.5,27.7,59.7,723.3,139.1,64.8,57.6,4.1,Maize,5.94,595
58.8,15.9,57.1,157.3,118.5,49.2,33.4,1.83,Wheat,3.14,800
75.3,24.8,83.7,1237.2,213.1,47.6,81.6,3.53,Rice,4.99,89
48.9,25.3,66.3,623.5,38.4,71.3,55.4,2.98,Groundnut,2.19,412
47.8,25.0,74.3,659.6,36.2,52.1,75.9,0.5,Groundnut,1.86,268
69.7,23.5,76.3,1925.5,210.9,38.5,64.5,3.06,Rice,4.38,182
49.8,17.4,63.6,310.6,147.9,39.0,30.8,5.77,Wheat,3.56,541
49.9,21.1,64.3,631.0,124.3,49.0,46.2,5.54,Wheat,4.35,635
52.1,25.3,65.0,838.0,32.1,60.4,66.8,3.66,Groundnut,2.2,676
43.4,19.5,38.0,339.3,123.5,45.3,36.2,3.98,Wheat,4.76,925
43.8,27.3,69.6,473.8,140.3,50.3,25.8,3.01,Wheat,4.29,945
56.6,22.5,56.4,923.6,36.9,59.0,41.4,4.35,Groundnut,1.43,502
81.6,31.8,87.0,1777.7,146.8,57.0,114.8,0.5,Rice,4.1,256
41.7,30.5,45.8,276.4,68.6,37.9,40.0,4.53,Jowar,1.96,809
81.2,26.7,80.8,1199.6,195.9,36.6,105.0,1.43,Rice,5.8,230
64.8,26.2,78.2,894.0,38.8,50.8,61.7,5.39,Soybean,2.09,368
91.2,28.6,66.1,2060.4,173.2,62.6,92.9,4.26,Rice,4.85,425
79.7,31.8,65.4,1703.0,201.4,101.8,186.5,3.48,Sugarcane,9.35,274
62.5,19.0,47.4,292.7,151.3,46.9,58.7,3.48,Wheat,3.49,791
74.5,29.1,79.0,1083.4,216.4,55.3,106.1,4.07,Rice,5.96,572
64.9,21.6,68.0,1237.3,114.0,39.7,51.9,2.73,Maize,3.91,275
39.0,32.0,34.8,565.8,73.8,28.4,36.1,2.43,Jowar,2.15,419
73.1,28.4,72.4,1307.3,237.1,112.1,160.1,0.5,Sugarcane,10.37,418
55.9,19.9,57.4,421.1,116.2,49.5,52.0,2.66,Wheat,5.15,472
62.6,22.9,66.3,1066.4,26.7,72.3,63.3,2.94,Soybean,2.49,508
44.3,27.7,45.5,340.5,37.5,62.0,42.0,4.74,Groundnut,1.78,657
49.9,21.2,73.1,469.4,35.7,46.3,30.4,4.54,Chickpea,1.79,551
32.9,13.8,49.5,296.1,30.2,55.6,37.6,3.74,Chickpea,1.51,877
60.3,20.6,77.7,734.3,35.0,58.6,62.9,1.22,Soybean,1.55,561
48.4,24.2,43.7,732.3,25.7,74.4,56.5,5.12,Groundnut,1.95,639
35.3,23.4,57.9,223.4,30.8,54.1,29.3,3.09,Chickpea,1.41,472
49.8,34.1,47.6,1152.1,121.5,38.1,66.9,3.65,Cotton,1.81,233
45.2,31.8,46.8,738.0,49.1,39.5,43.6,2.27,Jowar,1.8,337
79.9,31.2,73.3,1505.2,233.4,67.4,144.9,5.06,Sugarcane,10.98,252
46.6,35.4,60.3,370.9,66.5,47.8,61.6,2.92,Cotton,2.39,630
29.4,32.9,35.9,193.6,53.7,37.5,46.3,4.12,Bajra,1.95,694
63.7,29.4,66.5,1134.9,51.6,30.8,65.9,4.29,Soybean,1.68,378
89.3,25.8,75.5,1179.6,167.6,64.0,105.3,5.03,Rice,5.42,149
63.8,20.2,57.6,740.6,139.2,51.6,36.9,2.49,Wheat,4.88,334
61.1,20.0,56.4,787.0,163.6,51.0,51.9,5.22,Wheat,4.99,326
79.0,32.5,69.0,1436.9,213.7,93.3,106.5,4.09,Sugarcane,8.66,507
31.7,15.4,63.5,163.3,30.1,51.8,30.3,6.26,Chickpea,1.38,309
44.5,11.7,47.0,730.7,137.0,57.4,43.4,4.48,Wheat,3.34,771
67.6,29.6,81.2,2286.7,232.3,103.4,162.9,2.82,Sugarcane,10.49,100
87.0,23.5,82.0,1180.3,172.1,46.1,60.2,3.02,Rice,4.09,428
55.8,19.1,62.9,570.2,162.6,55.8,44.2,0.55,Wheat,4.85,602
49.5,26.8,55.8,144.4,65.0,45.3,78.5,7.22,Cotton,2.22,786
84.6,25.0,88.3,1326.5,189.5,62.2,86.1,3.22,Rice,5.15,470
69.9,24.9,69.8,946.7,145.9,40.9,64.3,5.55,Maize,5.59,341
35.3,28.6,59.7,495.6,48.5,35.5,38.8,3.41,Bajra,1.87,447
64.6,19.8,67.4,391.5,143.9,32.5,46.7,2.68,Wheat,4.76,482
31.9,26.2,47.0,979.0,111.5,52.5,43.6,2.01,Cotton,2.37,513
70.8,27.0,78.7,1396.8,250.0,51.3,98.7,2.02,Rice,6.65,441
86.6,27.1,82.5,1786.5,178.1,71.6,222.7,3.4,Sugarcane,10.69,256
59.7,31.0,77.2,975.9,88.9,39.4,82.5,4.99,Cotton,2.54,400
78.4,25.5,76.3,1676.1,209.5,64.0,168.0,3.73,Sugarcane,12.0,388
76.8,27.4,64.5,682.3,117.7,54.7,81.1,3.84,Rice,4.72,460
45.4,28.0,44.0,875.8,126.1,43.8,69.0,5.13,Cotton,2.88,833
76.7,21.8,79.1,1400.2,154.9,51.7,97.8,2.71,Rice,4.36,51
44.7,20.9,51.1,235.3,24.3,37.1,34.7,3.11,Chickpea,1.76,723
34.3,23.3,55.5,692.1,74.5,16.8,45.0,3.41,Bajra,1.34,677
61.1,24.8,70.2,443.5,130.7,44.7,46.8,2.53,Maize,4.72,400
79.0,30.6,80.6,1022.3,148.8,60.7,117.9,2.55,Rice,4.03,260
64.6,28.9,56.9,888.9,134.0,56.6,58.3,0.87,Wheat,2.91,704
62.0,31.4,63.1,935.5,46.2,69.6,63.6,2.08,Soybean,2.01,461
56.4,30.6,70.6,676.6,52.0,61.3,57.3,4.06,Soybean,1.82,188
75.6,26.2,80.3,1473.5,162.7,72.7,64.8,1.57,Rice,5.82,109
81.8,29.6,75.9,1558.4,151.7,45.8,92.6,0.76,Rice,5.89,492
74.2,30.2,72.8,1290.2,134.2,67.4,109.6,4.24,Rice,5.37,255
48.6,15.4,55.7,284.1,25.1,39.7,49.4,4.15,Chickpea,1.76,849
50.7,32.2,56.0,1181.0,52.1,78.7,60.3,1.04,Soybean,1.93,745
50.9,21.7,69.9,371.9,119.3,61.2,51.4,5.9,Wheat,3.71,497
48.2,18.8,52.8,300.1,30.2,46.1,26.2,2.91,Chickpea,1.51,750
42.5,30.1,54.9,376.2,30.9,49.3,69.1,5.54,Groundnut,1.61,514
58.2,17.3,73.8,1660.7,49.0,53.8,51.9,4.45,Soybean,1.26,277
48.6,17.8,59.2,328.6,147.7,50.0,45.0,5.74,Wheat,3.96,508
80.7,24.8,90.8,1237.7,161.3,63.1,92.3,3.17,Rice,6.02,364
56.6,34.1,48.9,212.0,138.4,80.7,41.7,4.13,Wheat,2.75,505
40.9,26.6,47.1,448.5,64.2,30.7,30.1,4.65,Bajra,1.83,668
38.0,32.7,48.9,487.8,75.9,29.6,51.3,6.36,Bajra,1.9,679
85.1,20.5,77.5,2185.4,208.5,50.5,129.8,4.05,Rice,3.3,340
65.8,29.0,79.5,784.0,196.2,58.8,103.5,2.38,Rice,4.74,74
68.9,31.4,66.1,1234.4,38.1,51.9,31.7,4.11,Soybean,1.57,171
30.8,26.1,35.0,305.0,73.3,26.7,58.8,4.28,Bajra,1.27,643
56.6,14.8,50.3,519.8,141.8,52.8,58.5,2.45,Wheat,4.59,623
69.1,23.8,70.7,1115.2,41.0,65.9,44.8,0.9,Soybean,1.69,448
75.3,27.8,83.0,2121.3,202.5,43.0,108.7,0.72,Rice,5.09,263
65.6,25.0,74.5,1105.4,55.0,66.1,55.5,3.12,Soybean,2.04,710
58.3,25.9,74.1,833.3,45.8,87.8,36.2,1.81,Soybean,2.03,536
84.4,28.9,83.9,2160.5,202.6,104.4,57.0,3.65,Sugarcane,11.34,316
62.5,29.6,54.3,843.4,38.3,57.4,48.7,5.22,Groundnut,1.93,512
84.0,32.6,80.7,1366.2,197.1,56.5,90.8,2.03,Rice,5.23,444
64.6,26.1,84.2,930.5,51.7,57.5,64.2,2.91,Soybean,2.4,455
59.7,24.8,59.3,1068.0,118.6,16.1,48.8,3.88,Wheat,3.28,623
40.6,35.9,50.4,362.9,47.8,24.6,53.7,3.76,Jowar,1.74,656
54.8,18.6,59.9,529.7,139.1,64.4,44.4,4.17,Wheat,4.79,680
48.8,26.0,71.0,732.1,32.6,46.5,82.8,5.41,Groundnut,2.16,706
40.3,35.2,47.4,487.9,63.1,35.9,40.5,5.01,Jowar,1.98,558
81.6,26.0,94.0,912.6,181.1,59.7,83.3,1.65,Rice,4.91,0
32.0,31.1,46.1,349.3,56.1,17.7,32.1,4.64,Bajra,1.86,831
39.9,19.8,53.1,356.2,41.4,36.1,31.8,3.16,Chickpea,1.99,768
57.6,27.3,43.1,775.2,83.2,48.9,39.2,2.56,Wheat,3.5,642
86.3,27.6,81.8,2114.7,179.1,59.8,99.4,2.41,Rice,4.54,172
79.3,25.9,70.1,1527.6,162.2,94.9,154.8,4.19,Sugarcane,10.07,804
74.1,30.2,81.3,1193.5,147.5,65.6,78.7,1.28,Rice,6.36,267
38.9,31.3,43.1,463.3,48.1,34.1,42.1,3.13,Bajra,2.05,524
64.5,13.0,56.0,567.8,118.6,56.6,39.4,4.87,Wheat,4.25,534
84.8,20.9,98.0,1985.6,190.2,61.6,63.9,1.73,Rice,3.79,246
66.4,17.4,70.4,755.1,145.5,40.6,48.0,3.04,Wheat,3.71,378
58.8,21.0,61.1,768.5,145.0,50.4,52.5,3.18,Wheat,5.08,484
34.4,21.7,60.1,220.5,27.8,36.7,33.8,3.19,Chickpea,1.68,667
51.8,23.1,62.2,1014.8,36.2,68.7,52.8,4.29,Soybean,1.98,437
78.1,30.3,81.4,1335.5,181.3,59.3,90.4,0.5,Rice,5.19,341
80.2,23.5,80.8,1761.3,177.3,51.3,58.9,2.02,Rice,5.03,273
60.4,27.6,70.7,377.0,106.9,49.2,36.1,3.83,Maize,4.06,354
80.4,28.9,85.9,1995.5,201.8,61.2,120.3,2.71,Rice,5.52,239
75.5,31.9,84.1,1256.5,179.9,80.9,92.7,4.48,Rice,5.62,133
54.6,13.8,71.6,379.2,147.0,49.4,43.4,2.59,Wheat,3.97,654
86.3,25.9,82.8,1502.9,193.2,70.0,70.1,3.71,Rice,5.2,150
47.9,27.6,70.7,967.2,114.5,38.7,54.1,2.37,Cotton,2.36,406
53.1,17.5,43.1,239.9,100.0,31.9,64.1,1.56,Wheat,3.46,455
71.4,31.3,71.8,927.7,30.3,40.0,66.1,1.04,Soybean,1.79,371
77.1,23.3,84.8,1943.3,170.6,77.3,112.8,0.5,Rice,4.25,46
41.2,32.6,58.9,457.3,68.7,32.6,40.1,4.2,Jowar,2.1,829
62.0,23.2,59.5,514.4,142.8,58.5,44.0,6.17,Wheat,4.5,569
55.0,31.2,45.0,388.0,124.5,37.1,50.0,2.95,Maize,4.4,787
30.8,35.8,50.7,360.7,57.6,45.5,37.2,4.08,Bajra,1.36,401
80.8,26.1,96.6,1906.9,200.5,46.7,112.1,2.41,Rice,6.46,0
40.0,23.7,41.4,275.6,73.5,27.4,45.8,4.38,Jowar,1.62,715
62.7,29.4,77.0,1929.3,191.7,75.3,113.4,1.91,Rice,5.58,77
69.2,25.5,73.6,1782.9,134.9,63.1,61.4,5.2,Rice,5.76,500
78.9,31.1,82.1,1792.8,177.1,63.8,92.2,4.89,Rice,5.03,206
46.4,27.0,67.1,732.9,43.5,61.3,51.6,5.15,Soybean,2.06,523
40.2,28.5,46.2,920.8,34.4,41.5,66.5,1.63,Groundnut,2.14,683
46.5,13.9,55.4,420.6,142.5,58.3,65.8,5.51,Wheat,3.2,606
40.1,34.3,41.6,358.5,78.5,34.1,35.2,2.21,Bajra,2.0,850
52.3,18.9,72.3,654.0,113.9,47.7,37.9,3.79,Wheat,4.86,366
57.3,16.4,79.0,699.8,117.5,57.9,44.2,1.76,Wheat,4.32,468
77.8,28.1,74.6,2058.7,250.0,94.7,133.7,1.97,Sugarcane,9.83,471
51.7,17.3,60.1,319.5,94.0,44.4,53.4,3.2,Wheat,3.67,639
62.0,24.4,66.5,1098.7,49.9,66.0,61.8,4.0,Soybean,2.39,477
52.0,25.7,69.9,735.5,34.4,49.8,50.2,2.43,Groundnut,1.94,426
49.6,33.2,41.1,55.2,138.8,33.2,51.6,5.18,Cotton,1.88,773
61.1,16.4,41.6,235.7,35.0,39.7,42.0,2.8,Chickpea,1.5,847
80.0,26.4,74.0,1890.6,250.0,69.8,157.7,3.49,Sugarcane,9.26,271
66.1,18.7,43.3,594.2,116.1,40.2,45.1,4.03,Wheat,4.51,437
71.7,18.9,57.6,581.0,111.3,43.7,29.1,0.5,Wheat,4.21,618
66.0,14.9,51.2,541.9,111.8,58.4,32.7,2.03,Wheat,3.71,622
52.1,20.5,63.1,472.2,178.8,49.0,51.6,3.77,Wheat,4.79,636
83.2,24.1,86.0,1738.4,199.0,58.7,66.4,3.14,Rice,4.39,255
61.5,31.1,51.9,588.1,101.7,38.6,55.9,3.2,Cotton,2.71,875
61.0,27.0,68.0,781.8,33.2,50.4,64.8,2.17,Soybean,2.25,302
69.7,27.9,71.9,1006.6,178.4,45.0,65.1,3.29,Rice,6.0,279
67.5,26.9,83.6,1246.5,50.5,53.3,48.3,2.6,Soybean,2.31,414
51.5,23.9,62.0,818.4,44.9,40.9,46.6,5.94,Soybean,2.5,371
43.9,14.7,54.6,251.2,35.9,46.4,45.5,2.07,Chickpea,1.69,704
38.1,28.3,46.4,201.4,48.2,37.1,45.2,4.47,Bajra,1.89,714
49.1,16.5,48.6,423.7,26.7,44.4,45.7,2.97,Chickpea,1.88,377
58.5,23.6,72.9,925.9,32.9,77.0,55.4,5.58,Soybean,2.3,532
46.0,23.9,37.9,460.8,77.1,26.2,27.7,5.38,Jowar,1.87,953
63.5,13.2,70.4,436.3,122.6,63.9,36.0,5.77,Wheat,3.6,543
50.7,25.8,47.3,234.9,72.4,39.9,31.6,3.17,Jowar,1.9,493
52.8,22.4,77.6,866.6,49.5,49.7,57.6,2.47,Soybean,1.99,522
45.8,27.4,52.0,539.1,32.7,55.8,60.6,4.37,Groundnut,2.16,480
39.3,26.2,42.5,778.5,121.0,49.6,86.1,1.49,Cotton,2.58,660
71.5,27.5,84.0,1276.4,162.2,59.8,38.1,3.22,Rice,5.76,371
75.2,27.9,72.5,1230.5,164.1,61.0,73.9,1.74,Rice,5.93,276
40.4,15.9,48.3,115.8,36.9,37.7,44.5,2.46,Chickpea,1.63,455
80.8,25.7,83.8,2461.2,157.9,63.6,92.9,4.78,Rice,4.04,175
82.3,26.8,82.9,1329.3,178.2,57.2,72.3,4.52,Rice,6.39,303
59.9,27.4,60.8,571.3,172.4,47.7,48.7,1.79,Wheat,3.61,438
57.3,35.8,53.5,553.2,77.7,25.4,48.2,3.49,Bajra,1.4,507
47.8,26.5,56.2,184.0,32.8,32.5,95.8,3.24,Groundnut,1.93,763
43.2,28.1,55.7,689.5,48.9,47.9,54.6,4.29,Soybean,2.43,579
78.5,29.5,84.3,1639.7,151.2,43.9,79.3,5.11,Rice,6.07,197
50.4,28.5,51.0,450.4,86.7,41.2,58.3,3.16,Cotton,2.46,566
48.7,14.4,62.3,284.6,130.7,37.0,46.3,3.35,Wheat,3.41,618
48.5,26.5,60.2,536.5,30.1,44.1,44.8,6.94,Chickpea,1.33,591
53.2,37.0,58.1,930.2,126.4,47.3,36.5,3.23,Cotton,1.74,517
43.7,23.7,49.5,372.4,30.3,33.9,29.6,3.26,Chickpea,1.73,465
34.2,29.7,51.9,698.8,103.2,43.3,65.6,5.05,Cotton,3.01,563
48.6,32.9,48.6,493.5,49.9,26.9,45.6,4.76,Jowar,1.93,573
48.4,26.5,64.5,747.9,48.6,68.8,44.1,3.33,Soybean,2.5,527
83.8,25.5,75.8,1636.2,233.5,73.1,225.4,0.5,Sugarcane,9.81,499
51.2,29.7,52.6,255.8,26.8,39.2,72.8,1.54,Groundnut,1.82,811
80.1,27.3,89.7,1237.0,172.1,51.2,112.7,3.26,Rice,5.14,372
52.4,28.0,53.1,1002.6,108.5,36.6,39.7,4.87,Cotton,2.4,590
47.4,27.7,65.5,539.0,44.4,58.9,54.0,6.47,Soybean,2.08,486
56.9,28.7,61.7,683.7,55.7,75.1,54.5,3.57,Soybean,2.16,597
78.2,31.8,89.2,1035.1,183.1,44.7,120.4,3.87,Rice,4.9,227
45.5,28.8,58.2,763.6,29.9,66.1,57.4,2.29,Groundnut,2.39,512
58.1,27.9,73.6,1599.9,160.4,57.4,92.8,1.36,Rice,5.23,215
82.4,27.9,83.9,1553.0,156.9,61.6,50.4,1.51,Rice,5.99,271
50.3,33.6,55.2,251.7,79.4,56.1,64.5,3.07,Cotton,2.01,637
48.8,34.0,39.8,921.0,83.7,39.9,107.9,2.46,Cotton,2.17,959
78.2,27.9,84.4,1716.0,158.9,60.1,80.8,2.63,Rice,6.35,343
53.6,24.5,60.9,515.5,126.5,60.9,46.2,6.75,Wheat,5.27,517
71.6,20.2,68.1,328.3,116.7,47.1,41.9,2.46,Maize,3.63,659
47.4,35.9,50.8,438.6,34.4,51.4,51.5,3.52,Groundnut,1.56,587
48.6,24.1,57.4,491.3,38.1,51.2,62.5,5.05,Groundnut,1.93,756
82.4,24.1,96.4,1893.0,178.7,60.2,90.5,2.48,Rice,4.5,297
61.3,28.0,66.4,1087.4,181.9,53.6,88.6,4.17,Rice,4.85,895
80.4,28.1,82.4,705.9,198.2,51.0,87.5,4.25,Rice,4.54,221
41.1,23.9,71.7,312.0,27.1,41.0,33.0,1.25,Chickpea,1.68,505
59.2,27.6,69.6,549.2,112.8,43.2,63.8,4.58,Cotton,2.2,484
51.5,26.7,55.7,796.3,31.0,54.1,34.4,2.18,Groundnut,2.26,623
91.7,26.0,83.8,2099.5,176.2,43.7,95.1,1.21,Rice,4.57,334
64.9,24.4,52.2,518.4,124.3,59.8,36.8,2.83,Wheat,4.24,492
92.0,24.1,72.6,2087.6,250.0,110.4,223.4,4.6,Sugarcane,8.62,186
67.8,21.6,45.9,505.1,99.3,60.8,54.0,3.09,Wheat,5.18,731
52.3,29.9,48.6,627.8,128.2,45.6,71.4,3.76,Cotton,2.93,798
59.9,16.3,64.5,829.0,142.0,57.1,64.3,5.14,Wheat,3.88,337
38.9,26.4,34.1,246.2,81.2,35.0,28.3,0.94,Bajra,1.48,551
42.0,31.4,52.1,939.9,98.4,38.7,81.7,2.28,Cotton,2.83,760
92.0,30.4,84.0,1252.3,182.9,54.7,93.4,6.41,Rice,5.54,436
50.0,38.5,51.1,1060.3,127.7,44.8,82.8,2.12,Cotton,2.34,744
41.3,28.1,52.9,540.5,28.5,52.4,56.7,4.9,Groundnut,1.86,485
51.6,29.8,41.2,715.5,139.8,47.1,80.2,2.33,Cotton,2.87,664
56.5,33.4,79.7,1099.7,39.9,53.5,68.8,2.49,Soybean,1.88,391
76.0,25.6,95.4,900.2,194.2,74.2,92.1,1.77,Rice,4.66,339
56.0,19.2,59.6,508.2,122.1,54.5,40.9,0.98,Wheat,5.19,567
45.7,33.9,38.3,242.2,78.1,41.7,43.1,1.49,Bajra,1.62,754
42.6,15.9,46.2,91.8,26.8,49.4,34.6,6.2,Chickpea,1.37,880
56.7,32.4,84.9,772.9,53.8,75.8,47.0,4.84,Soybean,1.85,293
33.1,27.7,57.2,173.4,42.8,33.0,28.3,5.33,Bajra,1.6,561
33.9,32.8,51.0,610.9,62.0,26.7,54.9,3.62,Jowar,1.98,572
67.1,29.3,51.9,1012.9,51.1,71.7,37.5,4.58,Soybean,2.35,504
78.9,29.6,66.9,1774.8,207.3,82.3,156.4,4.61,Sugarcane,9.82,390
49.3,27.8,55.7,516.0,95.0,36.2,71.8,3.61,Cotton,2.63,582
50.6,30.9,58.2,994.6,124.6,22.2,76.1,6.5,Cotton,2.78,469
55.3,15.2,50.4,1003.1,114.4,48.3,49.3,4.55,Wheat,3.25,806
80.6,29.6,85.1,1448.5,211.6,53.0,81.5,1.5,Rice,5.63,327
33.5,28.8,49.2,266.2,51.4,21.0,45.6,2.95,Bajra,1.75,639
79.8,36.0,70.9,1641.1,217.3,81.6,195.1,1.67,Sugarcane,8.47,546
92.0,24.6,71.7,1297.7,232.0,98.1,199.6,1.58,Sugarcane,7.58,310
48.3,29.3,48.9,461.3,97.3,35.0,67.0,3.53,Cotton,2.47,669
58.3,18.0,67.1,935.8,88.1,39.9,40.5,3.18,Wheat,3.84,458
78.0,30.2,83.8,1775.9,191.1,65.3,92.0,7.03,Rice,6.17,171
39.1,22.0,58.8,772.8,135.7,62.5,47.9,2.21,Maize,3.77,500
79.3,28.1,73.4,1071.0,157.5,58.7,77.3,1.57,Rice,5.96,419
42.0,28.3,48.0,275.5,50.8,34.6,33.8,5.57,Bajra,2.04,483
73.8,33.1,82.6,1090.7,163.7,48.5,68.1,4.94,Rice,4.43,279
43.1,25.1,63.9,763.6,41.0,76.6,80.0,1.94,Groundnut,2.35,556
76.8,28.3,86.5,2140.6,158.7,61.6,74.3,2.3,Rice,5.57,250
54.2,17.6,63.6,450.0,162.2,55.0,62.5,3.88,Wheat,4.68,606
46.6,30.7,70.7,1025.8,37.2,46.3,90.3,3.13,Groundnut,1.94,781
53.2,17.8,53.5,577.4,23.5,47.8,24.0,4.19,Chickpea,1.61,721
72.2,21.6,73.0,766.9,125.3,57.4,53.4,4.54,Wheat,4.62,426
56.7,18.2,52.3,748.6,142.0,47.7,60.0,3.93,Wheat,4.9,592
45.7,31.2,62.5,778.0,124.1,38.1,83.4,2.45,Cotton,2.96,528
38.4,26.6,58.6,261.0,52.5,31.4,35.6,1.92,Bajra,1.85,687
67.2,29.1,59.6,679.6,162.8,57.9,46.4,1.73,Maize,5.75,519
57.2,19.5,65.8,983.1,128.8,47.6,33.0,5.53,Wheat,3.68,700
59.5,23.4,59.5,805.7,46.5,60.0,33.2,4.97,Soybean,2.38,384
73.6,28.1,65.0,842.1,55.8,51.7,42.2,3.0,Soybean,2.31,594
87.9,27.3,96.3,1583.2,148.0,57.1,104.6,4.63,Rice,5.74,280
55.0,29.1,67.2,365.9,133.7,45.5,51.2,5.46,Wheat,3.19,374
82.9,26.4,89.9,1224.5,226.6,54.1,100.3,3.61,Rice,5.51,368
41.4,26.2,67.8,596.6,59.0,32.2,48.5,2.69,Bajra,1.56,592
45.2,24.0,39.8,529.2,81.6,33.4,29.9,3.66,Jowar,1.94,628
86.1,31.1,86.9,2290.7,173.1,80.2,181.2,2.09,Sugarcane,9.99,537
40.6,16.7,57.9,431.2,32.8,50.2,27.8,1.63,Chickpea,1.96,712
43.6,13.3,52.5,278.2,21.2,56.2,37.5,0.79,Chickpea,1.6,616
74.7,23.3,72.6,1362.3,143.1,58.3,111.8,1.5,Rice,5.49,306
47.0,19.4,59.7,271.0,24.3,33.8,31.7,2.43,Chickpea,1.62,503
68.4,29.6,66.0,1705.8,250.0,84.0,242.3,3.11,Sugarcane,11.81,423
41.2,22.5,54.7,790.1,70.0,27.7,40.9,2.39,Jowar,1.55,596
73.9,22.6,78.7,608.1,110.0,48.1,52.1,3.79,Wheat,3.92,215
42.7,30.8,59.3,594.1,67.6,35.2,49.4,4.26,Bajra,2.01,422
52.1,27.3,71.0,244.7,33.4,60.8,63.0,3.32,Soybean,1.78,424
42.1,33.1,42.1,337.9,57.1,32.9,45.9,3.02,Jowar,2.14,669
45.9,20.9,48.5,397.6,174.7,44.1,51.7,4.36,Wheat,4.42,626
73.1,29.0,78.0,1142.8,28.4,56.7,50.6,5.15,Soybean,1.94,265
69.9,21.3,79.2,859.3,181.5,32.3,73.3,5.15,Rice,4.22,483
65.5,20.9,68.1,678.6,142.8,54.5,37.9,4.14,Wheat,4.48,637
78.0,25.5,76.1,1862.4,235.7,103.9,196.6,2.58,Sugarcane,10.17,307
69.1,31.3,64.5,1035.0,182.4,117.4,193.3,5.43,Sugarcane,9.05,156
59.3,29.0,67.5,383.0,31.0,57.7,66.2,1.77,Groundnut,1.92,516
54.0,24.3,80.7,919.9,43.0,50.1,71.4,1.68,Soybean,2.44,453
40.4,30.8,37.0,284.0,67.1,38.2,47.5,2.38,Jowar,1.93,752
44.9,12.4,50.5,480.7,33.4,58.9,34.0,2.51,Chickpea,1.67,695
53.0,27.1,58.8,660.8,20.0,58.4,63.5,1.68,Groundnut,2.07,586
46.5,31.8,48.2,524.8,103.5,35.6,71.6,3.65,Cotton,3.13,446
77.8,29.9,73.1,1237.3,171.9,72.0,96.6,4.38,Rice,6.42,15
29.6,28.7,52.6,256.5,61.4,33.0,39.2,5.23,Bajra,1.83,758
43.9,22.3,43.1,539.2,32.1,34.7,30.0,0.67,Chickpea,1.64,623
57.3,27.9,60.7,448.5,121.7,41.2,48.3,4.34,Maize,4.83,644
39.1,17.4,43.5,317.7,38.6,46.3,36.2,3.02,Chickpea,1.87,676
35.6,27.6,52.2,954.7,89.2,45.0,40.2,2.49,Cotton,3.0,560
49.0,31.7,60.2,1103.4,102.1,48.2,74.7,2.54,Cotton,2.61,706
54.5,20.0,60.9,499.8,26.2,50.3,39.0,5.03,Chickpea,1.78,399
62.5,28.7,73.2,507.7,157.0,46.7,57.4,3.53,Maize,4.95,477
54.5,24.7,59.6,377.1,117.7,68.3,45.8,0.5,Wheat,3.66,439
76.9,30.4,80.8,2279.1,192.6,56.2,77.6,5.51,Rice,4.88,237
81.4,32.6,77.7,846.5,187.7,50.4,87.5,6.04,Rice,4.24,471
44.9,30.3,57.7,748.3,107.2,49.5,64.8,3.97,Cotton,2.82,665
83.1,27.3,75.4,738.1,187.5,58.4,106.4,0.67,Rice,4.99,454
62.3,30.1,50.0,772.3,133.4,46.6,54.3,5.72,Maize,5.2,421
71.5,10.1,64.1,990.2,119.9,52.9,61.8,0.5,Wheat,2.55,524
64.4,29.4,71.9,852.4,41.7,40.2,61.4,4.49,Soybean,2.12,576
38.3,29.5,65.7,645.2,159.4,51.5,87.1,3.52,Cotton,3.22,666
69.2,16.9,65.9,724.5,120.3,53.1,43.7,5.45,Wheat,4.38,823
79.8,30.2,66.5,1092.3,146.0,45.9,90.6,5.01,Rice,6.11,539
40.3,31.0,64.9,461.1,66.5,40.1,54.3,4.94,Jowar,2.34,399
83.0,30.6,88.6,2500.0,188.3,21.5,82.6,5.29,Rice,4.18,93
54.1,16.4,51.4,461.6,142.4,54.6,49.4,1.7,Wheat,4.53,663
55.1,17.4,65.7,377.9,150.0,31.5,39.2,3.15,Wheat,3.98,708
72.3,28.6,59.0,1981.3,210.2,90.4,229.5,3.33,Sugarcane,11.79,235
76.0,24.3,78.1,1082.6,109.0,69.6,68.8,2.66,Rice,3.87,504
50.9,24.9,48.2,405.8,155.4,56.5,36.9,4.43,Wheat,4.02,776
53.1,21.8,60.7,651.3,118.4,45.9,42.5,5.67,Wheat,4.34,430
64.5,22.2,64.6,903.5,121.1,34.0,62.0,3.72,Maize,4.41,585
73.1,29.2,79.7,1617.1,184.6,62.6,88.4,1.3,Rice,6.17,186
56.7,30.1,55.9,1018.5,56.9,37.7,43.0,2.94,Bajra,1.56,548
76.4,30.9,85.4,2234.9,243.6,91.6,207.2,2.07,Sugarcane,9.79,161
77.9,23.5,92.8,1167.9,132.2,40.1,94.2,4.04,Rice,5.27,297
41.8,33.5,37.0,184.0,68.4,39.1,31.9,0.5,Bajra,1.75,600
53.0,27.7,69.5,456.1,25.8,62.0,76.1,6.84,Groundnut,1.92,591
58.4,18.4,79.9,436.1,124.5,41.1,47.0,1.5,Wheat,4.58,116
44.4,31.0,55.4,375.1,92.1,29.7,45.5,0.5,Cotton,2.57,572
74.0,24.8,72.3,1673.7,250.0,93.5,110.1,4.95,Sugarcane,10.72,259
56.2,18.3,78.4,283.0,125.6,52.6,31.6,3.15,Wheat,4.25,698
50.2,19.2,42.5,473.9,36.2,44.5,29.1,2.64,Chickpea,1.92,790
82.5,32.7,89.8,1784.6,99.0,76.7,81.4,3.93,Rice,4.78,150
32.7,18.9,72.7,302.0,23.6,37.5,41.0,2.97,Chickpea,1.53,377
45.8,29.9,47.2,817.2,69.7,34.5,61.4,6.28,Jowar,2.0,644
53.4,25.7,53.8,425.5,130.1,50.4,55.9,5.16,Maize,4.13,545
56.1,29.6,61.5,291.7,155.6,57.9,39.5,4.6,Maize,4.4,925
45.8,24.1,48.8,265.1,29.4,50.2,42.8,4.1,Chickpea,1.69,283
79.9,29.0,66.2,2500.0,234.3,111.4,151.6,3.82,Sugarcane,8.66,302
63.4,26.9,70.6,616.1,142.0,53.7,46.3,1.42,Wheat,3.52,123
45.0,30.1,24.2,220.7,36.0,33.7,45.5,4.87,Bajra,1.68,989
43.5,29.0,67.9,672.5,37.9,71.2,80.5,2.31,Groundnut,2.34,381
41.3,26.8,72.4,636.0,110.5,45.2,54.4,4.29,Cotton,2.72,704
51.4,29.9,55.4,422.0,74.8,32.9,69.0,2.72,Cotton,3.0,546
41.1,25.5,47.7,318.8,71.0,20.5,40.5,5.42,Jowar,1.98,852
64.1,16.9,68.0,663.6,156.3,60.2,44.3,5.9,Wheat,4.6,529
41.9,14.1,50.6,453.1,24.4,39.3,42.6,4.38,Chickpea,1.51,832
43.4,20.7,68.2,587.2,30.3,57.5,31.6,2.95,Chickpea,1.72,511
48.3,36.1,55.0,146.5,64.6,41.9,36.3,3.8,Jowar,1.57,224
63.0,25.1,62.7,1124.3,130.1,47.3,34.4,3.23,Maize,6.21,375
57.2,15.9,54.4,347.5,140.1,60.6,32.6,3.22,Wheat,3.49,413
41.7,22.3,52.9,228.0,93.9,37.2,50.7,2.13,Jowar,1.96,806
45.2,30.0,63.4,592.6,111.3,40.3,46.0,1.8,Maize,3.77,623
70.5,33.4,77.1,1452.6,211.0,54.8,102.1,0.69,Rice,4.58,335
53.9,20.8,53.4,689.8,117.3,67.3,39.4,4.26,Wheat,4.84,676
75.6,24.2,83.6,1659.2,184.0,65.8,97.1,6.95,Rice,5.12,298
43.0,27.3,35.3,237.2,50.0,35.4,38.9,5.95,Jowar,1.9,694
32.0,32.0,42.3,342.2,65.0,29.7,35.6,1.27,Bajra,1.83,1014
50.1,15.9,46.9,409.8,29.3,29.3,41.8,4.19,Chickpea,1.62,724
37.6,25.0,52.8,990.4,71.3,33.5,45.3,1.13,Jowar,1.52,548
75.0,27.6,81.0,922.8,121.7,51.6,86.7,3.88,Rice,4.85,152
58.5,28.8,80.6,1355.6,139.5,25.8,67.0,4.99,Cotton,1.83,229
43.4,23.6,53.6,208.4,32.2,52.3,34.8,4.09,Chickpea,1.49,666
80.9,28.6,88.7,2125.3,157.7,44.4,100.2,1.12,Rice,5.28,172
35.2,33.8,56.3,416.7,62.7,48.1,48.8,3.58,Jowar,1.99,550
75.5,29.9,43.0,846.9,61.9,39.4,57.4,5.68,Cotton,2.42,659
41.4,17.6,61.6,297.2,23.6,46.5,28.9,2.63,Chickpea,1.78,430
72.1,13.5,50.9,545.1,141.6,45.8,60.5,1.56,Wheat,3.42,646
84.2,22.9,81.5,1134.4,207.3,34.4,68.7,0.53,Rice,5.31,112
37.7,34.0,47.7,338.8,62.0,30.1,40.4,1.86,Bajra,1.94,564
72.3,33.1,79.9,1504.4,150.9,66.1,88.2,4.42,Rice,5.41,201
62.9,26.6,64.6,476.5,157.9,39.0,34.7,5.17,Maize,5.49,678
51.1,21.6,40.1,387.2,92.8,59.4,33.2,1.89,Wheat,4.22,807
51.3,28.7,65.5,1145.0,26.6,41.8,52.6,2.81,Groundnut,1.84,469
62.8,26.5,70.0,1169.5,43.1,76.6,58.1,1.53,Soybean,1.83,250
87.4,34.0,85.6,1857.0,160.9,44.2,79.2,3.04,Rice,4.52,180
53.4,31.8,55.0,568.3,151.3,38.7,38.3,3.68,Maize,4.83,730
71.1,25.2,60.8,1064.4,150.3,55.2,62.4,4.54,Maize,5.82,689
51.2,21.3,49.3,249.2,137.1,68.5,30.7,2.5,Wheat,3.87,473
52.1,20.8,46.1,598.2,149.3,49.6,31.4,3.92,Wheat,4.97,609
70.2,23.2,60.1,582.6,51.7,64.2,64.8,5.07,Soybean,1.85,587
49.3,26.1,41.8,442.7,87.7,33.8,59.3,2.93,Cotton,1.95,770
65.1,24.8,57.9,90.7,157.7,50.5,39.0,4.76,Wheat,2.8,649
46.7,26.0,72.1,667.0,58.1,27.9,39.2,0.5,Jowar,1.67,565
30.0,25.8,43.5,444.6,38.8,44.5,45.4,2.6,Groundnut,1.7,495
41.3,20.1,59.6,559.0,23.0,28.0,30.0,5.56,Chickpea,1.92,807
42.8,34.7,32.9,249.4,48.3,25.2,42.8,3.14,Bajra,1.69,622
42.5,35.0,59.3,579.5,66.3,32.3,52.1,6.19,Jowar,1.99,587
73.8,26.5,74.5,734.8,62.9,56.2,46.6,3.37,Maize,4.41,517
72.2,28.2,65.9,1208.6,178.6,47.7,87.2,2.13,Rice,5.41,619
77.0,24.3,70.6,1901.8,218.5,87.7,219.0,1.97,Sugarcane,9.19,462
86.4,29.1,75.2,1731.9,150.0,71.4,99.2,4.05,Rice,5.36,445
73.1,26.6,68.6,1471.7,161.0,43.0,78.4,5.84,Rice,6.87,582
59.2,27.3,58.6,293.7,195.3,52.8,61.6,4.75,Maize,5.15,597
51.0,16.3,56.8,485.0,118.3,45.8,58.2,2.34,Wheat,4.73,720
77.5,30.7,84.6,1868.5,136.7,46.4,99.7,1.73,Rice,5.19,471
82.4,30.1,77.6,1940.7,177.3,60.7,94.9,1.44,Rice,4.89,167
80.9,28.4,67.3,1100.6,186.5,54.3,81.4,2.22,Rice,4.99,244
60.3,33.3,60.9,497.2,80.6,38.0,69.6,5.02,Cotton,2.62,429
75.3,36.0,83.2,2147.3,126.1,71.4,68.8,0.5,Rice,3.3,435
83.5,26.3,84.5,1363.9,165.5,52.3,129.6,1.98,Rice,6.31,479
60.4,23.2,62.5,725.1,178.7,68.0,30.6,1.79,Maize,5.51,483
30.3,7.8,57.2,386.3,23.0,52.3,41.1,2.4,Chickpea,1.14,655
44.6,32.4,48.2,1115.8,140.7,36.7,79.1,4.17,Cotton,2.64,667
60.9,23.6,59.2,396.2,155.1,44.9,63.9,4.49,Maize,4.99,758
46.0,22.6,57.2,498.7,30.5,48.5,40.2,5.53,Chickpea,1.8,328
63.0,24.9,78.5,1881.9,198.8,77.8,67.2,3.92,Rice,5.09,198
73.5,26.1,75.1,1768.4,215.0,96.3,181.5,3.92,Sugarcane,12.0,276
44.8,31.9,48.6,1008.2,90.8,36.5,60.6,1.49,Cotton,2.78,655
60.4,25.1,77.9,415.3,34.6,77.5,57.9,2.69,Soybean,1.95,467
44.0,28.5,32.2,479.1,73.4,22.9,35.5,2.23,Bajra,2.04,729
53.9,27.9,64.2,1121.5,94.2,25.6,56.4,3.6,Cotton,2.46,516
71.4,22.0,56.4,1326.8,141.6,50.6,62.0,2.89,Maize,3.89,128
31.1,20.2,45.4,63.0,28.8,43.5,41.1,4.18,Chickpea,1.43,1023
51.0,19.9,63.1,638.2,128.2,41.1,48.9,2.01,Wheat,4.48,665
78.3,29.0,85.5,1737.3,113.6,43.0,137.5,3.97,Rice,4.84,383
60.3,19.7,78.2,1231.3,140.4,39.5,59.2,4.17,Maize,3.32,257
50.1,19.2,33.2,162.8,118.3,46.5,44.1,4.16,Wheat,3.83,860
51.9,17.4,47.9,226.1,20.0,57.3,36.8,5.12,Chickpea,1.56,1008
87.1,25.3,78.9,1524.1,142.5,59.5,90.9,5.61,Rice,6.02,585
46.5,29.5,48.6,605.7,84.4,28.0,44.7,3.76,Jowar,2.0,668
43.5,27.5,58.3,691.4,42.1,57.4,47.5,2.5,Groundnut,2.18,390
40.9,29.0,51.0,540.3,135.3,57.8,88.4,1.46,Cotton,2.98,671
59.7,30.1,61.6,729.8,40.9,63.0,49.3,2.65,Soybean,2.29,499
34.3,23.2,45.2,578.6,75.6,33.0,38.1,2.7,Jowar,1.74,810
47.7,34.1,48.7,321.6,64.7,29.7,35.0,1.09,Jowar,2.03,500
63.1,30.7,61.3,726.9,38.9,48.0,74.5,2.52,Soybean,2.04,519
27.0,39.0,38.4,338.0,60.3,32.3,42.6,6.14,Jowar,1.77,794
63.2,20.0,60.4,450.3,134.8,67.6,59.9,3.02,Wheat,4.79,519
47.9,28.0,46.8,527.6,86.5,37.0,68.8,2.64,Cotton,2.98,835
51.5,14.4,54.2,486.0,135.0,53.3,51.0,3.78,Wheat,4.19,462
45.1,37.4,50.7,421.2,55.5,16.6,47.5,1.74,Bajra,1.45,481
22.3,35.4,40.9,586.0,45.6,36.1,42.2,5.07,Bajra,1.82,661
57.0,27.9,58.0,343.4,41.0,70.4,73.0,2.28,Groundnut,1.76,743
64.9,18.3,64.6,795.3,128.5,55.6,44.6,5.73,Wheat,4.5,467
84.3,28.7,77.1,1629.1,148.4,48.9,97.7,3.69,Rice,6.37,230
47.4,15.7,51.4,466.4,22.3,43.9,27.4,1.53,Chickpea,1.76,773
78.3,23.2,85.6,1613.9,106.7,63.5,82.7,3.41,Rice,5.11,298
68.5,22.1,77.6,1012.5,88.1,48.0,53.8,4.6,Maize,4.34,307
64.0,20.8,66.1,598.1,167.9,33.4,40.5,1.84,Wheat,5.06,544
26.0,28.0,32.1,358.7,58.4,33.3,59.9,7.11,Bajra,2.22,753
69.0,8.8,59.5,661.7,157.4,39.4,53.6,4.43,Wheat,2.87,659
41.2,27.8,45.8,455.5,57.4,39.0,38.8,1.81,Jowar,2.45,715
42.0,29.1,45.5,408.9,69.0,39.1,33.6,3.02,Bajra,2.02,583
39.7,25.6,44.6,563.2,45.8,17.8,31.3,3.53,Bajra,1.43,619
61.5,13.4,53.9,726.6,121.6,63.6,65.5,3.18,Wheat,3.7,542
92.0,27.7,83.9,851.9,155.9,59.8,84.8,3.84,Rice,5.14,413
60.6,33.5,69.6,784.7,47.6,50.6,73.4,1.44,Groundnut,1.53,530
57.6,23.8,65.9,542.5,39.6,47.0,67.0,0.87,Soybean,1.95,411
49.3,26.8,55.4,342.5,37.1,72.8,49.3,3.14,Groundnut,1.79,611
86.2,26.9,71.1,1531.0,190.0,69.6,87.2,6.05,Sugarcane,8.89,417
62.8,30.3,70.0,1026.6,174.5,40.3,47.5,4.5,Maize,4.93,604
91.2,35.2,86.5,2292.1,227.3,101.0,179.6,2.64,Sugarcane,7.56,236
63.7,16.8,57.8,182.4,166.3,58.0,43.1,4.35,Wheat,3.72,930
34.3,34.9,24.3,257.3,59.7,27.1,38.0,7.86,Bajra,1.69,840
69.6,32.1,83.9,1359.2,189.7,53.5,104.6,2.39,Rice,5.64,411
35.8,28.0,63.3,687.3,87.8,26.0,54.9,1.88,Jowar,2.25,488
81.2,25.7,80.5,1414.0,150.5,44.3,74.4,4.33,Rice,6.02,171
38.2,20.0,49.7,243.5,38.8,58.0,46.4,1.27,Chickpea,1.61,707
73.1,27.3,88.0,1743.7,158.1,47.4,88.5,6.32,Rice,5.8,310
48.4,32.1,62.0,866.4,133.4,36.8,82.2,2.53,Cotton,2.95,571
66.0,28.3,73.0,2006.1,154.1,50.2,104.1,3.1,Rice,5.33,325
38.3,19.0,47.8,465.6,30.7,45.7,37.6,1.74,Chickpea,1.52,630
57.8,23.7,80.1,1265.6,125.3,34.5,79.9,7.89,Maize,4.46,216
71.1,25.6,65.2,776.3,160.2,51.3,48.7,4.81,Maize,5.61,465
62.2,25.5,65.1,862.7,161.0,51.2,55.4,2.81,Maize,6.16,569
46.5,30.2,46.7,564.4,66.6,25.9,57.1,3.25,Jowar,1.92,817
43.9,28.4,68.9,468.7,71.1,37.9,76.8,3.37,Cotton,2.51,32
53.8,23.5,66.9,341.9,149.2,35.5,49.7,3.6,Wheat,4.53,642
53.9,25.4,69.7,816.7,41.7,79.5,32.4,4.62,Soybean,2.17,630
43.9,22.5,55.2,365.4,20.8,39.9,30.6,2.34,Chickpea,1.62,825
58.0,21.7,71.1,1098.8,52.6,63.7,58.3,1.93,Soybean,2.09,480
34.3,32.0,33.7,53.2,67.2,20.7,37.8,2.25,Bajra,1.68,906
70.0,29.4,82.5,543.9,218.5,49.5,106.0,4.61,Rice,4.44,339
48.8,22.6,34.5,369.5,63.2,41.5,40.4,2.61,Jowar,1.81,761
38.9,27.6,46.8,0.0,60.3,37.0,57.9,4.51,Jowar,1.29,814
48.3,28.9,61.0,652.5,32.3,65.5,82.3,3.38,Groundnut,1.9,396
42.6,30.6,63.4,235.2,35.5,42.5,54.0,5.6,Groundnut,1.79,475
62.1,32.6,73.5,586.2,45.8,68.8,63.8,4.85,Soybean,1.77,498
86.0,35.3,82.0,2248.1,192.8,74.1,195.4,4.13,Sugarcane,9.47,28
36.7,31.4,45.1,427.3,59.9,34.7,51.8,3.96,Bajra,2.16,709
83.0,29.8,83.4,736.5,131.5,56.1,106.6,2.39,Rice,4.73,155
71.3,27.7,72.4,1527.6,167.2,53.7,72.1,1.27,Rice,5.61,391
79.6,23.2,81.1,2105.2,166.1,57.1,100.5,2.76,Rice,4.24,248
58.3,26.2,59.9,1133.1,146.6,26.9,41.7,6.41,Maize,4.97,422
54.8,34.7,36.2,1160.9,128.1,50.1,61.8,0.5,Cotton,1.92,541
50.7,25.7,67.8,1053.9,30.9,43.8,63.1,3.2,Groundnut,1.87,379
89.3,26.0,72.1,1798.6,160.5,68.3,84.7,5.98,Rice,4.84,0
71.0,28.2,86.3,1868.3,250.0,111.7,118.7,2.06,Sugarcane,10.77,177
28.0,30.6,46.5,604.8,63.8,30.2,41.3,7.32,Bajra,1.9,690
74.7,23.9,80.6,868.4,128.8,65.4,72.4,5.81,Rice,4.17,559
35.5,17.4,52.7,361.2,35.4,48.7,23.6,4.22,Chickpea,1.81,581
92.0,30.1,77.8,1342.5,248.4,60.3,97.5,5.42,Rice,5.31,319
52.0,30.8,55.1,416.5,32.2,54.4,46.4,0.91,Groundnut,1.69,839
60.0,21.1,65.2,644.6,127.7,55.6,53.6,4.99,Wheat,4.83,784
44.2,20.6,45.4,239.0,39.7,47.8,37.8,2.64,Chickpea,1.68,647
70.7,30.3,71.6,1104.5,178.6,58.3,100.8,3.87,Rice,5.68,574
53.7,19.3,57.8,703.4,140.2,34.8,45.5,3.9,Wheat,4.69,751
57.2,18.0,44.7,344.3,108.4,53.1,50.4,3.69,Wheat,4.41,790
39.6,36.5,39.4,342.8,61.1,35.5,32.4,2.38,Jowar,2.13,601
88.9,23.3,79.2,1721.7,191.2,51.0,82.1,3.9,Rice,4.11,154
75.5,23.7,85.0,1890.2,200.5,51.6,86.8,1.1,Rice,4.16,327
50.0,27.8,69.0,1105.6,34.8,64.5,59.9,2.94,Groundnut,1.9,785
38.5,12.9,66.0,586.4,26.8,41.3,36.9,2.92,Chickpea,1.2,501
92.0,21.9,85.4,1564.3,222.0,47.2,93.5,3.62,Rice,4.75,504
33.9,25.5,52.9,226.2,57.8,23.1,45.4,0.5,Jowar,1.66,952
34.0,28.1,41.8,118.2,89.5,25.8,46.7,2.93,Jowar,1.68,569
42.3,28.6,42.2,310.7,74.8,37.3,34.3,4.75,Bajra,1.71,644
36.6,26.6,64.0,699.4,52.3,27.7,54.3,4.6,Jowar,1.89,753
57.9,21.9,60.5,958.6,120.5,48.4,73.4,2.24,Maize,4.98,668
30.4,33.5,32.5,253.7,60.4,28.8,41.0,3.85,Bajra,1.67,877
35.8,29.4,48.4,247.7,69.2,27.8,31.9,4.26,Bajra,1.81,697
80.9,33.0,80.6,1785.9,164.4,67.5,77.1,2.04,Rice,4.57,372
36.4,30.7,58.9,194.7,41.4,21.7,35.4,3.83,Bajra,1.77,537
72.5,26.7,80.2,1624.3,174.9,76.4,83.5,3.75,Rice,5.71,670
79.8,24.8,83.0,1072.6,197.6,75.5,91.4,2.74,Rice,4.78,168
45.3,29.9,64.9,460.0,51.2,31.0,33.3,4.18,Jowar,2.1,285
53.9,27.1,65.6,391.2,29.3,55.0,58.4,6.78,Groundnut,1.68,578
56.2,15.3,78.0,539.6,111.5,52.3,55.0,3.08,Wheat,4.48,655
35.7,26.8,48.9,437.9,75.9,20.7,42.7,4.43,Bajra,1.79,601
36.5,21.9,43.4,476.0,58.1,34.6,22.2,6.23,Jowar,2.12,700
53.1,20.6,63.3,797.3,101.0,35.7,29.9,5.14,Wheat,4.21,370
65.6,24.2,67.7,493.2,185.8,40.6,51.6,0.91,Wheat,3.59,515
67.1,27.1,76.7,892.3,114.2,41.5,55.5,3.97,Maize,5.81,255
75.2,29.5,67.3,765.8,159.4,43.8,74.6,0.6,Maize,4.82,345
70.8,25.0,54.6,678.8,37.5,45.6,82.0,2.46,Soybean,1.92,385
92.0,30.7,77.5,2500.0,236.6,81.6,255.1,3.74,Sugarcane,8.46,146
53.0,25.3,46.7,513.8,137.9,45.3,28.7,1.74,Wheat,4.56,958
82.5,27.8,77.3,1307.8,206.7,53.3,87.6,3.54,Rice,6.5,344
88.9,26.6,85.1,1250.5,250.0,74.2,104.4,3.6,Sugarcane,8.36,334
60.7,21.5,51.4,220.2,113.3,73.9,41.5,3.22,Wheat,4.09,1014
50.6,25.1,58.6,298.7,146.5,63.4,37.0,6.03,Wheat,3.4,526
55.3,19.0,51.8,795.0,110.4,53.2,43.8,6.08,Wheat,4.28,462
49.6,31.5,57.3,628.7,25.2,44.3,60.2,4.22,Groundnut,1.86,667
76.3,31.6,90.6,1291.6,172.9,89.1,108.5,2.73,Rice,5.77,83
80.3,32.0,74.0,1374.7,250.0,102.8,155.5,3.16,Sugarcane,8.12,418
67.4,22.0,68.8,543.2,118.2,41.2,68.3,5.17,Wheat,4.46,683
62.0,24.7,59.7,885.5,161.9,37.9,58.7,4.22,Maize,5.98,378
67.4,29.1,86.7,1698.7,187.0,49.0,112.9,3.33,Rice,5.01,172
90.1,27.9,93.3,1027.2,178.9,49.0,97.1,2.7,Rice,5.59,529
52.3,27.1,49.3,634.9,119.8,62.3,44.4,1.05,Wheat,3.57,491
66.9,25.1,58.4,772.5,144.9,47.5,70.7,2.0,Maize,5.51,462
40.9,19.0,52.6,360.6,30.5,60.1,44.1,4.6,Chickpea,1.52,692
48.3,31.8,56.7,554.5,106.4,48.7,89.1,5.44,Cotton,3.07,556
53.8,19.8,58.5,1081.8,142.1,58.5,37.3,3.08,Wheat,3.64,396
56.5,15.9,62.7,591.8,202.5,51.7,44.1,4.96,Wheat,4.42,791
44.8,19.1,43.9,606.6,32.9,36.8,23.9,4.14,Chickpea,1.43,603
78.8,27.4,79.6,1577.8,172.4,47.8,135.6,4.45,Rice,6.89,356
33.7,27.0,49.2,346.1,60.7,48.5,47.6,4.26,Jowar,1.87,621
52.3,29.5,73.3,653.8,30.4,48.4,54.2,1.84,Soybean,2.0,428
64.3,15.1,63.5,611.9,101.2,59.7,46.7,4.75,Wheat,3.71,339
55.5,27.3,55.9,428.6,51.3,31.7,43.4,6.23,Jowar,2.01,763
36.1,32.2,38.2,405.7,56.2,27.9,39.7,4.05,Bajra,2.4,684
60.1,11.1,54.1,551.3,142.9,49.1,50.4,1.41,Wheat,4.04,813
61.6,20.7,45.1,115.2,109.4,44.0,29.6,0.5,Wheat,3.63,561
54.6,31.1,52.7,879.1,98.5,42.3,84.2,2.88,Cotton,2.37,521
37.6,29.1,56.1,0.0,78.3,48.1,71.0,5.51,Cotton,2.15,745
70.4,24.3,56.4,696.5,134.2,52.8,58.2,2.29,Maize,5.04,604
56.9,18.8,76.6,738.7,139.9,54.8,47.7,1.7,Wheat,4.69,328
61.7,22.3,42.3,641.5,126.2,51.1,43.1,6.6,Wheat,4.3,677
43.4,30.6,45.6,1062.2,94.0,38.2,77.9,5.48,Cotton,2.92,431
70.6,30.3,73.7,1613.6,234.5,100.9,114.9,3.89,Sugarcane,9.59,351
57.9,25.7,61.5,1095.0,39.0,59.6,51.9,2.79,Soybean,2.14,103
59.7,30.0,50.2,862.9,140.2,43.6,57.5,6.59,Maize,6.09,640
34.6,23.1,63.0,1079.6,34.9,38.5,59.8,4.61,Groundnut,1.41,690
29.5,17.8,36.7,84.4,35.1,48.2,33.0,2.91,Chickpea,1.53,920
85.5,26.2,86.6,1904.5,187.5,68.1,102.2,4.35,Rice,5.36,358
44.2,33.3,64.9,620.2,38.0,47.9,81.0,6.37,Groundnut,1.63,469
49.2,23.2,58.7,657.8,116.6,54.0,46.7,3.4,Wheat,4.18,648
30.8,32.2,51.6,162.8,73.7,28.0,44.3,2.52,Jowar,1.86,627
69.0,26.8,67.3,965.5,109.3,35.1,89.8,3.31,Cotton,2.65,455
76.3,29.5,86.6,2458.3,172.5,66.4,105.5,0.5,Rice,5.17,170
48.2,16.4,68.9,705.5,27.5,38.7,33.1,1.55,Chickpea,1.26,0
57.0,23.9,52.7,274.3,134.1,53.4,29.4,5.2,Wheat,3.69,804
59.6,28.6,67.2,0.0,131.6,66.2,40.7,3.08,Maize,4.06,660
63.0,24.3,63.1,521.6,49.2,76.3,36.0,3.22,Soybean,2.03,684
76.3,29.1,67.8,1644.0,205.8,51.0,81.1,5.36,Rice,5.85,239
57.5,20.1,58.6,468.5,148.2,47.5,66.7,5.72,Wheat,4.66,703
36.9,31.6,33.7,446.4,56.6,35.3,33.9,3.14,Bajra,1.99,843
48.8,31.0,50.9,74.5,128.0,42.4,68.0,7.48,Cotton,2.53,368
40.5,25.4,43.1,604.7,22.5,52.3,30.3,4.44,Chickpea,1.32,432
47.0,20.8,63.1,670.4,102.5,52.6,52.5,2.96,Wheat,4.97,547
56.7,30.9,69.8,484.8,114.4,57.9,53.1,3.7,Maize,4.03,412
61.9,17.3,52.3,552.7,136.5,60.5,28.4,3.43,Wheat,3.82,634
87.2,25.2,76.0,2277.2,250.0,76.5,231.7,2.81,Sugarcane,8.39,162
51.2,28.8,60.9,546.7,147.1,35.9,35.1,2.43,Maize,4.8,795
46.7,26.2,49.0,728.1,33.2,70.1,50.9,1.93,Groundnut,1.9,356
48.3,18.7,76.6,474.7,52.6,62.6,58.5,2.92,Soybean,1.41,256
32.6,24.6,35.2,180.4,65.3,40.1,42.7,1.92,Jowar,1.57,641
59.0,20.8,44.7,853.1,148.2,65.3,38.9,2.61,Wheat,3.89,452
64.9,25.9,77.7,1013.9,175.4,42.7,47.9,0.95,Maize,5.45,298
34.8,17.8,51.3,166.5,30.4,41.5,44.2,3.35,Chickpea,1.68,684
51.1,29.4,78.7,739.0,36.5,51.7,72.0,0.55,Groundnut,2.17,210
47.9,27.7,59.2,409.3,99.0,49.5,35.2,2.71,Wheat,3.57,657
80.8,19.7,67.4,1113.7,210.4,53.7,92.2,2.24,Rice,4.68,645
69.5,30.4,80.1,876.4,181.0,55.5,102.6,1.58,Rice,5.38,546
43.0,31.5,48.9,586.1,40.4,29.6,52.6,5.2,Jowar,1.92,957
38.8,32.0,70.8,644.8,27.0,56.6,76.0,2.7,Groundnut,1.8,652
53.0,28.2,50.0,950.3,106.6,37.4,78.8,0.5,Cotton,2.42,601
77.2,24.1,74.4,1498.7,199.2,71.9,191.7,2.23,Sugarcane,9.42,617
48.4,31.8,52.9,678.1,48.8,31.2,45.9,4.96,Jowar,1.89,722
50.3,17.8,56.2,319.5,151.3,62.1,37.6,3.47,Wheat,4.94,916
59.6,27.7,57.4,1119.5,37.4,36.1,64.1,1.36,Groundnut,1.6,499
58.1,25.4,73.1,783.9,35.8,83.8,63.1,5.79,Soybean,2.34,134
74.3,28.9,87.1,1030.0,171.4,69.5,89.8,5.27,Rice,5.99,142
76.7,35.4,94.3,2326.3,196.5,46.8,76.8,4.67,Rice,4.49,188
44.4,23.6,58.2,933.8,34.8,35.0,76.0,4.26,Groundnut,1.74,627
80.5,26.1,84.6,1949.8,240.2,91.3,165.3,3.15,Sugarcane,9.32,208
81.4,30.9,83.8,1231.2,142.2,42.2,100.3,5.71,Rice,5.21,466
48.9,28.2,55.7,492.5,128.5,57.5,79.6,4.96,Cotton,2.9,448
70.8,30.0,70.2,1651.5,144.9,42.1,94.5,1.27,Rice,5.28,259
59.0,26.5,69.8,1123.2,48.4,85.8,56.4,5.3,Soybean,2.62,579
55.9,25.6,70.6,708.0,37.7,92.3,45.3,4.35,Soybean,2.24,485
47.9,27.7,61.9,620.3,31.4,57.7,40.7,3.07,Groundnut,2.17,571
75.4,23.8,81.0,1761.9,154.3,58.7,73.0,1.8,Rice,5.51,489
63.0,31.4,68.7,1282.8,52.3,46.0,70.2,3.96,Soybean,1.71,584
67.7,20.4,64.5,743.4,129.1,46.2,32.3,3.23,Wheat,4.28,402
49.3,28.1,56.4,457.2,146.6,56.0,43.1,3.5,Maize,5.08,649
56.4,26.0,58.2,951.4,49.7,74.9,50.4,5.06,Soybean,2.45,290
59.2,20.8,64.9,389.3,153.7,39.8,37.6,5.37,Wheat,4.45,561
87.8,28.3,61.1,1400.0,162.3,87.0,133.2,2.38,Sugarcane,11.14,522
61.7,20.6,62.3,688.8,110.8,26.7,36.4,3.22,Wheat,4.62,287
55.6,18.4,52.8,506.9,141.7,68.2,53.9,2.21,Wheat,5.13,873
84.2,28.0,89.1,1428.6,149.2,64.4,69.7,0.5,Rice,5.44,562
65.9,11.7,57.0,789.4,128.7,27.1,44.6,5.75,Wheat,3.47,648
36.9,34.5,33.8,38.0,54.8,34.2,42.1,6.31,Bajra,1.35,947
51.2,20.9,46.6,597.2,100.5,48.5,34.7,3.39,Wheat,4.11,899
79.6,31.1,90.4,1898.8,197.8,61.0,49.9,3.35,Rice,5.85,188
42.0,29.2,39.0,667.6,59.0,31.9,35.7,1.78,Jowar,2.01,874
44.0,33.3,49.7,308.4,66.5,26.8,34.8,3.4,Jowar,1.78,743
59.5,25.8,78.7,1107.1,41.6,52.1,58.7,3.17,Soybean,2.23,140
87.9,24.6,88.9,1631.6,116.5,61.0,103.5,2.23,Rice,4.99,111
63.8,25.2,63.3,750.6,140.8,62.1,41.2,3.94,Wheat,3.53,446
30.9,25.1,31.7,451.7,58.9,26.4,49.0,4.42,Bajra,1.79,944
57.1,15.3,46.8,481.8,34.3,46.8,36.2,2.43,Chickpea,1.38,702
31.6,29.5,42.6,546.9,77.0,28.6,44.5,3.52,Jowar,1.71,855
75.7,25.5,68.8,1138.5,138.6,42.9,43.1,5.74,Maize,4.2,368
48.6,29.7,46.2,365.2,54.4,30.4,46.7,4.79,Bajra,1.81,513
66.2,21.8,63.8,974.6,207.8,58.3,39.6,4.02,Maize,5.42,806
67.9,19.9,63.9,923.3,113.0,62.9,49.6,1.29,Wheat,3.61,911
35.0,35.0,59.0,360.1,68.8,27.1,38.4,4.89,Bajra,2.0,670
60.7,21.0,62.0,567.6,177.3,45.0,36.2,4.51,Wheat,4.51,535
72.4,29.0,68.7,1132.6,234.6,41.6,81.6,0.5,Rice,5.77,618
40.3,16.2,41.6,231.1,20.5,53.9,22.5,3.11,Chickpea,1.79,583
32.8,29.1,46.9,322.1,69.8,19.2,56.0,5.3,Bajra,2.03,673
89.1,24.0,87.1,2128.7,210.0,57.8,82.2,3.07,Rice,3.82,0
42.8,27.1,38.6,641.1,48.0,28.4,40.3,4.89,Bajra,1.68,797
36.3,39.5,64.8,569.8,46.0,40.1,33.3,5.01,Bajra,1.53,579
55.9,21.4,71.0,578.1,157.2,50.2,40.3,5.97,Wheat,4.31,433
31.8,28.1,53.6,208.1,79.6,29.7,26.2,5.43,Jowar,2.3,574
42.4,31.0,49.6,339.9,54.3,33.4,47.7,2.06,Bajra,2.21,457
65.3,24.7,63.1,523.9,120.6,31.3,44.5,1.02,Maize,4.8,438
54.8,13.9,68.0,357.7,110.3,34.8,44.3,4.7,Wheat,4.06,728
53.6,22.2,52.4,1014.7,173.8,38.4,52.8,1.17,Maize,4.35,530
78.2,23.7,63.7,1607.7,245.4,86.5,211.8,5.38,Sugarcane,8.98,608
56.0,27.4,47.0,469.4,74.2,36.3,46.6,0.5,Jowar,2.07,558
33.1,33.2,27.1,194.2,63.4,34.9,40.6,4.57,Bajra,1.91,819
64.4,32.6,45.8,867.2,105.1,26.8,62.6,4.09,Cotton,2.24,581
76.9,24.5,59.8,1907.5,191.8,66.0,161.3,0.92,Sugarcane,10.45,373
62.6,28.7,72.5,1063.3,110.3,42.4,85.0,4.08,Cotton,2.66,535
40.6,31.8,43.7,395.3,67.4,27.6,51.3,1.79,Bajra,2.04,411
70.7,28.2,86.1,1832.3,163.0,51.0,99.0,5.5,Rice,4.75,354
83.1,29.6,73.3,1359.2,177.9,66.3,96.4,3.38,Rice,5.82,482
85.5,29.1,70.6,1842.4,146.0,86.9,83.7,3.8,Sugarcane,11.64,342
53.1,30.1,66.2,604.1,121.7,47.6,80.6,1.89,Cotton,2.92,538
34.5,31.4,54.3,335.2,46.4,25.0,41.4,3.06,Bajra,1.68,618
60.9,18.3,44.9,764.8,148.3,26.8,20.0,1.1,Wheat,4.46,772
57.6,27.2,66.3,829.5,220.2,45.5,49.5,1.82,Maize,5.5,506
61.3,18.6,61.9,332.4,108.4,32.9,51.7,4.04,Wheat,4.52,468
52.2,28.5,60.0,416.0,132.6,40.4,91.7,4.19,Cotton,2.57,621
53.7,25.1,68.5,636.3,28.9,54.4,55.1,3.08,Soybean,1.88,647
47.7,24.3,47.8,678.1,135.5,50.3,48.8,3.96,Maize,4.47,713
46.0,30.3,56.6,505.9,31.2,46.8,68.8,5.07,Groundnut,1.99,618
75.5,22.3,77.9,1659.5,156.7,64.0,82.5,1.48,Rice,4.86,343
73.6,19.5,60.4,624.6,89.9,44.0,40.1,5.16,Wheat,4.3,496
53.5,32.3,74.1,889.9,113.2,36.4,63.2,4.15,Maize,4.66,361
74.9,20.2,70.6,641.6,120.2,63.7,36.1,3.19,Wheat,4.17,207
53.4,17.3,56.8,457.7,98.9,40.7,35.6,4.0,Wheat,4.93,591
69.0,32.7,79.0,1271.4,183.6,60.0,89.0,2.64,Rice,4.39,494
42.2,33.1,54.5,373.7,76.7,29.5,36.7,3.46,Jowar,1.98,587
87.4,24.5,92.5,1483.6,99.5,45.7,111.1,2.79,Rice,5.73,105
61.2,24.6,67.9,388.5,137.9,44.4,54.3,4.33,Wheat,4.06,675
53.0,30.3,75.5,920.7,50.5,42.7,53.6,4.03,Soybean,2.37,439
72.4,28.4,80.9,1351.9,177.1,66.1,116.4,3.07,Rice,6.27,347
62.5,17.3,57.7,367.3,96.9,54.0,51.0,4.59,Wheat,4.56,692
52.3,20.8,60.3,328.5,154.3,29.4,46.4,1.8,Wheat,4.59,711
51.0,24.5,49.4,726.2,64.7,31.5,47.7,2.98,Jowar,1.96,634
52.8,29.6,62.1,863.0,38.5,57.9,64.6,5.22,Groundnut,2.59,402
74.4,28.0,83.4,1865.6,158.7,49.5,113.7,3.23,Rice,6.37,515
64.5,19.9,48.8,649.8,123.8,42.3,28.0,4.33,Wheat,4.65,662
74.0,15.9,54.2,1119.4,138.1,55.1,43.7,5.32,Wheat,3.37,440
44.2,27.3,52.8,797.1,38.8,69.5,51.2,4.34,Groundnut,2.04,634
59.9,26.1,68.5,690.6,29.4,49.0,50.3,0.5,Groundnut,2.03,675
61.9,29.7,67.7,882.8,149.2,53.7,47.2,5.13,Maize,5.32,269
42.7,34.6,73.9,766.1,63.6,32.1,46.0,3.97,Jowar,1.75,641
43.8,19.1,64.7,404.7,145.7,59.3,61.7,2.35,Wheat,4.62,544
63.9,26.0,63.9,760.9,138.9,53.1,44.0,1.39,Maize,5.66,821
62.4,32.0,54.9,870.9,35.3,68.0,72.2,3.21,Groundnut,1.77,680
74.2,27.6,72.6,1235.8,228.8,99.5,205.0,5.06,Sugarcane,10.18,383
50.8,27.6,69.5,483.7,49.2,36.2,59.2,3.21,Groundnut,2.27,703
51.1,29.3,43.4,666.6,70.2,33.6,45.9,6.61,Bajra,1.66,879
65.5,29.0,71.7,850.8,114.5,58.9,79.2,4.9,Rice,5.36,401
48.0,31.5,53.4,833.8,135.5,41.6,31.0,5.49,Maize,4.09,632
61.2,18.3,52.0,450.7,144.8,33.7,47.5,2.84,Wheat,4.34,578
54.6,27.7,72.1,814.9,34.1,48.8,55.3,4.27,Groundnut,2.16,591
54.3,17.8,49.4,662.1,116.4,52.1,41.1,4.3,Wheat,4.81,440
81.2,26.4,77.7,1049.7,169.0,40.2,41.1,3.91,Maize,5.21,357
51.4,12.7,61.6,534.0,154.9,33.9,50.4,4.05,Wheat,3.13,256
52.1,31.0,74.3,940.6,35.8,72.4,71.9,1.92,Groundnut,2.19,509
65.4,28.8,80.0,1789.9,137.2,63.2,95.9,3.79,Rice,5.91,0
63.6,28.5,82.2,946.0,42.4,54.0,53.2,4.29,Soybean,2.18,206
42.1,34.8,55.1,945.2,61.2,34.5,54.8,2.28,Cotton,2.29,610
67.8,26.7,71.0,574.4,172.8,52.3,81.4,1.52,Rice,4.57,441
47.9,28.8,58.2,528.9,35.3,56.9,75.0,2.04,Groundnut,2.04,533
63.6,28.5,74.5,780.2,26.7,54.1,56.8,3.11,Groundnut,2.13,297
53.4,30.4,57.3,936.3,124.5,48.1,63.6,0.5,Cotton,2.58,485
50.2,26.6,61.6,349.9,54.1,63.9,46.4,3.46,Soybean,1.91,336
30.6,30.0,44.3,299.3,64.9,38.1,45.6,1.87,Jowar,2.05,772
86.6,23.9,75.4,2500.0,166.2,39.0,83.6,4.51,Rice,3.44,362
72.5,20.7,76.3,1930.3,182.6,117.7,183.6,1.21,Sugarcane,9.09,407
62.4,26.5,63.9,912.9,38.3,45.1,73.6,4.96,Soybean,2.61,500
83.0,26.0,69.3,1983.7,99.2,48.5,75.5,2.33,Rice,4.72,515
78.1,30.1,86.3,1157.1,194.9,49.1,81.6,3.49,Rice,5.16,379
58.8,26.6,59.3,399.7,169.4,34.3,35.3,0.5,Maize,4.83,748
43.0,26.9,42.5,201.9,70.4,22.1,41.5,4.21,Bajra,1.55,804
45.1,25.8,78.2,864.7,25.6,56.4,52.9,0.55,Groundnut,2.07,407
31.2,38.1,56.2,269.8,40.3,22.2,44.4,5.4,Bajra,1.56,533
36.2,27.6,46.4,473.2,60.2,46.5,38.0,4.4,Jowar,2.1,302
52.5,25.8,78.0,487.4,28.0,65.7,57.5,1.87,Groundnut,2.01,545
44.4,19.3,63.3,490.5,26.1,41.6,32.8,3.24,Chickpea,1.93,547
61.1,23.9,74.9,412.8,123.7,54.4,62.5,3.42,Maize,4.55,777
72.9,28.1,80.5,1877.7,169.1,58.8,102.6,2.06,Rice,6.54,0
67.3,24.0,62.5,873.5,47.2,84.2,66.1,2.29,Soybean,2.25,646
82.5,30.4,80.0,1775.5,240.0,37.0,81.8,3.83,Rice,5.33,146
33.6,28.0,54.2,615.4,52.4,30.1,36.6,5.25,Jowar,2.19,618
69.9,27.8,75.1,722.4,128.6,59.4,60.0,4.0,Maize,5.54,312
75.9,32.3,84.6,2500.0,212.7,51.5,111.1,1.43,Rice,3.97,247
92.0,27.7,91.3,1577.0,203.8,50.9,101.6,3.77,Rice,5.26,234
59.4,20.8,46.6,421.8,119.5,66.7,34.0,0.5,Wheat,4.48,825
58.1,22.4,64.9,604.9,106.5,51.2,30.9,4.93,Wheat,4.67,559
76.0,25.9,77.5,1834.1,142.1,51.6,93.0,1.68,Rice,5.85,367
76.3,29.0,77.5,1625.4,197.4,60.8,66.5,2.46,Rice,5.37,507
45.7,31.4,50.2,519.8,25.7,60.1,46.9,2.95,Groundnut,2.16,736
31.4,27.1,48.0,209.0,54.8,25.7,44.0,3.89,Jowar,1.69,690
52.9,22.5,54.6,492.9,123.8,38.5,52.3,5.25,Wheat,5.2,813
45.3,25.7,55.8,801.0,110.3,46.6,66.1,2.64,Cotton,2.39,567
63.0,20.5,63.7,764.9,143.8,33.9,42.2,4.62,Maize,4.81,587
52.1,23.9,35.1,417.3,70.3,33.6,46.8,2.82,Jowar,1.57,722
31.7,37.1,45.7,216.5,44.2,28.2,38.2,3.92,Bajra,1.61,626
54.9,31.7,72.9,953.0,109.4,42.0,55.4,1.99,Cotton,2.49,0
60.5,27.8,74.0,1126.2,132.5,25.2,56.6,2.89,Maize,4.57,504
56.0,24.7,61.7,394.9,35.9,47.5,69.6,5.01,Groundnut,1.82,419
33.5,26.2,41.8,251.7,78.7,29.6,30.1,2.85,Bajra,1.46,854
62.0,29.0,62.8,687.6,43.4,50.7,59.9,2.76,Groundnut,2.01,810
80.9,26.8,91.5,1386.5,174.5,50.7,66.0,5.08,Rice,5.82,61
58.1,24.8,57.8,562.0,134.9,60.9,38.5,2.94,Wheat,4.26,728
61.5,30.0,66.9,556.0,41.8,66.2,58.3,4.16,Soybean,1.68,514
81.1,23.8,89.9,1637.6,143.5,19.4,72.6,2.43,Rice,5.05,308
68.1,25.9,69.2,2388.6,124.6,43.7,58.9,5.31,Rice,5.32,116
60.5,20.2,58.1,738.6,108.6,53.1,40.7,3.69,Wheat,4.06,578
77.1,29.8,80.5,1517.8,150.2,60.0,98.9,3.1,Rice,6.18,334
83.6,26.4,85.3,1561.1,195.3,57.6,113.5,0.99,Rice,5.69,487
47.8,30.7,71.3,490.2,32.4,55.4,82.1,3.75,Groundnut,1.94,819
79.6,25.7,78.8,1247.2,183.7,35.9,115.4,4.64,Rice,5.37,399
66.5,30.3,64.5,433.3,36.7,49.4,69.2,3.24,Groundnut,1.72,509
87.5,27.7,80.1,2036.9,167.4,40.8,85.7,2.01,Rice,5.25,588
85.7,25.4,83.8,1617.5,175.5,47.2,104.1,2.14,Rice,6.01,264
74.2,27.7,72.4,1012.3,177.4,59.5,92.3,2.72,Rice,4.97,420
61.8,26.3,68.5,617.9,29.0,42.5,42.5,1.34,Soybean,2.21,523
84.4,24.0,84.0,2125.4,241.6,64.7,195.9,2.15,Sugarcane,8.42,299
65.3,28.1,67.7,499.0,42.7,43.2,53.0,3.56,Soybean,1.91,635
58.6,21.0,45.5,373.8,144.2,55.1,50.5,3.03,Wheat,4.16,624
39.7,26.0,82.7,628.6,141.1,40.4,64.1,2.53,Maize,5.62,382
55.1,21.7,58.6,1232.8,162.0,36.9,47.5,2.78,Maize,4.44,785
52.1,29.8,66.3,991.7,136.0,51.9,62.2,5.63,Cotton,2.86,714
65.1,15.0,54.8,426.8,76.6,36.9,21.4,6.86,Wheat,3.62,704
55.2,27.0,42.9,630.6,138.5,49.7,70.8,2.4,Cotton,2.84,739
73.5,26.9,84.7,2238.7,165.9,48.2,98.1,5.61,Rice,5.2,183
41.1,26.5,59.0,361.5,40.2,46.6,85.9,4.69,Groundnut,2.17,766
61.0,20.8,58.0,1021.2,109.7,52.7,54.5,0.5,Maize,5.2,464
31.6,34.5,44.7,0.0,115.1,42.3,68.5,2.77,Cotton,1.69,772
70.8,24.3,92.2,1808.3,197.7,44.2,81.2,2.36,Rice,5.0,147
47.4,26.4,66.5,819.1,29.5,49.7,53.0,5.6,Groundnut,2.31,407
47.8,19.7,56.0,483.4,139.4,55.5,47.9,0.85,Wheat,4.49,628
52.3,31.7,60.6,942.6,41.3,59.0,36.9,2.81,Soybean,2.14,530
56.5,23.6,56.1,384.2,129.2,40.0,35.5,4.88,Wheat,4.09,549
41.5,33.4,38.1,569.3,48.4,31.2,36.8,0.81,Bajra,1.59,728
69.4,26.0,87.4,793.5,184.2,51.9,110.4,5.13,Rice,4.34,355
61.9,14.9,65.8,752.9,139.3,64.6,47.6,1.49,Wheat,4.31,444
30.6,29.9,36.2,62.9,71.9,33.4,53.3,2.73,Jowar,1.72,701
45.5,24.9,53.3,755.3,25.1,59.0,63.0,2.65,Groundnut,2.12,589
80.4,30.9,68.4,1310.9,146.2,62.3,74.4,0.86,Rice,6.24,526
80.3,28.3,84.0,1741.8,209.3,42.5,59.4,4.51,Rice,6.58,430
72.6,23.1,74.1,1295.2,189.2,45.7,87.6,1.81,Rice,5.32,409
77.7,26.7,69.7,1660.1,48.7,56.7,35.5,6.11,Soybean,1.24,331
72.6,27.4,83.4,1230.4,114.9,44.4,96.9,2.99,Rice,6.18,320
52.3,19.4,55.8,437.9,109.0,45.9,45.0,3.15,Wheat,4.58,911
61.2,18.4,86.4,450.4,101.7,56.5,48.1,3.32,Wheat,4.95,528
56.0,23.6,66.4,873.6,133.6,47.9,47.7,6.02,Maize,5.77,353
65.3,28.9,70.8,837.9,124.2,34.7,51.8,2.7,Maize,4.86,456
58.0,34.6,60.6,827.8,112.3,37.9,65.1,1.77,Cotton,2.3,466
41.2,14.9,45.0,414.6,32.1,36.9,26.9,0.5,Chickpea,1.44,655
51.9,24.9,64.2,620.7,143.8,48.9,55.3,3.38,Maize,5.5,295
41.5,24.4,38.9,115.7,35.3,40.0,26.2,4.43,Chickpea,1.36,782
47.4,21.0,62.9,590.5,25.3,49.8,31.6,1.08,Chickpea,1.49,357
67.3,31.2,71.3,927.4,66.9,51.0,44.2,0.83,Soybean,2.18,362
65.5,21.6,65.1,912.7,49.2,33.7,37.0,1.75,Soybean,2.36,722
58.0,28.6,74.2,1118.5,40.2,45.1,64.2,3.64,Soybean,2.23,550
57.9,19.5,66.3,922.7,62.7,42.9,49.2,5.81,Soybean,1.79,360
84.1,26.7,77.0,1710.1,184.3,54.3,97.2,3.2,Rice,6.07,162
80.2,27.5,79.5,1314.8,170.1,58.6,109.2,3.45,Rice,6.17,207
86.1,22.8,80.4,1944.5,162.7,60.3,97.2,2.17,Rice,4.02,0
63.4,16.1,58.3,514.7,109.9,37.5,49.9,5.31,Wheat,3.84,457
55.1,27.4,58.7,878.3,36.4,54.9,94.3,2.39,Groundnut,2.13,513
40.9,33.0,38.2,807.6,91.7,24.3,70.7,2.12,Cotton,2.2,558
78.0,25.9,72.9,1113.9,126.0,44.4,85.7,4.67,Rice,5.03,525
32.7,28.6,39.8,219.8,78.1,32.9,63.7,2.44,Cotton,2.33,755
76.6,32.4,79.0,1138.7,160.1,49.9,80.7,3.54,Rice,5.02,287
58.7,24.1,73.3,844.5,157.1,39.4,36.6,3.22,Wheat,3.85,702
52.6,27.6,55.6,722.7,53.1,57.5,57.2,1.95,Soybean,2.25,701
37.5,27.9,60.6,626.5,41.9,26.2,42.1,4.63,Bajra,1.95,581
71.4,25.2,78.2,806.5,144.9,54.7,54.6,5.01,Maize,5.02,684
74.3,28.2,70.3,1306.5,20.0,62.4,63.2,3.45,Soybean,1.99,603
81.5,30.6,74.4,2249.3,231.5,98.4,184.6,0.5,Sugarcane,10.45,171
36.3,15.9,61.7,333.8,26.4,51.9,25.5,2.27,Chickpea,1.74,646
40.5,28.3,64.8,917.9,134.2,43.8,86.8,0.57,Cotton,2.77,436
65.1,11.5,69.8,477.7,108.6,55.7,58.3,5.2,Wheat,4.03,306
60.7,21.5,86.8,1078.9,204.2,47.6,53.2,5.26,Maize,4.58,598
40.7,27.8,28.3,145.8,63.1,31.5,57.5,6.42,Jowar,1.79,1023
32.5,26.3,51.8,183.7,36.3,48.9,85.6,1.74,Groundnut,1.7,501
65.2,17.6,75.0,666.6,124.6,45.7,48.3,5.43,Wheat,4.46,526
57.6,21.3,58.7,509.7,104.9,52.5,37.3,3.33,Wheat,4.63,357
62.6,30.8,72.0,1112.0,194.4,70.4,93.8,4.57,Rice,4.98,579
42.0,27.1,55.8,463.8,92.4,28.2,47.1,4.26,Jowar,2.32,619
37.7,26.6,38.3,0.0,101.7,53.2,77.4,3.25,Cotton,2.14,749
71.0,37.5,70.9,1408.2,140.7,64.1,80.6,4.72,Rice,3.99,578
63.8,17.2,53.5,172.1,136.6,39.5,48.7,4.87,Wheat,3.66,680
59.3,24.6,47.6,621.5,112.6,33.1,41.3,1.73,Wheat,5.01,630
77.5,28.6,70.1,1827.4,225.9,81.9,215.9,3.49,Sugarcane,12.0,484
76.8,23.2,70.9,850.8,165.1,66.8,88.5,1.1,Rice,4.22,417
45.7,16.9,79.4,215.9,27.5,48.1,37.4,4.37,Chickpea,1.43,605
46.4,25.1,52.7,345.9,55.6,36.1,42.0,4.29,Bajra,1.76,664
81.4,29.9,85.9,2050.4,141.9,71.8,88.1,2.5,Rice,4.97,350
41.3,21.8,45.1,485.3,25.7,43.4,32.9,2.78,Chickpea,1.66,794
83.9,24.5,76.0,1292.5,225.9,52.5,87.9,0.9,Rice,5.11,486
44.2,20.8,57.7,666.1,108.6,37.1,81.1,5.33,Cotton,2.08,439
62.0,28.6,69.2,890.1,49.4,47.5,37.2,3.16,Soybean,2.15,749
46.6,19.0,55.5,430.8,29.5,33.5,30.5,0.5,Chickpea,1.68,609
56.7,22.3,51.7,471.9,117.7,58.7,33.0,7.03,Wheat,4.73,917
37.9,27.4,51.6,471.0,73.0,37.7,35.2,3.11,Jowar,2.18,569
56.4,27.6,61.4,660.4,48.4,61.7,71.2,1.24,Groundnut,2.43,519
72.0,31.3,74.1,1472.0,178.5,41.5,95.8,0.55,Rice,5.18,323
71.7,33.7,86.2,1098.1,151.0,44.7,84.8,2.55,Rice,4.64,492
51.1,31.5,58.6,595.1,60.3,22.9,34.1,5.61,Bajra,1.67,526
64.4,28.0,63.3,1140.4,45.2,53.9,40.7,2.64,Soybean,2.41,546
65.6,27.9,77.4,802.5,188.5,74.4,61.1,2.41,Rice,4.56,185
79.7,30.3,80.8,2354.9,250.0,53.2,174.2,2.8,Sugarcane,9.14,158
76.6,24.1,83.8,1621.4,188.5,61.2,123.5,3.36,Rice,4.37,314
52.2,17.4,67.5,349.1,26.5,45.1,48.7,4.72,Chickpea,1.62,536
59.4,25.1,69.2,689.1,106.4,43.6,26.4,2.97,Wheat,4.02,217
77.8,23.7,83.4,1175.0,236.7,62.4,120.3,5.31,Rice,5.61,405
47.7,27.6,57.4,225.8,52.5,32.7,40.9,1.56,Jowar,1.84,500
78.9,26.6,82.3,1854.2,194.4,41.8,106.4,2.01,Rice,5.14,555
49.7,20.2,68.5,1110.4,49.6,51.2,57.2,2.16,Soybean,1.74,419
74.9,26.8,67.4,617.8,136.6,53.7,53.9,4.01,Maize,5.61,855
82.7,28.0,87.1,1707.8,164.6,47.0,96.3,0.5,Rice,5.97,351
37.2,27.8,43.0,490.2,67.3,27.7,51.4,2.72,Jowar,1.94,783
61.7,26.9,77.4,461.6,55.0,47.5,45.0,3.9,Soybean,2.2,389
39.1,27.8,31.1,367.3,63.0,45.8,37.1,4.2,Bajra,1.87,781
78.1,28.3,76.5,2017.9,237.9,100.9,197.3,4.65,Sugarcane,9.14,353
65.1,21.6,55.9,648.7,145.7,48.9,49.2,3.97,Wheat,5.31,314
77.3,25.4,70.4,1630.2,206.5,44.4,69.6,3.21,Rice,5.63,518
62.2,30.5,66.9,775.3,99.7,42.2,45.1,3.82,Maize,4.95,328
60.4,21.9,81.1,403.8,148.7,47.1,53.1,3.83,Wheat,4.12,401
71.6,30.6,80.1,1212.0,216.7,50.1,86.0,3.65,Rice,4.63,0
75.4,32.6,76.3,1345.0,156.4,50.6,108.7,0.99,Rice,4.82,429
62.1,30.0,75.4,975.4,51.2,65.5,49.9,1.36,Soybean,1.85,523
31.1,24.2,49.8,507.3,35.1,45.3,33.1,3.03,Chickpea,1.53,708
41.3,22.4,48.2,391.1,29.3,48.3,22.9,7.25,Chickpea,1.7,739
70.7,25.7,60.5,906.1,132.1,46.5,45.6,2.93,Maize,5.46,480
32.7,30.0,35.7,434.8,54.9,34.4,41.9,3.92,Jowar,2.28,789
35.7,14.7,36.0,0.0,22.4,33.3,38.3,0.5,Chickpea,1.22,985
63.3,27.0,80.5,1232.6,144.7,39.6,46.4,2.04,Maize,5.35,281
66.3,22.5,67.2,472.5,102.0,55.5,54.8,1.22,Wheat,4.48,614
55.1,16.8,67.7,422.3,26.7,48.7,35.7,3.44,Chickpea,1.89,650
75.8,26.5,78.4,2011.1,105.0,65.3,72.8,3.49,Rice,5.39,240
77.4,25.1,79.0,1893.7,176.6,78.4,196.1,3.03,Sugarcane,8.99,318
68.0,26.2,68.0,828.9,59.0,63.8,60.3,2.13,Soybean,2.8,520
60.9,22.9,58.0,1320.9,42.5,56.2,77.5,2.71,Soybean,1.53,428
30.0,31.6,61.3,559.3,75.1,19.6,44.9,5.28,Bajra,1.93,937
54.4,25.3,73.7,418.5,153.5,48.9,61.7,4.28,Maize,4.82,430
42.5,31.6,61.7,705.1,62.6,33.1,42.5,5.02,Jowar,1.94,808
46.7,35.2,63.6,475.0,43.7,28.1,27.0,2.78,Bajra,1.51,726
42.4,33.5,47.0,420.4,88.5,39.2,22.3,4.44,Jowar,1.71,391
52.8,31.0,59.3,965.6,31.1,76.8,54.6,5.76,Groundnut,1.91,575
74.7,27.4,83.1,1387.2,142.2,52.3,100.3,2.54,Rice,6.77,464
62.3,19.2,57.3,638.7,100.4,34.8,53.5,4.41,Wheat,4.62,716
58.8,15.4,53.8,566.3,127.0,49.8,47.3,2.99,Wheat,4.17,494
35.9,27.4,40.6,475.9,50.7,33.3,47.1,4.15,Bajra,1.65,771
73.7,25.2,84.2,1564.8,197.2,69.4,128.8,3.39,Rice,5.37,104
44.6,28.4,63.6,855.5,33.0,62.7,58.4,3.25,Groundnut,2.14,362
92.0,32.6,76.2,1453.6,203.3,64.7,68.3,0.5,Rice,5.81,313
79.7,33.0,70.0,1434.3,250.0,74.1,174.0,2.7,Sugarcane,9.63,424
61.3,29.6,51.0,591.0,116.5,48.3,31.5,5.64,Maize,3.96,888
39.9,28.8,61.1,949.7,88.9,37.8,68.1,2.77,Cotton,2.99,579
48.1,17.7,55.5,574.8,28.0,59.6,42.4,3.85,Chickpea,1.63,775
84.5,31.4,73.1,1077.6,242.1,74.7,162.5,2.91,Sugarcane,7.64,236
45.4,26.3,52.7,868.3,107.2,26.3,70.8,6.96,Cotton,2.8,427
81.1,29.9,77.6,1810.0,178.1,53.7,116.5,1.67,Rice,5.39,227
68.6,27.6,54.7,746.8,131.5,69.2,28.5,3.65,Wheat,2.89,864
73.7,30.3,84.5,1876.3,228.0,101.8,117.5,3.76,Sugarcane,11.41,50
50.6,33.8,54.5,547.8,39.1,46.7,67.5,3.37,Groundnut,1.78,389
44.9,23.1,59.8,679.3,143.4,57.3,56.6,6.2,Wheat,4.44,558
77.4,26.7,70.0,632.4,156.1,45.4,80.8,3.02,Rice,4.58,675
73.4,25.9,74.6,2335.0,173.8,41.1,75.9,3.54,Rice,4.73,21
77.4,32.8,78.2,1807.3,250.0,102.4,179.1,2.3,Sugarcane,10.61,258
37.9,26.0,36.9,513.6,53.2,23.7,43.6,4.96,Bajra,1.37,547
48.3,27.8,68.1,1082.2,46.6,40.3,50.5,2.5,Soybean,2.19,671
41.1,25.0,67.4,327.6,32.2,33.3,75.9,3.18,Groundnut,1.72,659
62.7,17.1,61.3,865.1,129.4,55.9,47.8,2.84,Wheat,3.07,575
61.5,27.0,64.5,1107.4,48.9,40.2,49.7,1.74,Soybean,2.29,471
50.2,18.3,57.9,96.7,105.6,66.7,51.6,4.21,Wheat,3.41,620
55.1,28.2,60.8,144.6,121.5,42.3,49.9,3.55,Maize,3.66,649
52.7,29.2,55.8,431.8,38.1,44.7,72.6,2.05,Groundnut,2.34,533
48.7,26.6,51.2,360.5,32.8,38.0,65.8,5.38,Groundnut,1.79,539
62.1,26.8,61.1,876.8,113.0,51.1,40.7,4.52,Maize,5.52,367
54.8,27.5,62.5,463.2,83.5,60.4,28.1,3.39,Wheat,3.69,577
79.6,27.8,83.6,1750.0,162.5,47.6,104.5,2.34,Rice,5.11,149
72.7,26.9,84.1,2361.5,176.5,56.0,87.5,3.98,Rice,5.06,342
68.0,29.4,66.0,924.9,53.4,67.9,55.0,3.24,Soybean,1.96,173
38.9,30.5,58.7,589.3,37.9,65.3,74.9,4.41,Groundnut,2.13,674
43.6,31.3,37.5,674.7,82.8,17.3,49.4,0.88,Jowar,1.84,811
61.5,33.2,73.8,1104.8,50.0,81.2,44.3,1.93,Soybean,1.72,590
56.1,27.7,55.6,1203.5,40.9,50.5,64.1,2.89,Groundnut,1.88,497
61.8,22.8,76.8,543.9,132.2,50.5,30.9,5.43,Wheat,4.6,228
31.4,26.6,49.3,228.6,62.5,33.1,27.2,5.72,Jowar,1.51,561
63.9,23.6,69.4,792.4,43.6,65.6,60.6,1.69,Soybean,2.08,650
46.6,29.1,55.4,374.7,43.6,52.0,45.7,3.47,Soybean,1.78,594
50.4,28.3,63.4,965.5,53.7,50.8,74.5,2.1,Groundnut,2.27,442
76.4,26.7,82.4,1366.8,222.3,51.9,91.6,1.98,Rice,6.3,227
57.2,18.9,55.0,661.2,98.3,33.4,40.7,3.3,Wheat,5.01,598
84.6,24.9,78.0,2395.8,147.5,75.1,99.8,3.02,Rice,4.62,205
44.5,29.0,59.5,318.3,62.6,25.6,43.1,1.97,Jowar,2.09,381
87.5,24.3,87.7,2183.1,143.2,63.7,134.0,3.81,Rice,3.47,116
64.1,24.3,65.3,177.8,146.0,36.8,39.4,3.4,Maize,4.76,741
72.0,19.7,66.1,791.2,145.3,51.9,45.6,1.07,Maize,4.13,724
41.4,21.3,56.2,387.9,28.2,48.6,43.1,3.12,Chickpea,1.74,614
51.1,29.2,55.9,714.4,61.5,32.3,67.3,0.5,Cotton,3.35,516
44.7,17.4,50.2,331.7,34.7,47.4,46.8,2.06,Chickpea,1.45,887
65.3,21.5,84.6,633.5,52.6,83.4,49.8,3.13,Soybean,1.94,357
59.4,18.7,60.5,680.2,132.1,51.8,41.8,6.32,Wheat,4.1,386
55.3,28.3,75.0,770.2,160.0,57.8,51.4,2.17,Maize,5.68,420
66.4,23.9,70.2,930.0,54.1,50.0,61.0,2.77,Soybean,2.12,561
67.1,23.4,76.2,597.0,56.5,55.2,53.6,3.48,Soybean,1.98,686
64.4,30.1,74.9,866.1,37.5,73.8,57.5,2.6,Soybean,2.31,354
79.2,28.9,79.8,1905.1,164.7,45.6,116.0,5.73,Rice,5.26,357
71.0,31.0,48.2,373.8,98.5,38.3,93.3,0.5,Cotton,1.95,641
49.2,27.4,70.0,1021.4,91.1,46.4,75.3,2.28,Cotton,2.77,618
65.8,33.5,78.5,954.6,55.5,67.9,54.6,4.81,Soybean,1.95,429
63.6,21.3,65.8,904.0,125.9,40.4,77.9,7.33,Maize,4.07,533
52.6,29.2,49.6,798.2,29.7,65.1,66.0,5.07,Groundnut,2.41,483
62.8,17.9,70.3,770.6,89.3,38.8,32.4,2.11,Wheat,3.45,427
55.2,19.2,61.8,632.9,123.8,50.8,73.5,2.92,Maize,4.18,510
48.1,17.5,55.4,224.7,121.8,43.4,47.3,3.75,Wheat,3.93,114
70.4,29.5,78.5,1413.4,178.2,42.5,129.5,2.5,Rice,6.11,465
46.5,28.0,66.8,759.9,100.6,21.8,99.6,6.8,Cotton,2.95,502
52.9,23.8,73.5,467.3,112.1,44.9,66.1,3.33,Maize,4.43,457
29.9,26.6,48.6,316.4,68.6,15.8,46.5,2.58,Bajra,1.83,640
70.1,32.2,83.0,1229.5,195.8,53.4,84.9,3.72,Rice,4.82,330
76.6,26.4,85.0,1033.8,142.2,75.9,97.5,3.46,Rice,5.73,370
39.7,32.8,45.4,483.0,73.1,26.7,47.4,4.43,Jowar,2.01,501
41.1,26.1,52.5,525.3,77.2,30.4,37.4,3.31,Jowar,2.43,661
52.6,27.9,82.6,1343.2,55.3,55.9,45.8,2.86,Soybean,1.8,333
45.8,16.6,48.2,515.7,32.3,47.5,45.7,5.77,Chickpea,1.82,679
63.1,22.5,59.3,1366.6,174.4,27.4,73.1,1.92,Maize,4.46,261
62.7,31.1,62.8,633.7,98.0,47.9,54.6,3.59,Cotton,2.68,530
54.5,28.2,44.5,377.1,61.0,24.6,44.4,3.69,Jowar,1.71,522
50.2,20.7,56.8,526.5,147.1,37.3,43.2,6.01,Wheat,4.65,663
52.9,34.9,60.3,410.2,46.5,29.6,36.2,2.05,Bajra,1.16,797
42.4,24.9,52.5,0.0,208.5,41.9,58.8,2.17,Maize,3.56,834
35.5,28.1,45.8,467.0,63.7,20.2,44.5,2.97,Bajra,2.07,646
42.7,26.5,52.5,1068.0,128.6,38.6,29.7,2.51,Cotton,2.52,494
59.2,23.9,56.3,318.6,115.1,56.1,41.5,3.21,Wheat,4.02,554
46.6,24.7,63.1,453.2,129.3,48.5,96.5,4.57,Cotton,2.63,624
46.2,31.7,57.8,515.7,65.9,30.3,41.9,2.53,Jowar,1.91,504
58.8,29.6,73.6,1128.7,131.9,55.9,46.1,3.11,Maize,4.79,324
76.6,25.4,69.5,853.8,161.9,46.6,32.0,4.72,Maize,4.86,92
72.0,24.9,83.7,1562.9,130.5,58.4,81.7,0.5,Rice,4.9,157
59.1,24.5,90.0,1145.2,159.6,52.1,68.3,3.23,Rice,5.83,171
75.3,27.7,78.3,952.9,180.6,51.1,89.2,2.64,Rice,4.66,310
53.7,13.1,57.1,372.2,97.3,57.3,45.3,0.68,Wheat,4.16,810
51.7,22.0,55.4,321.5,131.1,42.7,41.1,4.09,Wheat,4.51,441
43.4,27.4,61.0,296.1,62.1,27.7,25.8,2.14,Bajra,1.82,406
26.4,26.7,42.8,329.6,75.2,28.8,33.2,1.8,Bajra,1.77,822
55.4,13.3,63.7,667.9,130.4,40.9,48.2,3.95,Wheat,3.88,391
66.3,20.3,55.6,477.1,151.5,36.1,59.3,3.78,Maize,4.6,600
75.3,23.4,69.1,2057.4,129.3,47.2,88.5,3.13,Rice,4.83,354
51.4,27.2,55.3,761.2,23.4,64.6,60.0,2.36,Groundnut,2.31,595
76.6,21.1,80.2,1651.1,208.5,59.8,77.7,1.48,Rice,4.24,181
50.0,28.0,75.6,879.2,122.3,39.7,90.1,1.94,Cotton,2.33,558
43.3,22.4,52.5,438.6,26.4,48.4,20.0,0.5,Chickpea,1.94,878
44.7,19.3,54.6,545.2,20.0,32.6,25.0,4.35,Chickpea,1.59,473
66.9,30.4,69.8,1351.7,179.9,87.9,224.5,3.84,Sugarcane,7.41,365
54.2,31.4,45.7,318.8,63.0,24.2,37.1,4.01,Bajra,1.64,855
76.1,27.3,89.2,2202.9,184.3,60.0,87.4,1.74,Rice,4.64,165
84.5,31.0,91.3,2076.7,160.5,63.8,103.3,4.33,Rice,3.94,45
83.1,26.2,81.7,1364.0,204.4,81.3,78.7,6.73,Rice,4.84,255
39.2,21.7,67.5,323.3,33.7,60.7,59.5,4.89,Groundnut,1.36,679
56.7,32.0,68.5,954.9,119.5,50.1,40.1,2.62,Maize,4.14,315
63.6,29.3,74.5,1271.7,164.1,36.9,56.2,4.89,Rice,4.89,419
58.5,21.0,60.5,254.7,34.6,45.4,44.8,5.52,Chickpea,1.59,673
64.5,22.0,85.3,1173.6,53.6,54.4,62.5,3.14,Soybean,1.99,218
35.1,31.0,55.3,146.5,41.6,30.6,46.0,6.35,Bajra,1.66,752
43.6,28.3,33.6,111.3,68.6,42.0,37.4,2.51,Bajra,1.56,906
60.9,13.3,34.9,376.7,100.3,67.0,25.3,2.6,Wheat,3.05,925
64.1,25.5,62.4,421.8,104.5,48.3,46.8,3.78,Wheat,4.35,721
74.8,19.6,60.2,733.9,125.3,53.5,47.2,3.88,Wheat,4.06,333
91.3,24.5,75.4,1844.0,171.4,55.9,78.8,0.5,Rice,4.67,444
38.8,16.7,40.7,435.4,33.7,50.2,20.0,2.36,Chickpea,1.72,821
59.9,28.8,71.9,1030.2,125.2,45.6,60.4,3.62,Maize,4.27,577
26.0,34.7,48.3,369.4,64.7,41.5,45.2,2.55,Bajra,1.85,562
64.4,29.7,73.2,1299.4,41.6,63.2,71.2,5.3,Soybean,1.91,523
48.8,24.9,64.6,1301.6,40.9,68.0,33.1,0.57,Soybean,1.61,507
52.2,15.5,49.9,422.6,163.4,36.1,38.5,4.63,Wheat,4.27,499
42.3,29.6,47.9,621.2,60.9,22.7,48.1,3.94,Jowar,2.31,856
64.6,30.0,58.9,907.4,55.2,83.6,37.6,4.66,Soybean,2.18,429
67.4,26.6,53.2,808.1,115.9,44.5,70.5,3.69,Maize,5.15,450
66.3,28.5,62.1,1253.5,82.3,28.7,60.7,2.82,Cotton,2.21,537
72.5,22.7,77.0,1196.2,42.2,44.4,50.3,4.05,Soybean,1.68,280
29.7,33.5,46.7,161.2,48.6,21.9,45.9,6.66,Bajra,1.94,778
64.4,22.9,52.8,554.2,48.3,72.0,56.5,3.35,Soybean,1.85,600
71.7,27.4,73.2,908.4,168.2,68.9,96.4,1.97,Rice,5.05,477
48.8,26.6,66.6,260.9,23.9,46.2,63.3,0.5,Groundnut,2.33,691
79.7,28.0,86.7,2010.4,190.7,61.5,77.4,2.09,Rice,5.59,220
83.1,27.1,75.7,1787.3,143.2,53.9,107.3,3.31,Rice,4.91,444
64.5,26.3,64.6,860.2,165.3,62.8,36.1,3.1,Maize,5.6,635
46.7,29.8,58.2,991.1,123.6,48.2,48.1,4.49,Maize,4.69,415
53.7,32.5,48.4,679.3,65.9,17.8,45.0,2.9,Bajra,1.55,783
61.8,28.4,65.6,36.5,134.0,41.5,31.3,1.76,Maize,3.92,697
68.0,22.9,61.0,929.0,133.5,33.0,61.7,2.34,Wheat,3.99,548
33.6,27.6,39.7,441.8,82.4,32.3,43.9,3.37,Jowar,2.41,908
38.0,23.4,55.3,245.2,35.0,53.4,35.7,4.96,Chickpea,1.34,904
48.3,19.9,62.7,546.1,110.8,51.1,52.4,4.79,Wheat,5.62,677
34.9,39.1,48.0,404.1,53.7,36.1,48.7,6.0,Jowar,1.58,468
43.2,29.3,43.9,852.0,108.5,41.3,81.4,5.14,Cotton,3.16,733
42.2,26.4,42.0,365.5,107.1,35.8,71.9,2.28,Cotton,2.7,713
59.2,20.7,63.5,211.2,43.7,53.3,57.9,4.84,Groundnut,1.19,558
66.7,31.0,66.8,634.9,143.8,37.1,28.5,1.97,Maize,4.31,572
48.9,21.6,61.2,516.0,28.9,32.3,43.6,3.25,Chickpea,1.69,529
57.0,26.4,72.8,1062.9,39.8,68.9,59.6,3.53,Soybean,2.35,665
79.2,30.6,70.3,1428.9,192.8,42.6,79.9,3.95,Rice,5.76,435
57.8,21.0,57.3,357.2,153.6,44.1,45.5,3.08,Wheat,4.79,631
74.3,27.5,82.3,1874.8,138.7,52.7,113.6,5.35,Rice,6.87,381
52.3,15.4,50.8,562.8,149.3,54.6,34.6,3.07,Wheat,4.38,771
70.9,24.3,80.3,1385.2,232.0,47.0,122.9,3.01,Rice,5.17,505
48.7,28.8,68.0,994.2,30.8,46.7,72.1,5.42,Groundnut,1.81,560
78.7,31.2,67.9,1515.7,250.0,101.9,174.3,3.34,Sugarcane,10.5,396
78.1,28.4,77.7,1201.8,44.6,80.0,71.1,3.49,Soybean,1.6,387
39.0,29.2,59.3,381.6,29.0,46.3,45.6,1.98,Groundnut,1.56,286
38.1,16.0,49.6,322.6,24.6,52.5,40.6,3.31,Chickpea,1.66,467
86.0,26.7,70.4,1609.9,232.8,103.2,194.9,3.68,Sugarcane,10.28,528
47.9,28.9,61.7,409.2,138.3,30.0,66.5,4.89,Cotton,2.64,539
49.8,28.8,57.7,832.2,177.0,52.0,59.2,2.28,Maize,4.84,839
34.1,30.6,47.3,112.8,57.4,36.4,44.7,3.32,Jowar,1.75,997
58.9,24.5,57.8,574.2,139.1,56.7,51.2,2.37,Maize,5.63,410
57.9,21.6,66.4,868.5,158.9,30.7,51.9,4.04,Maize,4.98,540
50.0,36.0,71.0,955.9,120.6,45.3,47.4,4.4,Cotton,2.19,881
45.8,29.2,24.2,777.5,143.1,43.4,72.8,3.36,Cotton,3.28,681
84.0,25.2,79.9,1396.6,212.2,38.1,57.5,4.2,Rice,5.31,389
60.1,25.2,73.4,885.7,101.0,40.8,65.7,3.53,Maize,5.65,403
85.1,24.4,94.7,2124.5,155.5,68.6,105.4,2.59,Rice,3.18,142
46.9,13.7,71.0,393.2,22.5,36.7,31.8,5.81,Chickpea,1.64,477
48.0,15.9,45.4,536.4,21.8,46.7,48.3,5.22,Chickpea,1.51,690
30.7,21.0,52.5,232.7,25.2,51.4,33.1,5.18,Chickpea,1.48,793
55.1,15.0,57.6,393.2,136.4,36.5,38.8,3.86,Wheat,3.74,501
66.1,21.8,65.1,827.5,157.5,30.0,60.4,2.16,Maize,5.31,585
56.9,16.4,70.2,311.6,117.2,63.4,47.0,3.47,Wheat,3.91,429
48.6,24.2,59.1,715.0,120.1,44.7,24.6,3.58,Wheat,4.01,649
49.1,31.1,66.9,760.8,110.0,54.0,75.4,3.65,Cotton,3.28,551
55.6,28.2,59.1,1206.8,28.2,40.0,63.9,4.65,Groundnut,1.53,391
52.9,19.9,70.2,711.7,82.0,62.7,43.8,4.72,Wheat,4.51,505
61.4,32.1,55.0,1007.1,41.1,62.5,72.0,1.85,Groundnut,1.36,455
60.4,23.0,58.3,624.7,87.5,33.6,72.7,3.61,Maize,4.55,461
53.8,21.2,47.8,317.9,143.8,46.5,36.5,0.5,Wheat,4.15,877
87.9,28.4,88.9,2048.4,164.2,52.3,89.1,2.71,Rice,3.93,0
54.1,22.2,55.4,256.4,112.3,42.2,50.5,5.18,Wheat,4.26,739
60.3,20.4,53.7,50.8,119.4,55.8,39.0,1.7,Wheat,3.76,797
67.6,31.8,60.5,344.1,159.7,55.3,56.8,1.13,Maize,3.73,517
70.3,28.9,76.9,976.0,221.1,55.9,117.5,3.23,Rice,6.23,564
58.7,23.8,68.9,1117.1,159.2,51.4,69.7,0.71,Maize,4.93,580
43.5,16.3,55.2,22.1,145.2,67.6,46.4,3.29,Wheat,3.4,489
70.4,29.5,73.1,610.8,177.9,45.9,97.7,3.35,Rice,4.51,553
55.8,20.5,68.3,951.1,40.4,44.7,46.2,1.64,Soybean,1.82,539
53.7,26.4,63.6,968.0,99.5,42.0,35.7,1.36,Cotton,2.05,392
39.3,23.3,51.4,275.0,136.4,63.0,36.7,1.72,Wheat,3.51,768
62.8,18.2,64.0,646.3,140.4,58.4,39.5,0.52,Wheat,4.27,654
57.4,22.5,54.2,935.2,116.7,45.4,63.0,2.51,Wheat,3.85,472
66.7,24.6,75.8,435.8,129.7,48.5,53.6,6.8,Wheat,4.48,176
38.9,35.4,44.4,448.9,54.1,31.3,31.2,3.25,Jowar,1.76,770
37.8,33.8,53.3,967.8,102.3,29.7,48.2,3.27,Cotton,2.43,472
49.4,25.7,47.4,442.8,131.6,45.9,46.1,5.47,Wheat,4.26,431
56.8,13.7,56.7,464.1,29.5,42.6,35.1,4.39,Chickpea,1.4,562
60.4,26.3,74.2,1064.3,142.1,38.0,97.5,0.5,Rice,4.51,51
68.2,25.0,78.2,779.6,56.9,59.7,78.4,3.07,Soybean,2.2,363
46.5,25.7,53.0,281.5,28.4,44.9,25.6,4.02,Chickpea,1.51,895
46.2,25.0,50.6,457.3,51.7,77.1,36.9,3.87,Soybean,2.07,237
55.1,23.2,59.6,955.5,146.7,25.8,44.5,2.09,Maize,3.9,605
66.0,27.7,77.2,1119.2,32.8,58.7,76.1,2.73,Soybean,2.03,242
53.3,30.9,83.7,435.1,144.9,43.7,39.2,4.21,Maize,3.74,353
62.7,30.9,55.9,689.2,102.2,37.7,83.5,4.88,Cotton,2.15,461
56.5,35.2,61.1,698.0,139.3,39.4,42.4,2.91,Maize,4.61,653
73.2,31.5,72.7,1171.6,45.6,75.6,58.1,3.31,Soybean,1.86,406
30.8,28.5,44.5,549.8,85.8,34.4,35.3,5.21,Jowar,1.8,580
60.1,29.8,62.5,936.1,146.9,15.9,33.6,3.29,Maize,4.67,319
32.3,31.5,49.8,101.7,55.1,31.6,49.5,1.65,Bajra,1.56,647
50.3,23.3,53.3,915.7,50.8,60.8,34.4,3.27,Soybean,2.15,764
53.6,19.0,47.9,629.8,129.2,51.5,48.7,4.62,Wheat,5.36,482
63.7,29.1,64.8,1265.1,35.9,92.0,53.5,5.65,Soybean,2.19,519
66.0,10.3,70.4,578.4,141.6,51.2,40.6,5.83,Wheat,4.31,551
47.3,24.5,66.6,709.7,28.2,52.9,37.6,2.91,Chickpea,1.59,212
63.7,25.3,52.5,1077.8,169.5,30.0,58.7,6.01,Maize,5.45,742
62.6,30.0,87.0,1171.6,158.6,50.0,105.1,2.61,Rice,5.24,301
51.7,24.6,68.4,803.5,32.9,49.1,78.0,4.82,Groundnut,1.93,823
50.8,13.0,57.2,222.7,135.2,28.8,41.2,5.33,Wheat,3.18,908
76.5,25.7,80.7,1047.3,225.0,55.2,108.4,2.03,Rice,5.37,326
59.9,11.6,44.6,458.1,142.4,49.0,42.8,0.78,Wheat,3.73,684
58.1,24.4,45.0,299.0,153.4,30.9,66.1,3.27,Maize,3.9,570
63.0,26.6,60.0,1244.5,52.3,63.4,59.8,0.9,Soybean,2.44,289
69.3,16.6,70.2,378.4,114.4,35.6,50.1,4.51,Wheat,3.87,647
37.4,31.5,41.3,460.3,127.8,41.8,70.8,2.25,Cotton,2.58,691
52.0,23.6,72.6,585.9,44.7,57.7,78.4,1.1,Groundnut,1.58,421
64.8,32.1,68.7,1915.9,250.0,59.7,139.0,1.44,Sugarcane,9.08,323
81.8,35.0,73.4,1818.0,158.7,77.9,159.5,1.3,Sugarcane,10.02,430
77.9,23.1,91.0,2194.9,184.2,30.4,98.9,0.5,Rice,3.85,333
58.8,29.9,69.3,904.6,40.7,56.1,58.4,3.06,Soybean,1.98,467
65.5,21.6,72.2,579.7,144.3,49.1,53.3,3.79,Wheat,4.82,456
36.9,19.1,45.6,584.7,38.8,47.9,45.4,4.87,Chickpea,1.73,702
83.7,26.3,84.8,1109.0,190.3,52.2,95.5,3.24,Rice,4.92,641
59.5,29.4,74.7,1085.3,52.7,68.7,53.2,4.75,Soybean,2.07,89
39.2,15.6,41.9,65.7,31.2,51.1,31.8,0.83,Chickpea,1.53,590
76.7,29.9,83.6,2200.4,191.7,97.0,174.2,4.44,Sugarcane,9.4,299
83.1,25.4,66.8,1443.0,165.2,56.5,104.5,2.52,Rice,5.59,441
71.0,24.1,85.1,1335.2,36.9,68.1,59.9,5.78,Soybean,1.8,488
44.1,30.4,60.4,854.3,118.3,29.7,69.6,2.35,Cotton,2.79,742
58.9,21.8,73.8,896.5,114.5,34.8,35.1,4.42,Wheat,4.25,733
61.1,22.9,64.4,548.7,45.4,45.7,60.7,2.86,Soybean,2.29,430
68.0,24.3,73.8,1110.6,54.7,56.9,68.9,4.77,Soybean,1.84,500
51.0,33.4,48.1,446.3,82.2,34.4,43.4,2.76,Jowar,1.8,649
60.2,25.4,65.8,618.8,146.5,43.0,34.3,0.5,Wheat,4.07,678
53.6,14.8,57.4,972.3,110.7,51.7,45.4,3.07,Wheat,3.03,580
59.5,23.1,52.7,516.0,119.0,39.6,37.0,3.29,Wheat,4.26,778
36.5,28.4,60.4,1014.8,101.3,32.5,65.6,1.85,Cotton,2.6,411
79.9,25.8,65.6,1177.3,106.2,53.7,90.3,5.22,Rice,6.23,487
20.1,32.5,48.9,235.3,64.9,33.7,56.5,4.64,Jowar,1.74,625
61.4,15.4,42.1,65.7,31.5,35.2,26.5,4.2,Chickpea,1.41,725
86.7,21.5,82.6,2423.3,114.6,61.7,69.4,1.02,Rice,2.92,145
65.5,24.1,59.2,870.3,149.1,51.3,58.9,4.29,Maize,5.69,395
56.1,24.0,42.0,567.7,131.8,42.6,74.3,1.37,Maize,4.22,883
48.1,28.5,49.1,539.7,82.5,25.4,44.6,2.58,Cotton,2.75,712
33.0,35.9,60.9,747.4,52.4,22.0,46.9,5.24,Bajra,1.54,719
47.9,20.0,41.0,159.7,134.8,59.0,69.4,1.8,Wheat,4.17,611
42.8,19.8,43.8,190.7,148.6,70.8,55.3,3.57,Wheat,3.77,445
45.0,27.0,59.4,764.8,33.7,75.2,68.3,1.18,Groundnut,2.53,465
47.9,25.9,61.8,727.6,65.0,32.4,58.6,2.39,Jowar,1.8,526
68.7,22.2,76.6,637.2,189.7,55.3,40.5,6.66,Maize,4.79,565
73.2,28.0,68.9,1086.4,130.6,39.3,48.3,0.5,Maize,5.01,609
89.4,31.6,67.7,1118.0,191.5,56.6,78.2,4.13,Rice,4.99,639
48.1,24.8,61.9,518.6,182.4,49.7,64.6,3.34,Maize,5.1,808
51.0,27.9,76.7,1083.9,49.1,57.7,60.2,0.5,Soybean,2.15,500
65.4,26.5,69.1,750.8,41.9,46.9,78.4,3.96,Groundnut,2.05,506
77.9,29.0,83.8,1037.6,154.3,71.8,90.7,2.35,Rice,5.91,228
46.4,20.1,47.8,517.6,29.1,44.0,35.3,1.53,Chickpea,2.14,784
56.4,14.8,46.8,329.2,36.1,48.7,44.6,4.1,Chickpea,1.5,632
57.4,26.5,50.4,397.9,149.3,41.8,63.8,2.52,Cotton,1.99,553
89.4,24.8,83.8,1554.2,134.7,48.1,87.4,3.98,Rice,4.26,378
72.9,30.6,78.9,1679.2,173.9,32.2,103.8,0.5,Rice,6.15,340
40.3,31.6,54.5,370.6,81.1,26.5,45.0,6.79,Jowar,2.1,779
40.1,22.7,60.6,654.5,61.2,26.7,36.0,2.01,Jowar,1.68,459
51.5,30.9,63.9,809.3,39.0,74.3,52.8,3.42,Soybean,1.91,700
71.8,26.3,80.7,1761.7,200.7,66.0,114.2,1.1,Rice,5.96,341
30.2,29.0,44.2,137.9,82.1,28.8,31.1,3.56,Jowar,1.72,719
34.8,31.0,54.4,86.2,56.2,26.6,30.2,3.95,Bajra,1.67,568
63.5,18.4,74.6,667.9,149.6,47.1,46.5,4.51,Wheat,4.86,293
18.5,32.0,38.9,315.0,65.0,22.6,34.5,4.71,Jowar,1.85,552
56.0,27.0,49.2,767.0,129.6,45.8,70.1,3.65,Maize,6.19,853
51.6,21.0,65.1,253.0,139.8,54.7,44.4,8.34,Wheat,4.01,368
29.8,33.3,50.7,157.8,81.8,37.3,31.1,4.24,Bajra,1.78,796
57.9,23.4,61.0,527.6,149.5,53.5,40.3,2.68,Wheat,5.06,543
40.2,33.4,48.0,916.1,98.8,40.3,83.1,4.48,Cotton,2.27,544
45.9,29.3,61.0,610.5,65.4,22.5,30.4,6.59,Bajra,1.82,498
37.4,32.9,47.1,549.2,58.8,26.7,52.6,1.66,Bajra,2.09,666
92.0,34.8,63.6,1851.3,225.7,73.9,193.2,2.66,Sugarcane,7.91,532
83.9,24.6,82.4,2182.1,186.3,58.0,115.5,1.27,Rice,4.1,322
49.6,27.9,76.5,951.6,43.5,54.1,58.9,4.52,Groundnut,2.12,407
61.7,21.1,61.2,670.4,27.6,42.0,37.3,2.56,Chickpea,1.35,353
57.6,26.3,65.6,841.0,44.3,85.3,55.9,5.09,Soybean,2.26,234
77.3,26.4,79.9,1627.3,198.0,67.7,88.3,1.33,Rice,5.71,590
50.5,20.3,66.6,903.7,92.2,43.9,33.1,1.32,Wheat,4.13,336
29.2,29.0,40.9,792.1,55.6,21.7,48.9,4.29,Bajra,1.58,458
51.5,33.4,41.1,834.4,109.2,30.3,83.8,2.58,Cotton,2.53,861
42.1,34.6,48.5,414.5,57.3,43.4,78.7,2.89,Cotton,1.99,459
77.5,35.4,83.8,1897.8,250.0,107.6,121.3,0.68,Sugarcane,9.85,368
66.6,24.1,80.8,1548.7,166.1,64.6,81.7,3.05,Rice,5.15,450
69.0,25.3,78.9,1887.1,223.6,31.3,91.1,3.64,Rice,5.08,323
66.8,24.7,66.6,458.0,53.6,75.2,56.5,2.47,Soybean,1.95,693
79.1,30.1,83.1,1419.0,204.0,61.9,77.0,1.31,Rice,5.72,95
57.3,16.9,62.1,873.8,119.9,52.5,42.5,2.26,Wheat,3.46,342
72.6,27.0,64.4,1447.8,173.9,28.4,86.2,3.94,Rice,5.94,408
66.9,27.4,65.1,1240.0,101.8,47.1,55.2,3.38,Maize,4.51,458
58.5,26.6,69.3,601.5,101.2,67.0,50.0,2.91,Wheat,3.62,494
44.0,17.3,51.3,643.3,28.4,39.5,28.4,3.74,Chickpea,1.71,710
63.3,20.2,65.1,756.6,168.3,45.7,48.0,4.09,Wheat,4.45,407
51.3,30.4,56.1,849.3,114.1,45.2,62.0,3.98,Cotton,2.79,254
69.3,25.0,85.9,1181.0,197.6,43.2,105.8,2.37,Rice,5.91,376
58.5,29.8,62.2,430.1,38.0,50.2,44.9,3.96,Groundnut,1.6,549
78.3,28.7,87.8,1114.1,202.3,66.1,88.0,2.73,Rice,5.79,432
74.6,24.6,69.7,980.6,160.9,69.7,86.3,2.12,Rice,4.22,772
60.6,28.5,64.4,1037.6,38.0,56.0,27.6,4.2,Soybean,2.31,501
52.1,31.9,65.7,644.1,105.1,31.9,92.4,5.2,Cotton,2.75,618
56.7,24.6,64.8,1184.6,113.2,25.7,54.3,0.5,Maize,4.86,331
35.0,29.4,67.5,455.0,69.4,23.9,57.0,3.57,Bajra,1.76,677
67.5,18.8,60.4,485.9,135.1,66.1,44.5,2.51,Wheat,5.5,642
44.8,32.0,43.5,683.0,117.2,41.3,80.8,1.92,Cotton,2.97,728
82.6,26.5,63.5,773.4,100.9,54.0,52.9,3.55,Maize,4.69,669
47.4,20.7,51.7,437.5,205.9,40.6,50.4,3.83,Maize,3.89,489
73.7,16.7,52.7,734.4,104.7,49.0,40.1,0.5,Wheat,3.85,704
60.6,16.1,55.7,731.6,157.8,61.3,43.6,3.25,Wheat,3.95,665
46.3,22.1,57.4,334.7,36.2,43.2,39.6,4.5,Chickpea,1.78,873
55.5,17.5,65.6,176.7,135.3,69.2,46.0,2.13,Wheat,3.01,314
46.7,27.3,49.7,969.2,31.3,55.0,77.2,2.81,Groundnut,1.94,598
79.1,25.0,71.2,1175.0,137.1,72.4,80.7,3.84,Rice,5.18,753
43.3,38.4,64.5,980.6,97.5,37.5,80.3,0.5,Cotton,2.04,433
73.8,24.0,82.9,2267.6,146.2,51.7,79.2,1.78,Rice,4.15,159
46.7,25.2,55.8,392.7,134.3,43.9,52.7,4.05,Wheat,3.2,908
43.2,29.9,48.2,511.8,56.3,36.3,39.1,6.43,Jowar,2.39,1023
64.9,26.6,55.3,1037.2,130.2,50.4,55.3,3.89,Maize,5.23,578
34.1,25.8,40.3,136.7,56.0,35.7,52.1,3.54,Bajra,1.31,660
59.2,26.3,75.6,1160.9,45.0,48.3,41.2,1.0,Soybean,2.1,298
54.0,25.9,39.7,451.9,72.8,36.4,53.4,4.65,Bajra,1.63,680
61.7,15.2,53.3,646.5,125.1,52.5,33.1,0.5,Wheat,3.75,495
70.0,25.9,78.4,634.6,174.2,49.0,105.2,2.4,Rice,4.91,308
49.3,28.4,39.1,790.2,112.8,30.0,88.2,4.97,Cotton,2.97,735
64.3,29.8,65.6,827.3,50.8,51.9,51.4,2.75,Groundnut,1.96,512
76.5,28.6,83.3,1378.6,179.9,84.3,185.6,3.22,Sugarcane,12.0,382
41.7,16.9,54.3,525.9,96.7,55.5,29.2,3.47,Wheat,3.93,635
44.7,21.3,80.0,1125.4,34.4,52.6,80.7,1.82,Groundnut,1.35,176
54.6,23.7,52.1,917.8,43.0,65.3,58.4,1.84,Groundnut,1.65,712
78.4,30.6,66.5,1831.8,183.8,70.6,91.5,4.6,Rice,5.67,412
35.3,33.6,34.3,428.6,47.7,38.9,43.4,2.65,Bajra,1.87,687
66.6,20.8,71.2,1093.0,130.4,57.4,53.7,3.56,Maize,4.27,388
38.9,24.2,42.0,469.9,72.2,32.8,58.1,5.12,Jowar,1.47,772
87.4,32.6,63.5,2147.9,238.9,112.0,175.3,2.15,Sugarcane,9.48,371
66.4,31.3,68.2,1020.3,168.3,43.6,66.1,7.34,Rice,4.53,442
47.6,23.4,62.8,714.2,168.8,41.0,53.6,2.78,Wheat,4.52,659
31.5,34.4,45.2,417.3,123.1,44.0,73.0,4.7,Cotton,2.57,870
52.1,18.4,56.5,463.4,32.8,47.8,35.4,2.83,Chickpea,1.62,574
61.8,26.0,68.7,957.6,47.7,49.3,43.9,3.93,Soybean,2.25,462
46.1,23.7,47.0,821.2,145.3,68.7,36.8,4.81,Wheat,3.59,481
38.6,27.9,55.6,640.1,55.0,23.5,58.0,0.5,Jowar,2.09,581
28.2,29.7,43.4,302.7,54.4,31.0,34.1,3.1,Bajra,1.79,805
50.6,17.0,56.1,58.6,97.9,60.9,55.5,5.27,Wheat,3.87,805
53.3,19.6,64.9,495.2,163.8,58.4,51.3,2.81,Wheat,5.46,579
86.1,28.7,63.9,1360.0,161.8,57.7,72.6,4.5,Rice,5.53,438
66.5,24.1,66.1,765.7,157.3,38.4,37.1,1.89,Maize,4.28,401
54.2,27.1,45.2,571.1,37.4,58.6,70.0,2.22,Groundnut,2.0,724
38.1,29.7,48.8,266.7,50.5,38.2,30.1,3.06,Bajra,1.9,534
47.3,33.0,52.2,582.0,40.1,28.1,39.3,0.5,Bajra,1.69,659
63.6,25.2,65.1,1014.6,46.1,55.8,69.9,5.95,Soybean,2.13,489
43.3,26.2,54.5,425.7,89.8,31.0,36.2,2.89,Jowar,2.08,504
68.8,19.0,52.3,904.4,141.7,38.4,45.7,3.3,Wheat,3.56,649
49.6,23.1,79.5,798.1,36.3,75.9,39.1,2.82,Groundnut,1.96,370
42.7,13.8,57.3,533.1,22.7,42.7,40.1,2.48,Chickpea,1.67,699
55.7,32.3,69.6,780.8,32.6,53.0,49.3,3.07,Groundnut,1.57,407
53.4,31.4,66.1,864.7,34.0,65.1,47.4,4.64,Groundnut,1.95,570
50.9,19.1,60.7,542.9,131.8,30.5,71.3,3.13,Wheat,5.18,818
29.9,29.3,44.5,500.5,74.0,24.7,34.5,2.34,Bajra,2.12,731
54.7,18.9,57.8,513.9,149.2,61.5,46.2,4.61,Wheat,4.85,726
73.8,26.3,83.6,1581.5,162.0,56.1,80.9,5.39,Rice,5.31,188
52.7,31.0,63.5,522.2,146.0,60.3,44.8,2.43,Maize,4.74,507
30.8,29.9,28.9,161.0,80.3,31.6,39.2,3.71,Bajra,1.57,540
40.3,28.3,45.7,476.3,75.3,37.7,41.2,2.48,Jowar,2.14,675
70.0,27.2,67.9,1708.3,165.2,52.9,105.5,3.5,Rice,4.78,207
79.7,32.9,85.6,997.7,102.8,56.0,103.3,6.01,Rice,4.12,352
38.7,29.1,75.2,861.8,65.2,29.0,41.4,4.22,Bajra,1.65,114
63.3,21.1,89.0,702.6,154.1,45.9,38.1,1.45,Wheat,4.38,214
71.4,33.5,84.6,1007.1,161.2,35.9,103.1,0.75,Rice,4.49,353
63.9,30.5,88.0,1786.8,217.8,48.9,64.2,1.58,Rice,5.21,299
44.0,27.5,51.9,306.2,126.7,36.2,59.2,6.51,Cotton,2.07,422
49.1,27.2,60.4,715.9,33.9,62.8,52.6,5.73,Groundnut,2.45,497
71.6,24.9,78.8,1185.5,188.7,41.1,111.9,1.16,Rice,5.25,750
72.0,28.8,82.3,1572.9,229.0,51.1,99.9,4.65,Rice,6.87,414
84.2,26.8,73.0,1492.2,209.1,42.5,96.1,2.84,Rice,6.36,391
50.8,21.6,57.2,293.0,28.5,44.6,33.1,2.58,Chickpea,1.56,219
62.3,25.3,72.0,1124.5,42.0,76.1,50.1,2.31,Soybean,2.19,279
76.8,23.0,74.2,846.0,127.4,35.4,74.2,1.52,Maize,4.82,515
77.2,18.2,62.0,1178.0,119.8,50.7,58.4,5.23,Wheat,2.62,525
70.8,26.8,63.1,895.1,47.7,65.0,51.6,1.31,Soybean,2.17,585
54.9,19.9,56.6,589.1,60.1,70.7,43.9,1.51,Soybean,1.57,751
88.7,22.5,67.4,1706.9,199.8,85.6,208.6,5.12,Sugarcane,7.81,397
28.3,25.4,37.5,529.5,74.3,30.6,36.7,5.89,Bajra,1.6,875
79.6,29.7,76.9,1910.7,232.3,57.5,176.9,1.98,Sugarcane,11.17,22
48.3,30.1,61.6,596.4,175.5,47.1,45.2,5.13,Maize,3.89,946
34.2,27.2,38.4,456.9,63.3,30.0,37.2,7.31,Bajra,2.14,702
58.3,26.2,65.7,468.7,38.9,42.8,60.7,1.52,Soybean,1.79,452
56.0,18.4,67.9,984.8,161.0,37.2,30.8,0.7,Wheat,3.47,695
37.8,33.6,47.6,411.6,47.1,18.8,48.7,0.5,Jowar,1.87,783
52.7,20.5,63.9,325.6,143.6,53.6,33.2,4.04,Wheat,4.17,730
49.8,14.9,65.5,906.9,152.9,44.2,45.8,3.44,Wheat,2.9,402
64.8,19.4,64.1,331.4,115.8,53.1,50.3,0.51,Wheat,3.82,623
51.0,24.4,67.5,466.6,34.2,44.2,64.4,3.61,Groundnut,1.79,644
43.3,16.9,48.9,585.8,27.3,33.0,33.5,2.14,Chickpea,1.45,490
37.8,19.0,32.2,615.1,22.7,51.3,38.5,2.67,Chickpea,1.52,736
48.3,31.9,66.3,751.7,75.7,30.4,43.1,6.28,Jowar,1.66,472
70.7,25.7,71.8,1731.5,194.7,102.7,219.1,1.5,Sugarcane,9.54,303
69.0,15.7,69.8,612.0,163.3,37.2,32.2,3.3,Wheat,4.0,393
62.2,32.3,71.2,642.3,39.2,81.5,43.0,2.96,Soybean,1.95,294
51.3,20.3,53.0,459.2,98.2,59.1,52.9,4.76,Wheat,4.62,713
71.6,27.9,88.5,2028.3,176.5,71.0,98.2,2.86,Rice,5.41,252
56.4,21.9,58.5,1013.7,107.4,51.5,53.2,2.48,Maize,4.64,712
80.1,28.3,81.1,1775.1,190.4,62.6,117.2,3.58,Rice,6.47,270
55.3,23.1,50.3,450.4,158.0,57.5,38.0,2.73,Wheat,4.25,566
59.7,24.7,73.3,1031.6,118.8,50.4,77.9,1.8,Cotton,2.49,200
63.5,19.8,56.7,442.6,128.0,49.8,37.8,5.7,Wheat,5.2,635
67.2,26.1,78.5,712.8,27.8,45.4,39.3,1.55,Soybean,1.76,372
56.7,20.8,66.9,949.0,60.8,67.9,60.0,5.84,Soybean,1.87,784
90.6,30.3,87.7,1509.2,224.4,70.3,56.4,4.05,Rice,5.2,615
35.9,21.5,58.4,358.2,105.6,56.8,31.9,0.83,Wheat,3.69,859
41.7,32.3,57.4,1095.4,122.1,57.5,68.3,3.09,Cotton,2.78,397
78.0,31.2,70.5,745.9,128.8,94.8,183.2,0.5,Sugarcane,8.71,265
49.4,33.4,64.0,1024.9,49.2,54.2,52.8,6.28,Soybean,1.92,456
75.3,32.6,70.1,1740.2,241.1,76.5,159.9,2.12,Sugarcane,11.46,222
33.9,27.0,64.3,821.3,60.3,26.1,42.1,4.12,Jowar,1.8,731
76.1,25.6,79.4,1148.2,43.3,55.5,76.6,3.46,Soybean,1.75,378
56.8,34.2,79.7,1105.8,31.0,62.3,47.0,3.47,Soybean,1.84,301
37.3,29.6,58.5,508.1,78.4,25.0,57.9,0.5,Bajra,1.8,598
35.7,17.7,60.7,632.9,33.9,57.2,50.9,1.29,Chickpea,1.42,758
57.9,28.8,59.9,674.1,52.8,33.2,49.7,5.64,Soybean,1.84,425
62.5,23.1,54.1,340.6,129.9,51.5,44.0,3.02,Wheat,4.2,727
42.1,26.3,73.9,647.9,36.4,64.9,60.9,1.23,Groundnut,2.09,262
77.8,31.0,67.2,1092.0,87.2,29.5,51.9,7.29,Maize,3.79,427
72.3,26.4,88.1,1232.9,191.1,49.2,90.2,3.04,Rice,6.94,192
72.4,29.7,68.9,957.8,54.9,53.6,65.8,6.22,Soybean,2.17,510
75.6,28.5,88.2,1726.9,185.2,58.7,93.2,1.11,Rice,5.73,266
44.0,26.9,61.3,699.4,45.7,21.6,41.8,2.86,Jowar,1.68,736
62.3,24.9,66.7,948.8,34.1,80.2,97.2,1.42,Groundnut,1.91,584
34.2,32.8,24.2,290.4,61.1,20.4,26.6,3.56,Bajra,1.87,746
70.0,29.1,69.3,845.9,131.1,40.7,49.3,3.37,Maize,4.7,272
79.9,32.6,72.7,1279.6,212.0,43.9,50.2,2.98,Rice,5.01,270
33.4,25.7,50.6,399.1,82.3,25.0,42.7,5.51,Bajra,1.83,606
61.7,18.9,71.9,525.8,129.8,55.5,21.9,5.3,Wheat,4.17,459
72.6,29.5,77.4,1497.0,192.6,69.2,51.6,3.5,Rice,5.85,219
51.0,27.2,67.5,631.8,29.5,50.5,79.0,4.41,Groundnut,2.14,678
42.1,30.0,54.6,269.5,35.3,47.5,37.1,2.67,Groundnut,1.81,799
65.6,19.8,72.7,971.9,140.3,44.4,41.1,2.71,Maize,3.83,390
75.2,29.3,82.1,1021.8,141.2,38.8,98.6,3.42,Rice,6.62,280
79.3,28.1,76.8,1017.1,154.8,52.7,146.4,0.69,Rice,5.98,358
48.8,31.2,53.1,998.0,117.8,32.7,63.6,3.22,Cotton,2.65,573
61.8,25.0,63.8,1421.7,124.9,46.4,73.6,6.1,Maize,3.72,439
58.9,14.3,50.4,40.1,142.0,54.1,45.0,2.02,Wheat,3.65,467
55.7,30.3,77.1,903.5,153.5,37.1,57.2,0.5,Maize,4.51,341
52.9,31.0,48.5,816.4,99.9,40.6,54.3,3.87,Cotton,2.46,352
59.5,20.2,58.9,677.7,148.2,47.8,29.2,1.53,Wheat,3.79,581
71.8,31.9,88.8,1569.1,198.5,95.6,165.0,3.99,Sugarcane,9.86,356
53.6,25.9,71.7,662.0,94.6,59.5,65.4,1.88,Wheat,3.76,316
48.2,29.6,50.0,648.0,143.1,35.6,68.5,2.53,Cotton,3.46,671
65.2,31.3,51.7,1260.8,28.7,78.9,53.0,2.54,Soybean,1.91,464
59.1,27.4,44.3,516.4,155.5,35.9,29.4,3.57,Wheat,3.3,596
46.2,27.3,60.0,1117.9,34.9,60.1,57.7,4.15,Groundnut,1.74,809
54.9,25.0,51.7,828.5,105.0,49.1,64.3,1.75,Maize,5.25,746
51.0,27.7,54.1,593.4,34.1,47.8,90.7,1.4,Groundnut,2.41,696
59.7,21.6,50.7,535.7,146.8,32.0,46.8,4.33,Wheat,4.7,588
61.8,17.7,64.7,557.2,127.4,32.2,30.5,2.35,Wheat,4.24,608
47.9,32.4,62.9,557.0,127.2,45.6,85.3,1.59,Cotton,2.58,530
75.1,30.8,70.0,1436.0,140.6,51.9,99.6,1.09,Rice,4.7,463
72.6,23.9,73.2,1474.0,219.1,52.7,109.4,1.68,Rice,5.63,230
65.8,23.7,45.3,353.4,31.9,45.2,64.0,4.3,Groundnut,1.26,701
92.0,28.5,86.9,1627.1,150.7,52.1,109.2,1.06,Rice,5.09,199
43.1,32.3,74.3,501.0,24.5,42.6,57.4,4.29,Groundnut,1.92,263
58.9,15.1,67.3,473.9,110.4,32.2,30.5,4.14,Wheat,3.56,792
51.9,30.8,61.8,1146.1,113.2,43.6,60.2,9.28,Cotton,2.19,617
61.7,18.0,72.3,633.5,109.3,42.7,49.2,5.03,Wheat,4.54,356
47.1,25.7,59.0,929.4,34.6,62.4,63.7,3.75,Groundnut,1.62,320
59.6,23.4,64.4,1185.3,184.2,50.6,54.6,4.08,Maize,4.15,357
56.3,22.1,73.1,951.0,130.1,36.5,54.3,3.89,Wheat,3.77,303
36.7,27.3,55.4,760.5,78.6,34.5,84.6,4.47,Cotton,2.13,499
45.1,28.2,50.7,710.3,40.4,53.6,93.8,0.84,Groundnut,2.23,403
49.0,19.1,63.6,603.6,172.1,37.0,37.7,5.3,Wheat,5.07,422
47.6,34.5,41.5,447.3,110.3,32.4,54.7,2.86,Cotton,2.37,736
45.4,36.8,43.0,364.9,64.5,41.7,29.2,1.63,Jowar,1.69,788
58.9,15.2,55.8,86.3,25.8,30.8,41.3,1.1,Chickpea,1.13,369
42.9,19.3,53.8,597.5,118.7,55.7,36.7,3.99,Wheat,4.86,623
80.6,25.4,76.4,1587.5,161.1,70.8,51.0,0.5,Rice,5.01,180
92.0,23.3,83.8,1848.3,182.9,63.0,109.6,3.56,Rice,4.88,98
47.1,29.1,72.5,948.2,44.9,61.5,55.0,1.34,Soybean,2.14,386
73.7,23.7,87.2,693.4,161.4,61.8,92.0,1.67,Rice,4.51,252
58.5,24.0,60.6,506.6,144.9,63.0,45.3,2.96,Wheat,4.79,689
65.1,19.7,70.9,646.3,132.6,41.4,58.5,0.5,Wheat,5.3,592
37.4,32.9,58.0,1013.7,106.9,37.3,100.6,3.99,Cotton,2.92,493
43.4,22.2,67.1,430.1,75.5,21.7,27.9,1.36,Jowar,1.43,444
75.2,26.6,94.3,1739.7,162.9,64.9,79.8,1.28,Rice,5.14,480
37.3,31.5,33.1,348.6,63.8,29.4,38.0,2.24,Bajra,2.2,1023
66.6,28.0,64.8,931.0,178.6,60.6,63.7,0.5,Maize,5.67,555
25.9,25.4,56.7,491.0,59.7,32.5,37.8,2.91,Jowar,1.89,591
62.5,20.2,62.0,726.8,124.2,50.6,40.2,4.55,Wheat,4.25,698
87.9,26.3,74.3,1512.0,162.3,58.3,87.6,1.39,Rice,4.75,574
31.3,33.6,53.4,190.3,75.4,31.2,47.2,3.03,Jowar,1.68,594
43.5,33.0,44.6,458.2,65.4,17.2,36.3,6.49,Jowar,1.74,980
91.4,31.7,70.7,2500.0,250.0,75.2,173.9,4.12,Sugarcane,8.05,247
46.3,14.1,55.2,430.7,38.4,52.6,38.9,6.24,Chickpea,1.83,800
32.2,30.3,72.8,516.5,58.4,29.2,26.9,4.92,Bajra,1.78,408
76.2,24.3,61.5,598.8,138.0,49.6,58.5,2.44,Maize,4.18,575
46.1,18.7,61.3,453.6,145.1,60.7,38.5,3.0,Wheat,4.99,515
82.5,33.0,88.4,807.1,193.8,53.7,78.6,4.56,Rice,3.73,339
57.7,22.0,72.7,842.6,44.3,55.2,54.6,4.28,Soybean,1.97,601
56.4,14.2,57.2,644.9,163.1,58.4,48.7,2.31,Wheat,4.32,455
56.6,16.4,64.5,475.5,105.7,44.4,24.1,2.32,Wheat,4.45,511
55.6,21.5,56.6,626.3,113.6,43.2,42.3,2.46,Wheat,4.59,682
46.4,20.6,47.9,502.2,32.6,37.7,36.3,4.18,Chickpea,1.89,606
36.2,21.0,59.5,451.3,32.5,32.8,33.2,4.04,Chickpea,1.89,909
56.8,31.1,77.8,570.0,82.4,44.1,59.1,2.32,Cotton,2.82,218
66.5,16.8,72.9,1183.3,174.7,51.5,53.9,3.42,Maize,4.03,790
69.0,30.8,57.5,887.3,26.0,27.9,55.0,4.66,Soybean,2.15,458
89.1,26.0,93.5,1543.4,197.1,67.1,63.9,6.72,Rice,5.18,378
72.6,28.7,83.8,676.8,158.1,59.8,61.5,7.82,Wheat,3.85,630
43.0,17.4,51.5,568.1,126.4,44.0,37.4,4.61,Wheat,3.87,725
71.0,27.9,66.6,1936.4,171.8,39.7,104.7,2.51,Rice,5.74,143
53.8,15.0,59.8,730.5,137.4,47.8,54.2,3.64,Wheat,4.0,510
68.3,32.8,72.6,1682.0,145.5,54.6,73.7,3.36,Rice,4.99,356
69.3,18.9,76.7,1546.0,187.0,58.4,102.1,1.21,Rice,4.38,419
75.4,28.6,83.2,1688.5,195.4,50.6,104.4,2.57,Rice,6.29,426
82.5,24.7,84.6,1653.3,188.1,64.5,89.4,5.19,Rice,5.1,442
67.8,23.1,42.6,920.9,111.2,31.4,49.7,1.49,Maize,5.68,892
45.4,24.5,76.5,821.5,25.3,56.4,64.2,2.3,Groundnut,2.03,274
82.9,29.7,64.1,1605.4,250.0,85.8,208.8,1.44,Sugarcane,11.3,569
45.4,28.5,73.8,1271.8,35.1,61.4,47.9,1.84,Groundnut,1.49,118
64.6,20.9,71.1,1190.4,165.6,57.0,63.0,1.32,Maize,5.03,438
46.7,29.3,58.0,505.5,35.8,39.5,70.0,3.15,Groundnut,2.07,439
74.2,25.1,75.4,1822.0,164.9,51.1,112.1,4.11,Rice,5.26,38
57.0,31.8,49.3,662.6,137.6,26.6,98.8,2.19,Cotton,3.07,789
47.9,34.1,50.7,571.1,100.8,50.4,87.8,5.58,Cotton,2.9,645
71.3,34.2,85.4,1299.2,144.5,50.8,67.9,1.97,Rice,5.28,453
49.4,28.7,62.0,649.2,33.0,54.3,77.0,2.26,Groundnut,2.28,311
70.5,26.0,60.0,577.7,44.3,53.6,66.2,4.94,Soybean,1.99,392
69.0,23.9,72.1,1168.7,104.9,51.1,38.2,6.02,Maize,4.94,395
45.1,29.4,60.3,980.7,110.1,29.8,76.5,3.47,Cotton,3.31,423
76.6,28.9,83.7,1150.3,198.4,74.7,102.3,2.06,Rice,4.81,340
59.3,13.5,51.8,315.8,142.4,63.9,61.6,4.26,Wheat,2.9,575
59.5,16.9,41.9,439.8,148.0,73.2,45.9,3.4,Wheat,4.69,672
82.7,30.2,75.3,1642.7,211.3,93.7,175.3,1.08,Sugarcane,10.85,156
38.2,30.6,58.4,494.9,108.9,58.0,85.7,3.8,Cotton,2.92,798
90.4,23.2,80.7,1700.0,142.7,52.6,109.1,3.22,Rice,5.2,240
38.4,24.4,63.8,355.8,24.4,69.4,81.2,0.5,Groundnut,1.85,396
62.6,28.0,69.0,749.9,44.3,40.6,56.9,6.2,Soybean,2.06,591
73.8,23.4,66.5,633.2,147.5,57.2,46.1,1.88,Maize,4.8,595
79.9,32.3,71.7,1448.9,208.4,100.0,157.0,1.97,Sugarcane,10.66,412
44.4,16.7,45.7,141.2,34.5,52.0,32.6,2.64,Chickpea,1.66,766
59.3,30.3,57.2,768.9,30.9,46.1,59.7,3.63,Groundnut,1.89,515
47.7,29.8,70.5,576.3,67.8,31.4,36.5,4.08,Jowar,2.0,477
74.0,29.2,88.4,1519.5,164.3,61.8,97.8,1.88,Rice,5.72,0
82.8,25.9,67.2,2359.3,236.0,63.0,202.8,0.81,Sugarcane,8.95,68
47.7,28.7,74.2,735.8,26.3,67.7,64.8,2.99,Groundnut,2.13,259
40.8,22.6,46.0,493.9,29.0,44.3,20.7,5.24,Chickpea,1.74,735
69.1,15.0,75.0,584.4,156.6,30.1,42.6,5.51,Wheat,3.78,649
68.4,25.6,65.3,422.2,132.1,57.1,56.3,3.38,Maize,4.69,532
68.3,13.8,61.6,869.0,145.5,34.3,56.5,1.32,Wheat,2.54,488
60.6,29.3,79.8,717.9,39.0,63.5,68.9,3.2,Soybean,2.21,581
55.8,20.7,60.7,840.5,115.8,53.4,42.1,2.43,Wheat,4.15,484
49.2,28.3,59.7,619.1,119.8,46.6,91.3,3.46,Cotton,3.04,676
64.4,27.3,85.3,1880.3,153.8,64.9,116.9,5.02,Rice,5.09,310
62.2,18.5,65.1,487.9,128.6,59.0,53.4,5.55,Wheat,4.55,346
31.3,30.6,48.9,366.3,64.4,38.1,42.1,4.04,Bajra,2.3,734
56.3,21.0,71.1,948.4,159.1,39.3,20.5,2.96,Wheat,3.83,477
41.0,33.2,50.1,840.0,111.7,36.8,70.0,6.42,Cotton,2.51,444
63.4,18.2,52.7,464.4,171.9,46.1,48.5,0.5,Wheat,4.48,488
60.3,31.5,59.5,794.6,154.5,38.5,42.3,5.02,Maize,4.97,359
62.5,33.1,60.0,833.6,29.6,49.1,69.7,3.86,Groundnut,1.48,757
80.6,25.3,81.6,2395.3,101.7,53.8,70.0,0.5,Rice,4.67,543
55.1,17.4,57.0,809.1,136.7,57.8,47.7,5.72,Wheat,4.41,681
50.6,16.4,75.5,524.0,179.6,40.0,53.8,3.33,Wheat,4.59,706
62.3,26.5,71.4,978.2,35.5,69.9,60.2,2.18,Soybean,2.53,231
76.1,20.7,84.1,1757.3,239.3,67.4,88.8,4.63,Rice,4.28,479
50.6,21.0,47.6,431.3,25.5,54.2,20.0,3.08,Chickpea,1.49,991
63.7,25.4,59.9,677.0,181.1,32.2,54.7,3.31,Maize,5.29,816
61.2,26.9,71.1,871.7,40.8,67.6,63.6,3.09,Soybean,2.27,310
73.5,27.7,67.2,1336.2,159.3,51.4,98.0,1.17,Rice,6.41,594
77.3,27.4,75.5,1370.0,128.7,48.1,94.3,4.3,Rice,6.11,343
45.7,23.1,64.8,783.0,38.7,75.4,50.2,0.66,Groundnut,2.06,681
52.8,20.5,75.4,1093.8,155.0,33.4,54.6,5.9,Maize,3.95,296
75.9,30.0,70.9,1223.3,225.5,84.5,180.5,5.49,Sugarcane,8.68,414
40.9,14.9,57.8,576.2,35.9,49.8,38.6,1.41,Chickpea,1.35,508
58.7,27.0,60.2,726.8,135.8,36.8,57.9,6.02,Maize,5.16,632
91.5,30.2,76.5,1531.8,247.0,96.3,229.0,0.64,Sugarcane,7.83,320
76.8,31.1,77.6,1629.2,171.5,59.4,105.3,2.55,Rice,6.2,489
61.5,33.4,62.0,364.8,36.1,61.2,54.8,1.95,Groundnut,1.21,717
58.8,21.2,72.5,968.8,92.8,53.0,37.9,3.16,Wheat,3.88,496
60.0,26.2,73.2,1027.6,48.4,58.8,80.7,4.29,Soybean,2.48,414
53.5,27.7,59.0,301.6,56.7,71.4,58.4,2.75,Soybean,1.89,574
52.6,26.9,55.1,694.9,30.8,63.6,56.4,6.89,Groundnut,2.18,602
43.4,25.0,57.3,665.1,46.8,40.0,54.3,5.86,Soybean,2.13,704
81.5,31.5,86.5,1566.6,136.4,56.6,99.2,3.2,Rice,4.77,287
54.2,16.5,42.1,118.9,20.0,52.3,38.1,3.66,Chickpea,1.7,801
52.7,27.4,54.9,568.3,155.8,38.0,72.4,3.61,Maize,5.38,613
44.7,32.9,45.6,1366.5,83.2,43.3,71.2,4.28,Cotton,2.37,579
52.1,24.5,59.9,754.5,37.7,76.4,62.1,4.75,Groundnut,2.01,455
79.1,32.1,72.1,1344.8,138.1,73.2,79.9,0.5,Rice,5.28,99
29.4,30.3,51.1,524.7,72.5,37.1,43.8,3.46,Jowar,2.38,740
62.0,25.3,71.3,723.7,72.1,48.9,55.2,5.96,Maize,5.69,558
52.8,25.9,60.8,612.7,143.7,35.0,62.9,2.13,Maize,4.95,418
60.7,28.9,74.2,815.6,41.9,64.0,63.8,3.86,Soybean,2.16,733
68.1,15.4,56.9,790.1,139.0,58.3,40.6,6.21,Wheat,3.68,396
54.5,24.0,88.8,1216.1,28.5,57.9,52.4,5.95,Soybean,1.93,442
60.7,33.2,59.4,418.2,102.5,24.8,59.5,2.97,Cotton,2.36,642
33.8,34.0,42.8,206.9,45.3,30.1,42.5,3.59,Bajra,1.54,792
52.1,24.9,69.7,1266.6,33.1,55.3,60.9,2.4,Soybean,1.98,592
41.7,20.8,41.5,617.8,26.8,43.4,44.0,6.62,Chickpea,1.49,851
72.6,27.3,71.1,1034.9,142.4,24.8,54.3,3.26,Maize,4.92,438
92.0,22.2,73.5,809.4,211.8,78.5,104.1,3.69,Rice,3.71,281
59.7,26.9,71.5,1103.5,165.9,36.0,57.6,0.73,Maize,6.68,234
69.0,30.6,76.5,769.1,43.7,57.6,51.1,5.8,Soybean,2.02,456
45.6,32.3,55.2,757.7,32.2,56.2,73.6,2.98,Groundnut,1.97,837
42.7,30.5,48.9,899.1,61.0,24.7,43.7,3.96,Bajra,1.56,759
43.2,27.7,59.1,462.3,49.9,29.8,35.0,8.04,Jowar,2.13,595
49.2,32.0,60.6,790.2,33.9,66.4,68.7,1.72,Groundnut,1.92,598
30.3,30.0,39.4,664.5,69.0,29.9,31.2,2.94,Bajra,1.76,823
50.1,32.1,51.3,391.5,69.3,45.6,37.4,3.55,Jowar,2.03,932
83.4,20.7,75.1,1087.3,145.6,41.8,86.8,3.09,Rice,3.59,280
46.8,30.2,34.4,370.9,75.2,34.7,42.2,3.35,Bajra,2.04,890
54.9,32.9,59.9,725.1,36.4,54.2,90.0,4.08,Groundnut,2.0,604
67.1,26.1,48.2,369.9,131.9,28.5,34.8,4.27,Wheat,3.55,573
31.4,21.9,32.2,316.9,87.8,38.4,48.7,4.97,Jowar,1.51,638
33.9,18.9,47.9,307.5,35.2,45.7,34.2,5.41,Chickpea,1.64,896
48.0,29.7,57.9,763.4,40.7,54.9,83.2,4.75,Groundnut,2.38,623
80.9,23.6,79.9,1447.4,135.0,42.9,81.2,3.06,Rice,5.48,290
55.6,36.8,54.9,823.5,160.8,35.7,76.4,4.28,Cotton,2.04,603
22.6,33.5,45.5,35.2,60.7,21.0,38.4,1.43,Bajra,1.52,896
51.3,20.3,42.3,711.8,137.2,44.9,56.3,5.86,Wheat,4.68,707
72.0,30.3,77.1,1843.4,209.7,59.2,70.7,3.51,Rice,4.26,546
52.6,19.5,58.0,654.6,138.6,60.7,39.3,0.79,Wheat,5.04,545
57.1,16.9,64.0,660.6,181.6,33.9,39.1,4.48,Wheat,3.88,416
36.3,30.2,48.8,611.0,84.7,25.4,45.2,1.78,Cotton,2.21,641
71.8,28.3,84.0,958.2,50.0,71.8,43.3,6.63,Soybean,1.94,204
55.2,24.3,67.4,1106.2,153.2,41.3,61.0,3.02,Maize,5.4,400
80.1,31.2,77.6,1455.2,165.9,44.4,96.1,2.88,Rice,5.69,526
56.3,25.4,73.4,850.6,32.6,64.7,70.1,2.78,Soybean,2.51,704
39.2,35.7,64.4,196.1,66.0,34.6,37.1,0.5,Bajra,1.62,691
52.4,15.5,58.8,635.4,139.7,60.0,68.3,2.87,Wheat,4.21,612
42.0,26.6,52.8,455.7,52.0,31.5,42.9,4.21,Bajra,1.58,508
73.5,20.6,63.5,854.5,137.6,45.6,46.5,3.11,Wheat,3.15,362
24.1,30.1,53.9,152.8,66.0,30.5,44.1,1.9,Bajra,1.72,733
61.9,23.9,59.1,1002.7,78.4,44.1,78.8,1.99,Cotton,1.73,558
53.5,19.6,51.9,633.9,20.0,39.8,29.6,2.51,Chickpea,1.44,544
56.2,19.6,50.0,383.5,183.1,60.4,31.0,2.91,Wheat,4.24,608
71.0,23.6,83.3,1929.7,135.0,38.9,58.9,6.33,Rice,5.06,492
52.8,17.2,58.8,462.6,126.6,56.3,37.3,3.11,Wheat,4.14,756
50.7,25.8,52.6,1067.5,94.2,49.4,79.5,2.9,Cotton,2.37,583
36.8,32.0,58.8,655.6,51.5,36.4,33.0,2.06,Bajra,1.96,614
37.7,28.7,46.6,644.6,34.4,67.9,64.9,4.56,Groundnut,2.36,868
75.3,29.0,83.8,1127.8,173.9,65.6,79.0,4.97,Rice,5.0,387
39.7,20.9,54.0,274.5,27.1,60.3,45.4,2.35,Chickpea,1.52,698
70.5,26.1,79.6,1756.4,131.7,53.2,90.3,4.41,Rice,5.83,48
88.3,26.1,69.5,881.7,119.9,62.2,86.7,1.78,Rice,4.74,205
53.3,30.8,64.1,519.4,57.3,53.1,48.9,1.83,Soybean,2.01,259
87.7,28.6,91.5,2408.7,107.9,66.4,95.8,2.12,Rice,3.22,0
37.5,33.7,65.8,607.1,61.0,29.2,42.6,4.4,Jowar,1.89,528
75.8,29.9,84.6,1131.5,143.3,26.8,101.6,2.88,Rice,5.11,376
84.5,30.8,76.2,1944.1,146.3,59.3,110.2,4.01,Rice,3.81,158
62.6,26.6,89.0,1125.6,123.5,44.6,44.8,0.5,Maize,4.97,365
53.4,27.1,59.1,1149.9,75.9,43.3,73.1,3.84,Cotton,2.71,582
77.5,30.8,68.9,1977.2,167.9,86.6,180.9,1.97,Sugarcane,11.74,326
44.3,28.7,54.7,633.5,55.9,36.9,60.5,3.46,Jowar,2.07,385
34.6,26.7,47.4,498.5,76.8,43.3,47.1,3.35,Jowar,1.94,905
51.2,22.8,62.4,809.0,137.4,43.8,32.5,3.62,Wheat,3.87,744
43.5,23.8,65.1,510.7,37.6,51.1,35.9,2.8,Chickpea,1.44,459
32.9,28.4,41.4,692.5,64.6,24.5,34.6,4.51,Jowar,1.93,1002
83.2,39.2,85.8,1676.3,191.4,56.1,78.1,6.19,Rice,4.42,268
29.3,24.8,54.0,542.5,132.3,38.6,93.4,2.4,Cotton,2.1,507
54.3,24.0,54.2,519.1,140.9,47.1,55.8,4.96,Wheat,3.89,567
32.0,31.5,55.9,354.0,61.7,20.8,39.8,3.97,Jowar,1.97,350
34.1,27.5,41.6,493.1,84.4,19.0,39.2,1.13,Jowar,2.42,667
46.6,30.0,53.4,1012.2,68.1,33.5,35.1,4.09,Jowar,1.71,328
77.0,27.6,86.8,1041.2,122.7,33.3,61.9,1.87,Rice,5.06,496
54.0,23.8,65.6,649.3,118.8,53.9,39.8,4.29,Wheat,4.08,576
44.2,18.7,55.2,559.0,31.2,38.7,38.9,3.19,Chickpea,1.83,403
54.9,23.2,60.3,774.1,97.0,48.9,61.5,1.96,Maize,5.65,641
36.8,27.0,43.1,1019.2,123.3,38.0,71.5,7.41,Cotton,2.83,386
53.8,32.8,58.2,809.1,133.1,44.2,36.7,3.61,Maize,4.32,588
53.4,22.5,61.1,790.7,159.8,51.4,54.2,4.88,Maize,5.8,618
50.0,13.8,46.2,387.6,137.0,40.4,45.9,4.7,Wheat,3.59,713
71.7,24.5,51.6,1066.5,158.1,52.6,55.7,3.67,Maize,5.23,408
52.1,27.9,51.6,607.5,37.4,90.5,49.3,2.9,Soybean,1.99,622
75.5,24.6,74.8,362.2,191.1,63.4,76.6,3.81,Rice,3.85,463
80.0,24.6,57.1,1211.4,127.0,64.0,41.7,1.49,Wheat,2.3,530
62.6,27.0,60.9,307.7,125.9,50.1,54.2,5.31,Wheat,2.89,836
64.2,20.7,57.1,859.6,144.1,43.6,54.4,2.79,Wheat,3.93,828
77.8,26.7,75.9,2268.8,141.4,60.8,107.7,3.05,Rice,4.86,507
54.7,24.1,69.1,390.6,160.7,65.0,56.0,3.25,Wheat,4.22,434
62.4,20.2,63.7,665.7,89.5,64.0,54.2,4.3,Wheat,4.49,423
51.6,18.9,50.8,392.5,135.9,60.9,46.4,3.14,Wheat,3.71,673
64.5,25.4,71.6,981.6,36.7,51.6,91.2,1.68,Groundnut,1.82,505
80.5,27.0,78.6,1291.9,119.7,45.1,90.8,4.49,Rice,5.2,29
34.4,30.3,50.2,432.2,44.2,27.1,44.0,5.74,Bajra,2.01,574
55.3,15.6,65.4,564.7,39.0,42.6,49.0,2.92,Wheat,3.99,816
38.4,30.2,51.7,449.7,59.5,25.9,33.0,4.06,Bajra,2.13,464
55.8,24.8,67.0,915.8,136.3,37.5,40.1,2.0,Wheat,3.9,367
59.1,21.8,69.9,642.5,64.7,43.0,58.5,4.07,Soybean,2.15,384
59.2,31.7,50.8,634.4,90.5,33.1,74.9,6.06,Cotton,2.71,717
54.1,25.8,61.0,760.2,105.0,37.6,53.5,3.45,Maize,5.57,538
69.2,27.8,67.6,818.9,130.5,36.7,60.6,4.72,Maize,5.71,439
80.6,33.3,73.2,1251.1,140.8,70.3,82.7,1.85,Rice,4.97,157
55.5,30.9,70.1,910.3,38.2,53.1,58.3,3.23,Groundnut,1.73,552
69.5,22.2,83.3,895.1,170.3,49.0,77.7,5.37,Rice,4.33,361
54.8,14.7,51.6,741.8,152.5,63.7,43.0,4.26,Wheat,3.98,519
40.6,13.0,58.8,466.7,20.5,47.9,33.4,3.7,Chickpea,1.53,606
57.4,23.6,61.2,817.3,144.9,51.9,36.1,2.36,Wheat,3.68,661
70.4,27.1,71.0,1619.5,147.3,47.6,116.2,3.58,Rice,7.04,135
50.8,25.6,71.9,911.4,34.5,76.0,41.7,1.8,Soybean,1.82,203
53.1,23.7,61.5,730.0,38.8,47.5,48.4,2.66,Groundnut,2.11,389
55.3,28.5,46.5,534.1,133.3,47.9,52.0,2.49,Maize,5.15,548
40.4,35.8,55.2,452.4,54.0,35.3,49.0,4.71,Bajra,1.93,158
48.7,34.5,66.5,693.8,77.9,29.1,50.0,1.91,Bajra,1.73,420
70.1,23.4,66.2,600.8,48.8,79.1,70.0,4.02,Soybean,1.81,700
56.7,21.9,38.3,328.3,167.9,41.3,51.0,3.51,Maize,3.92,707
73.6,26.9,57.7,674.0,182.8,50.5,68.2,5.03,Maize,5.63,742
64.8,24.6,66.0,527.3,61.6,63.5,44.1,4.89,Soybean,1.9,92
42.7,26.8,65.5,670.1,31.8,64.0,67.1,2.21,Groundnut,2.27,506
55.9,19.2,60.5,355.0,137.3,64.4,52.3,1.67,Wheat,3.89,818
55.5,30.3,51.9,1012.0,99.5,49.0,48.5,3.54,Cotton,2.85,830
60.3,29.7,53.1,948.3,159.2,47.3,42.9,2.86,Maize,5.25,508
52.0,21.7,48.2,604.8,31.7,47.5,35.9,8.87,Chickpea,1.53,535
77.2,28.2,78.4,1696.5,177.8,63.8,74.0,3.33,Rice,5.72,364
54.7,21.3,61.6,327.2,24.0,30.1,35.2,3.59,Chickpea,1.57,408
64.1,19.3,59.8,984.3,128.7,40.2,39.7,3.04,Wheat,3.57,472
43.0,17.4,41.0,339.9,28.6,51.4,31.8,2.84,Chickpea,1.61,481
49.1,34.8,40.5,1298.6,141.3,45.7,87.5,1.72,Cotton,2.09,650
67.3,31.8,84.4,1488.0,151.0,41.7,66.5,2.55,Rice,5.2,288
57.9,16.2,64.2,850.7,146.7,57.6,45.0,3.55,Wheat,4.36,764
82.2,24.4,77.2,1095.3,139.6,54.8,53.9,4.14,Maize,4.92,436
82.5,26.8,84.2,1644.0,250.0,101.7,143.3,4.21,Sugarcane,10.96,171
55.5,31.0,66.3,601.7,54.0,58.2,45.9,4.61,Soybean,1.71,512
39.2,30.8,44.8,834.9,64.9,32.6,42.9,4.85,Bajra,1.62,460
77.6,26.2,83.3,1468.4,198.1,46.8,112.7,2.35,Rice,5.72,302
51.1,21.7,69.5,882.1,145.2,28.5,59.4,2.41,Maize,5.14,432
87.1,29.3,81.6,1340.2,159.9,61.7,104.0,2.01,Rice,5.32,387
76.7,29.0,90.7,993.0,132.3,67.6,80.0,3.01,Rice,5.35,444
62.3,21.4,63.7,759.3,124.9,49.4,33.7,0.99,Maize,4.79,216
55.0,16.0,75.3,567.4,130.8,50.8,41.6,3.95,Wheat,3.95,511
62.0,21.6,56.8,967.9,149.7,51.2,40.1,0.5,Maize,4.77,668
38.7,32.6,49.2,600.8,118.0,47.5,75.8,2.07,Cotton,2.64,470
43.8,19.2,55.6,298.7,31.7,52.9,39.0,3.35,Chickpea,2.23,941
48.3,32.7,41.2,766.6,135.6,32.3,49.6,1.5,Cotton,3.1,582
51.0,27.1,51.7,1082.5,97.5,34.1,94.1,1.25,Cotton,2.8,961
50.9,30.6,68.8,342.2,36.2,46.7,44.3,3.08,Groundnut,2.24,662
83.4,27.1,75.1,1331.3,179.9,51.1,98.2,1.62,Rice,4.76,518
45.2,16.5,45.5,564.7,34.7,46.5,46.5,1.36,Chickpea,1.94,729
92.0,29.1,84.0,1371.1,113.6,38.0,72.8,3.4,Rice,5.35,459
51.0,33.4,61.0,580.9,32.2,75.2,50.4,3.02,Groundnut,1.82,409
75.5,29.9,75.1,1767.9,174.7,76.5,96.7,4.07,Rice,6.13,193
47.1,33.5,55.1,584.3,95.5,42.1,44.0,5.04,Cotton,3.28,310
84.4,28.6,73.8,1480.0,188.1,78.0,89.7,3.58,Rice,6.13,444
65.8,25.9,85.8,1312.5,169.9,61.9,93.3,2.3,Rice,4.72,187
36.1,30.2,61.3,783.7,43.8,55.1,54.4,3.39,Groundnut,1.96,659
47.3,19.6,66.8,310.0,142.7,45.1,65.5,3.45,Wheat,3.84,652
41.2,27.3,62.3,1191.2,62.7,48.9,64.9,2.44,Cotton,2.27,274
32.8,19.8,33.8,331.9,24.9,61.6,26.3,5.77,Chickpea,1.8,893
46.0,19.8,56.7,370.9,158.1,50.0,26.5,2.9,Wheat,3.47,669
72.6,26.0,87.6,1878.1,89.3,55.6,111.6,3.08,Rice,5.38,262
76.1,29.0,76.5,1553.3,182.6,57.2,96.2,5.43,Rice,6.35,404
52.8,18.3,58.9,771.3,125.1,48.5,41.0,2.4,Wheat,4.76,558
63.2,26.0,75.1,1510.4,177.5,53.3,107.8,2.57,Rice,5.74,349
65.8,27.5,59.0,508.7,162.3,35.1,46.9,0.92,Maize,4.84,758
78.5,13.6,63.1,823.7,147.7,45.4,38.2,3.21,Maize,3.26,368
63.7,27.3,78.2,1646.2,136.1,53.3,79.8,0.5,Rice,6.36,124
47.7,31.1,62.4,680.4,51.2,54.7,44.4,1.92,Soybean,1.94,429
47.4,32.6,52.9,410.1,128.5,40.7,88.4,2.63,Cotton,2.26,813
52.1,18.8,60.0,694.2,91.3,51.4,45.0,3.26,Wheat,4.47,514
55.0,22.5,59.2,539.4,166.0,15.6,57.8,4.86,Wheat,4.42,887
46.0,26.2,38.8,291.2,55.3,43.7,37.0,2.97,Jowar,1.53,280
63.0,27.1,73.3,1212.3,174.1,30.5,58.5,3.21,Maize,4.39,285
64.8,30.8,72.6,2029.1,179.3,62.7,74.9,2.62,Rice,5.06,238
74.3,30.9,83.1,1798.1,178.4,44.7,112.8,3.42,Rice,6.1,306
61.4,29.4,72.1,1115.5,38.3,49.0,50.4,2.2,Soybean,2.26,624
74.0,30.9,71.1,1086.1,141.0,50.7,114.0,2.45,Rice,4.78,399
57.5,26.5,72.9,653.7,47.6,38.8,70.3,2.52,Soybean,2.22,310
59.5,15.3,66.3,756.6,128.9,46.1,42.7,3.43,Wheat,4.69,637
72.1,28.4,72.1,1136.3,151.3,48.2,75.8,2.75,Rice,5.86,655
43.7,30.9,56.6,652.5,62.8,31.4,37.5,2.61,Jowar,2.06,198
73.1,29.2,60.8,1305.0,134.3,42.6,70.9,8.11,Rice,5.4,570
42.6,14.9,42.5,170.4,30.2,49.7,35.4,3.28,Chickpea,1.51,794
67.1,32.2,81.4,1276.9,168.6,61.8,104.1,5.22,Rice,5.68,201
53.0,17.6,58.7,398.9,123.2,42.8,45.1,3.35,Wheat,4.48,536
33.7,30.1,41.9,266.0,52.1,20.2,51.8,4.75,Jowar,2.26,787
81.0,29.4,82.7,2193.9,200.9,56.8,129.1,2.16,Rice,5.2,234
38.4,23.6,70.0,357.2,82.2,40.2,50.0,5.41,Jowar,1.75,490
43.7,36.9,52.2,671.0,78.9,34.5,45.8,2.33,Jowar,1.59,444
44.5,29.4,62.8,557.3,29.5,41.0,71.9,1.14,Groundnut,2.04,603
48.0,18.8,71.9,679.9,110.0,50.4,54.8,5.03,Wheat,4.57,369
75.6,22.4,75.4,1967.6,153.1,50.8,73.5,3.32,Rice,4.42,309
53.3,31.6,59.3,721.6,31.0,42.5,76.1,3.92,Groundnut,2.16,474
73.2,22.5,87.1,2323.9,183.2,51.7,88.3,4.04,Rice,4.28,227
55.6,33.0,71.9,994.1,37.7,55.2,51.1,4.43,Soybean,2.14,549
48.5,32.3,50.5,990.5,139.7,56.3,57.5,4.89,Cotton,2.78,636
43.7,33.2,37.0,555.6,114.8,48.6,56.3,5.06,Cotton,3.17,845
57.9,24.2,65.5,1052.0,106.8,44.1,81.2,3.82,Cotton,2.25,260
50.0,26.1,61.8,518.6,36.2,53.3,68.9,3.04,Groundnut,1.86,644
38.1,27.7,49.2,533.3,61.7,36.6,32.6,2.89,Bajra,1.86,709
45.5,20.1,56.2,457.8,133.2,50.1,34.4,4.65,Wheat,3.95,524
40.5,33.9,56.9,814.0,96.3,34.7,61.9,3.7,Cotton,2.62,547
42.8,15.4,72.8,296.2,24.5,35.1,23.0,1.73,Chickpea,1.74,79
74.0,30.8,65.7,2500.0,219.4,109.7,172.5,1.09,Sugarcane,7.62,314
45.9,25.4,62.1,1348.5,79.0,37.8,70.6,2.01,Cotton,1.97,400
58.3,26.8,66.6,531.9,46.3,43.5,72.1,2.54,Groundnut,2.03,180
49.7,13.1,64.2,382.2,33.3,41.1,41.9,4.23,Chickpea,1.44,649
60.0,16.6,57.5,498.1,131.4,37.3,50.3,1.81,Wheat,4.84,508
72.5,28.3,68.2,1359.3,191.0,66.5,198.8,0.5,Sugarcane,9.16,458
62.4,28.2,62.7,705.4,138.9,45.6,65.1,5.5,Maize,4.71,504
49.3,21.2,37.1,820.2,125.5,51.4,27.3,2.0,Wheat,3.63,790
76.7,24.2,72.9,992.5,194.1,49.4,115.5,3.03,Rice,4.46,438
42.3,29.2,57.5,187.4,58.8,32.3,46.0,2.88,Jowar,1.93,600
55.4,19.4,69.6,964.4,120.8,47.8,44.8,5.09,Wheat,4.61,530
62.6,18.3,79.3,853.0,134.3,47.2,51.4,2.77,Maize,3.96,523
47.0,21.5,54.2,809.2,34.1,57.9,57.0,1.26,Soybean,1.64,241
73.7,27.4,77.8,1829.8,250.0,86.8,174.8,3.64,Sugarcane,10.99,298
67.0,12.4,51.3,659.9,170.4,49.3,45.7,5.4,Wheat,3.71,541
35.8,30.8,56.7,671.1,62.8,43.6,43.8,4.15,Jowar,2.38,419
36.4,27.2,58.5,277.2,58.8,27.6,51.2,5.06,Jowar,2.1,829
84.7,29.1,76.7,1902.5,128.3,49.0,71.3,1.15,Rice,5.54,442
65.4,32.1,69.8,909.3,140.9,32.0,65.5,5.75,Maize,3.99,298
77.2,25.4,78.6,1734.9,231.0,44.7,93.8,1.05,Rice,5.56,125
60.3,23.7,64.0,733.2,154.1,46.1,41.5,2.14,Wheat,3.76,654
34.1,17.4,46.5,225.7,27.4,47.7,28.6,1.65,Chickpea,1.48,619
49.1,29.1,85.9,341.5,111.7,37.2,72.4,1.74,Cotton,2.39,356
72.6,31.3,69.8,1102.2,229.8,91.1,224.0,2.21,Sugarcane,9.5,129
40.7,32.2,53.2,569.4,38.3,37.1,38.4,5.67,Jowar,2.31,609
48.0,26.5,53.5,917.8,45.0,53.1,52.4,4.27,Groundnut,2.13,761
45.1,29.7,61.1,717.8,39.5,55.9,64.3,2.35,Groundnut,2.21,480
52.2,25.7,72.0,518.2,115.0,54.2,57.8,2.99,Wheat,3.54,473
52.8,16.2,69.6,928.3,123.3,46.2,46.1,8.01,Wheat,4.04,729
90.3,25.1,74.8,2220.2,228.5,65.6,65.4,5.97,Rice,3.84,408
24.0,35.0,39.7,623.8,80.4,24.3,35.3,4.94,Bajra,1.59,939
44.0,34.8,53.2,526.3,57.9,31.6,44.2,2.15,Bajra,1.69,733
68.5,30.9,55.6,544.3,104.7,59.8,54.4,4.82,Maize,4.73,801
48.9,31.8,69.7,885.1,46.7,71.8,55.5,1.16,Soybean,1.87,204
66.1,19.5,57.3,813.4,102.2,44.7,36.1,0.74,Wheat,4.09,441
62.1,27.5,67.9,1091.7,135.9,58.5,41.0,0.5,Wheat,2.39,194
54.9,29.6,63.2,718.6,37.8,41.3,53.3,4.65,Soybean,2.08,879
53.6,28.5,61.3,290.3,148.9,38.0,52.0,6.59,Wheat,3.16,631
55.5,29.9,62.9,840.2,102.7,50.0,49.1,6.7,Maize,5.54,502
52.6,22.8,55.8,251.0,97.4,32.3,43.7,2.22,Wheat,4.25,532
43.9,29.2,55.5,797.1,94.7,51.6,61.1,7.3,Cotton,3.01,427
44.8,16.2,59.9,826.0,31.8,49.8,37.4,5.43,Chickpea,1.53,112
36.6,29.3,52.7,150.2,77.6,25.1,49.6,2.09,Jowar,1.86,1023
80.4,25.2,85.1,1772.0,159.3,62.7,75.7,4.53,Rice,5.21,241
40.7,23.1,67.0,341.3,27.1,61.2,29.3,3.75,Chickpea,1.77,562
40.5,27.5,57.1,1037.3,32.6,45.8,57.0,3.36,Groundnut,1.83,323
74.4,25.8,73.8,555.7,146.1,54.6,51.1,2.9,Rice,4.21,463
39.2,26.5,62.2,137.8,27.0,41.9,49.0,3.62,Chickpea,1.07,673
59.4,15.4,52.1,975.8,97.6,62.5,46.8,1.15,Wheat,3.38,575
50.6,15.2,66.3,725.5,137.7,56.5,49.8,5.17,Wheat,3.42,605
38.8,33.9,51.2,244.5,61.9,33.8,53.0,4.73,Jowar,2.06,552
75.0,27.1,84.8,2152.1,127.8,31.7,57.5,0.79,Rice,4.51,271
26.0,23.4,39.9,260.5,58.1,39.2,42.9,3.74,Jowar,1.5,893
77.5,23.9,76.5,863.0,175.2,78.5,86.7,4.38,Rice,4.21,500
77.7,26.3,86.0,1709.7,202.2,42.1,85.0,1.86,Rice,4.35,314
47.8,35.0,44.7,501.3,54.7,42.2,31.3,1.78,Jowar,1.75,682
74.7,31.8,96.7,1606.0,212.5,42.9,84.5,0.9,Rice,5.41,52
58.9,23.9,57.8,630.1,38.3,62.6,82.5,2.75,Groundnut,1.73,673
81.1,33.7,81.1,1623.3,205.8,110.0,145.7,2.9,Sugarcane,8.51,233
42.7,15.4,44.0,625.8,31.6,49.2,36.1,5.29,Chickpea,1.49,542
62.0,24.6,56.8,889.5,114.1,45.1,57.9,3.21,Wheat,3.46,681
71.0,28.6,73.1,775.0,48.5,61.0,56.7,4.05,Soybean,2.03,201
43.4,17.6,59.2,244.8,111.9,83.4,47.6,3.25,Wheat,3.71,538
85.2,35.1,86.5,1296.6,242.3,39.9,86.3,0.77,Rice,4.12,413
48.5,28.4,39.5,335.1,27.5,37.6,40.5,2.56,Chickpea,1.0,896
46.1,15.9,56.0,209.6,33.9,45.2,40.1,1.54,Chickpea,1.75,594
33.2,22.4,59.7,317.6,27.7,55.9,26.9,5.07,Chickpea,1.3,622
67.5,26.8,63.5,951.5,40.2,47.8,59.8,4.36,Soybean,2.63,586
45.4,22.1,78.1,611.5,47.3,60.6,50.9,4.06,Groundnut,1.82,421
58.0,26.9,63.7,594.7,138.6,33.7,58.5,4.44,Maize,4.9,427
47.6,26.1,72.4,1000.4,127.7,37.5,61.4,3.32,Maize,5.15,494
50.0,16.2,49.5,448.1,132.4,42.1,49.2,3.17,Wheat,3.79,696
92.0,28.3,77.6,1556.5,164.2,61.0,102.0,3.23,Rice,7.15,340
74.9,29.3,75.2,1847.9,163.0,66.8,68.3,1.92,Rice,6.14,481
69.1,22.5,64.4,809.5,65.1,52.1,46.7,2.53,Soybean,2.01,561
65.3,23.9,66.5,562.8,153.3,49.8,43.8,3.51,Wheat,3.91,457
49.2,25.3,36.7,538.1,127.7,30.6,64.4,4.67,Cotton,2.35,771
64.2,27.1,76.7,1252.0,43.3,63.8,57.9,2.62,Soybean,2.09,666
61.9,26.6,58.3,476.7,130.0,32.3,60.8,2.56,Maize,5.03,491
31.0,19.8,67.2,368.5,20.0,39.5,51.7,4.14,Chickpea,1.81,507
42.1,28.0,45.4,533.9,58.7,34.6,38.7,1.15,Jowar,2.57,565
55.0,16.9,53.6,326.1,169.4,48.2,37.4,1.13,Wheat,5.03,710
43.9,21.3,61.8,540.9,138.8,48.9,45.1,5.79,Wheat,4.42,372
42.2,20.5,39.8,78.4,33.8,62.9,35.0,2.13,Chickpea,1.59,841
41.9,21.7,34.6,729.6,73.0,33.2,37.6,4.53,Jowar,1.82,857
49.6,22.3,57.2,155.9,157.1,31.6,37.7,1.35,Wheat,3.5,530
72.0,29.4,85.3,1690.2,188.1,39.4,75.2,6.05,Rice,6.1,129
40.4,37.1,46.0,306.1,56.7,19.8,29.2,5.68,Bajra,1.62,480
54.2,19.9,67.5,507.3,28.7,37.6,42.2,5.74,Chickpea,1.82,534
71.0,22.8,73.1,1049.8,42.8,47.0,65.7,6.77,Soybean,1.73,242
87.8,29.9,84.3,1835.7,97.8,81.9,155.8,1.97,Sugarcane,10.75,155
33.0,26.9,59.1,461.8,70.0,28.9,39.7,4.68,Jowar,2.51,533
54.1,27.7,59.9,507.3,46.4,26.4,26.7,3.03,Jowar,2.11,480
73.3,27.0,74.7,1712.1,133.9,45.9,105.1,4.25,Rice,6.08,455
45.5,29.0,59.7,610.0,57.7,29.6,41.3,0.5,Bajra,1.88,823
57.4,25.3,71.1,667.5,35.2,57.8,75.2,2.11,Groundnut,1.99,149
60.9,21.4,59.4,1105.2,186.4,32.2,43.7,2.94,Wheat,3.26,389
55.5,20.1,84.0,553.4,98.6,48.6,54.8,2.19,Wheat,5.23,433
45.4,25.9,58.4,695.4,52.8,35.4,42.8,3.23,Jowar,1.83,412
42.0,31.5,49.5,502.7,74.9,27.6,42.6,5.44,Jowar,2.16,581
69.0,22.8,64.8,1110.9,91.2,46.0,50.0,6.94,Maize,4.38,504
47.0,30.6,56.6,259.9,125.9,19.7,71.1,4.17,Cotton,2.27,857
58.3,32.2,58.3,507.1,102.3,40.6,61.5,4.49,Cotton,2.04,781
84.8,33.8,89.1,1975.6,89.7,36.7,106.0,1.32,Rice,4.53,168
55.3,18.9,58.8,898.9,137.6,55.0,58.8,5.43,Wheat,3.98,566
49.6,28.1,51.0,581.1,66.2,32.4,51.7,2.77,Jowar,1.91,588
83.0,27.9,87.0,1770.4,136.9,35.9,125.9,2.25,Rice,6.19,216
56.9,21.8,57.5,363.2,112.0,49.6,61.8,2.76,Maize,3.41,441
43.5,21.7,59.3,575.3,142.5,36.6,57.3,5.3,Maize,4.08,309
74.3,25.9,77.0,1744.4,203.9,50.5,101.9,1.13,Rice,5.98,250
55.6,23.7,75.7,1572.0,131.9,58.4,105.0,6.03,Rice,4.98,487
77.4,29.7,68.7,2211.3,108.8,108.1,181.5,2.7,Sugarcane,9.29,430
83.7,30.5,73.0,1595.0,151.7,39.8,87.3,3.61,Rice,5.02,62
81.1,26.6,80.7,950.5,166.4,46.0,104.2,2.36,Rice,5.05,342
80.0,31.1,87.3,1188.0,165.1,54.8,79.7,0.5,Rice,5.63,202
57.9,30.0,50.8,622.9,43.6,53.8,59.4,2.62,Groundnut,2.47,686
53.8,21.0,53.9,687.9,117.7,34.1,105.8,2.12,Cotton,2.2,440
34.6,23.0,54.3,459.6,44.3,28.4,52.8,4.16,Bajra,1.49,776
71.8,27.8,74.5,1759.0,196.0,52.1,77.1,5.19,Rice,5.41,291
43.8,23.4,54.9,651.8,32.9,58.1,69.0,4.77,Soybean,1.94,696
70.6,29.0,63.9,1181.8,133.0,32.6,66.8,3.42,Maize,4.37,606
34.6,35.6,51.7,230.7,75.0,25.8,23.0,3.33,Jowar,1.67,379
61.9,23.5,59.1,240.7,155.5,35.1,55.3,5.52,Maize,4.95,592
83.2,28.3,73.2,1571.6,170.1,60.5,83.0,3.39,Rice,5.89,587
67.0,32.1,77.2,1491.7,147.7,44.9,92.7,1.36,Rice,4.92,337
56.4,27.0,74.9,1159.7,53.5,65.5,61.9,1.82,Soybean,2.18,551
76.8,25.6,89.5,1156.6,214.6,74.8,72.0,3.82,Rice,4.9,354
58.2,26.1,60.7,231.6,32.3,53.3,55.7,2.13,Groundnut,1.61,538
56.0,22.0,62.3,676.6,156.1,46.6,64.7,3.78,Wheat,4.73,591
62.2,25.9,75.7,898.0,36.6,66.2,71.1,2.56,Soybean,2.35,578
56.5,25.8,76.5,1059.1,41.8,67.9,72.4,3.85,Groundnut,1.72,589
82.0,28.6,88.0,2500.0,206.0,115.6,127.1,2.11,Sugarcane,8.69,402
59.4,28.1,66.9,117.4,170.5,51.0,54.0,5.02,Maize,4.21,411
52.7,16.9,57.2,310.6,24.8,53.5,31.6,5.41,Chickpea,1.68,760
77.0,30.0,73.3,1245.6,175.4,61.8,87.5,4.34,Rice,5.78,178
51.1,26.4,58.8,555.0,146.8,52.3,53.2,3.87,Maize,5.26,570
73.9,23.6,85.2,1120.1,203.9,66.8,100.1,2.82,Rice,5.49,289
53.4,35.0,53.4,1132.8,101.2,38.0,59.1,6.61,Cotton,2.06,656
89.9,31.7,80.9,1794.7,145.0,57.2,68.3,5.58,Rice,4.87,326
53.8,28.1,62.3,616.8,82.0,40.7,73.6,2.71,Cotton,2.85,748
92.0,26.0,83.8,1450.9,137.7,70.9,74.3,0.5,Rice,4.81,200
60.0,23.0,51.2,505.9,164.8,43.7,52.2,6.63,Wheat,4.72,783
82.6,31.1,75.2,2500.0,247.0,101.1,160.1,1.2,Sugarcane,8.27,304
44.3,23.6,59.0,357.5,20.0,50.3,32.0,4.56,Chickpea,1.5,613
52.3,21.8,49.8,677.8,142.0,63.7,55.8,6.62,Wheat,4.61,456
51.6,27.6,57.5,810.8,38.2,46.4,78.9,0.71,Groundnut,2.22,656
84.1,28.2,85.4,1378.3,120.9,57.6,87.2,3.25,Rice,6.17,341
65.2,16.0,68.6,787.9,131.6,52.6,52.0,4.98,Wheat,4.0,606
53.4,18.8,53.9,445.3,85.2,48.0,39.5,5.23,Wheat,4.96,634
53.0,24.4,43.6,275.3,58.0,29.0,46.8,0.55,Jowar,1.55,690
71.9,18.5,64.7,518.9,147.4,54.4,54.0,4.31,Wheat,3.93,609
63.7,27.0,62.5,899.6,57.0,64.6,56.3,4.45,Soybean,2.08,589
59.6,25.8,60.5,1266.1,129.2,40.1,62.1,3.04,Maize,5.99,593
48.1,24.1,73.2,819.2,40.7,50.6,76.8,0.5,Groundnut,1.86,737
67.4,30.2,77.3,1632.9,182.2,53.7,123.2,3.38,Rice,4.5,222
57.6,18.4,57.2,483.0,126.6,56.3,43.3,7.92,Wheat,4.81,921
57.3,19.0,77.6,973.4,114.7,48.5,42.6,3.62,Wheat,3.67,0
36.5,27.6,21.9,230.2,70.5,44.7,33.7,1.21,Bajra,1.91,1000
51.5,24.6,65.6,923.0,36.5,65.2,74.4,2.07,Groundnut,1.63,364
64.1,23.3,77.3,951.6,120.7,64.1,54.5,5.04,Maize,4.96,707
30.3,36.2,56.3,763.3,70.2,18.9,56.0,3.57,Jowar,1.5,446
66.5,27.0,50.2,944.0,147.8,65.9,57.2,3.64,Maize,5.95,771
52.0,32.2,67.7,907.9,114.6,50.7,60.2,4.56,Cotton,2.61,323
81.9,25.8,80.1,1584.3,122.4,55.3,126.3,3.86,Rice,5.98,130
36.6,27.4,57.0,261.9,65.9,40.3,34.5,3.19,Bajra,1.99,763
39.6,31.4,27.1,104.7,66.0,50.8,56.0,2.73,Jowar,2.03,971
49.1,18.8,59.6,547.4,118.6,49.9,39.2,3.75,Wheat,4.81,476
35.6,22.7,57.2,509.9,30.1,32.9,39.3,5.55,Chickpea,1.79,979
49.7,25.2,66.4,517.8,41.2,80.3,46.0,1.06,Soybean,1.48,486
64.3,29.8,78.7,1382.1,149.8,64.6,95.0,4.69,Rice,5.61,578
50.4,24.1,54.6,449.0,26.5,57.3,43.9,1.13,Groundnut,1.79,478
47.9,27.3,68.9,292.9,34.4,47.5,84.7,3.49,Groundnut,1.73,396
53.8,17.6,55.2,737.7,121.6,43.3,29.7,3.25,Wheat,3.74,609
60.7,34.5,69.1,155.5,194.7,45.9,87.6,2.37,Rice,3.24,404
46.6,27.5,55.0,731.4,125.0,38.8,54.0,3.91,Cotton,2.88,667
52.8,27.4,51.2,1024.2,138.1,47.1,94.7,0.91,Cotton,2.7,257
59.3,28.9,57.2,692.3,43.2,38.3,75.2,1.09,Groundnut,1.78,612
59.3,19.1,58.4,244.1,121.2,44.5,32.0,4.22,Wheat,3.92,544
73.3,28.4,89.8,2055.6,180.8,46.6,103.1,0.82,Rice,4.91,55
51.7,20.4,51.2,247.9,20.0,33.2,41.4,4.55,Chickpea,1.58,715
71.2,27.3,71.1,1058.2,146.0,46.0,40.3,1.92,Maize,4.41,396
36.5,32.1,46.7,278.0,79.5,27.3,56.2,2.94,Bajra,1.87,640
83.9,29.3,81.1,1746.5,145.7,75.0,67.5,3.19,Rice,4.74,407
61.2,24.3,56.3,559.7,135.6,66.9,39.6,1.92,Wheat,4.75,654
54.2,21.4,52.6,657.4,124.2,52.4,37.5,2.82,Wheat,5.21,683
52.9,18.8,65.5,97.6,138.4,55.2,43.4,3.19,Wheat,3.64,801
72.2,31.5,84.9,1379.1,167.8,79.1,79.6,3.17,Rice,5.62,284
28.1,31.9,44.3,186.3,62.6,29.1,45.3,3.4,Bajra,1.7,865
43.1,20.1,53.6,223.1,33.0,42.8,29.5,2.73,Chickpea,1.47,604
50.7,30.1,59.6,575.1,39.0,71.2,78.2,1.47,Groundnut,2.72,675
63.2,32.5,54.9,1037.0,90.0,44.3,66.6,2.43,Cotton,2.26,641
81.0,23.7,77.1,2274.8,140.5,63.8,60.2,5.58,Rice,4.59,169
75.6,28.5,88.1,1553.6,230.2,63.5,123.0,3.73,Rice,6.89,24
35.3,29.0,32.8,463.2,71.5,18.3,33.5,7.11,Bajra,2.02,579
42.8,34.3,58.3,390.2,48.7,31.3,51.3,3.73,Bajra,2.09,469
52.7,16.3,74.0,643.6,169.4,56.8,32.8,4.26,Wheat,4.53,546
65.2,21.6,57.2,582.0,127.4,68.3,40.3,3.71,Wheat,4.6,578
40.5,18.6,57.5,268.2,30.7,55.7,30.0,0.52,Chickpea,1.69,589
57.3,12.4,82.9,751.7,117.0,42.8,63.8,2.51,Wheat,2.83,453
56.6,20.6,65.9,317.4,152.3,41.2,31.1,2.97,Wheat,3.77,678
74.8,32.1,73.4,2041.6,164.1,104.1,154.6,3.28,Sugarcane,10.0,515
45.2,33.7,54.3,913.6,127.6,37.3,66.6,1.94,Cotton,2.18,488
67.9,22.1,79.4,933.6,43.1,61.4,39.1,2.63,Soybean,2.03,469
73.6,24.5,63.7,1223.7,153.6,51.5,60.1,0.5,Maize,4.89,576
30.7,33.5,49.1,328.5,78.4,31.1,25.4,3.48,Bajra,1.73,541
58.0,28.7,55.9,744.0,26.5,40.0,62.5,6.45,Groundnut,2.24,608
48.4,29.4,52.5,561.9,142.0,43.9,52.7,2.47,Maize,4.03,495
42.4,16.5,61.1,322.2,39.8,37.7,33.3,4.26,Chickpea,1.7,567
80.8,32.3,83.1,1956.2,139.6,50.7,100.9,2.35,Rice,3.98,314
40.1,34.2,52.9,295.6,62.5,33.0,54.7,4.13,Bajra,1.77,403
35.2,35.9,34.2,436.2,52.4,28.1,47.9,8.37,Bajra,1.73,637
62.2,31.0,55.4,1358.3,100.9,40.0,70.3,1.18,Cotton,2.13,390
63.9,23.7,79.7,693.6,44.8,41.8,60.6,4.43,Soybean,2.28,425
63.3,25.4,63.8,1060.2,30.7,52.8,73.2,1.5,Groundnut,1.81,373
62.6,13.5,64.0,696.1,82.7,52.6,44.0,3.88,Wheat,3.93,589
65.8,23.1,66.5,963.2,55.2,50.5,28.6,2.86,Soybean,2.27,346
64.6,23.6,63.0,909.1,40.9,52.3,70.5,4.03,Soybean,2.35,433
77.6,27.8,81.4,1063.2,156.9,73.8,101.9,3.18,Rice,5.52,447
42.5,26.0,58.6,367.1,111.9,55.8,42.7,0.96,Wheat,3.59,664
51.8,33.4,54.1,657.1,75.3,36.7,45.7,4.09,Jowar,2.01,636
29.8,27.8,34.3,508.8,66.1,37.3,34.5,3.54,Jowar,2.39,758
54.6,21.7,70.6,605.4,80.8,39.2,50.2,4.67,Wheat,4.86,646
27.3,33.0,48.7,182.2,52.0,32.4,39.4,3.65,Bajra,1.76,919
41.9,29.2,57.6,196.6,80.4,37.2,29.8,3.91,Bajra,1.56,586
42.6,34.7,43.7,883.5,76.4,41.2,32.3,3.61,Bajra,1.61,550
66.3,25.3,71.9,2151.8,194.6,46.6,63.6,0.5,Rice,4.54,138
50.8,30.3,58.4,720.4,36.6,63.3,73.5,1.67,Groundnut,2.35,840
61.2,26.6,62.6,968.7,41.9,66.6,63.2,2.62,Soybean,2.57,370
51.7,32.9,57.6,187.1,30.5,50.0,55.2,0.5,Groundnut,1.23,440
55.8,24.2,60.3,650.1,36.0,60.9,71.5,1.53,Groundnut,2.24,608
44.6,28.7,57.6,624.9,157.7,39.8,44.2,4.8,Maize,4.94,752
50.0,13.1,74.7,894.4,142.6,36.1,43.5,4.45,Wheat,3.31,233
60.5,31.7,56.6,516.9,33.6,38.7,52.3,4.12,Groundnut,1.54,592
63.4,22.8,74.7,1012.1,43.8,60.0,59.7,3.62,Soybean,2.21,188
41.9,30.1,44.5,520.1,45.8,16.5,48.1,4.69,Bajra,1.82,591
48.6,20.9,72.7,1000.4,185.6,32.1,58.8,1.19,Maize,4.28,677
84.1,26.9,90.1,1035.7,143.9,69.2,81.9,0.65,Rice,4.81,324
56.3,14.0,62.1,575.8,137.6,56.5,38.7,4.51,Wheat,4.24,522
59.9,15.4,64.8,429.8,138.1,54.7,45.9,2.47,Wheat,3.78,570
64.7,28.1,89.4,2308.7,152.0,54.0,91.6,4.12,Rice,4.91,230
61.1,27.0,53.2,924.0,165.1,55.9,33.1,6.63,Maize,4.57,571
67.2,18.9,71.3,1404.9,158.9,48.5,48.9,4.49,Maize,4.06,204
53.7,27.1,56.2,1269.9,123.2,28.9,65.0,2.76,Cotton,2.41,338
86.5,25.7,78.6,1793.1,192.2,64.6,68.4,2.97,Rice,5.26,602
61.6,28.3,66.6,901.5,122.9,31.5,49.4,3.53,Maize,5.18,368
49.4,12.9,59.2,392.5,25.9,55.9,49.3,7.8,Chickpea,1.65,792
63.6,18.4,60.8,562.4,119.3,55.2,34.8,6.77,Wheat,3.4,463
86.7,32.2,80.3,1562.8,201.9,120.0,192.8,2.66,Sugarcane,10.46,506
53.3,23.7,49.9,925.4,90.1,38.9,66.0,2.96,Cotton,2.44,719
80.0,22.0,94.2,1424.7,206.8,73.2,78.7,2.44,Rice,4.57,203
71.3,30.1,76.4,1800.6,223.2,47.8,116.8,0.5,Rice,5.79,616
55.3,30.8,63.3,1368.9,80.1,43.8,82.9,5.51,Cotton,2.34,308
67.3,29.1,78.3,1086.2,134.8,66.7,89.1,3.61,Rice,4.5,338
52.3,27.7,48.9,764.7,134.1,36.9,41.9,2.3,Maize,5.42,507
60.1,31.0,54.3,1071.2,91.4,29.8,80.3,2.85,Cotton,2.75,440
72.1,24.1,78.8,1212.9,112.7,48.8,78.3,3.52,Maize,4.63,299
57.7,16.5,80.4,235.9,99.3,52.4,60.0,5.61,Wheat,3.7,315
91.8,26.4,81.9,1690.9,161.3,36.1,90.3,5.31,Rice,5.33,232
57.8,23.6,78.6,834.5,124.0,53.0,48.9,4.65,Wheat,3.44,645
70.4,22.0,71.7,967.6,97.2,43.6,49.6,3.58,Maize,4.76,170
83.2,31.4,80.3,2146.9,232.5,75.3,226.1,5.54,Sugarcane,10.51,54
43.3,19.4,55.3,751.4,31.2,28.9,33.0,4.14,Chickpea,1.47,446
59.1,28.3,62.6,689.7,117.8,55.9,52.6,3.12,Maize,5.53,472
71.0,32.9,84.3,1421.6,212.3,67.3,92.4,4.35,Rice,5.49,451
47.3,32.1,54.2,891.0,83.5,47.7,79.3,5.79,Cotton,2.9,694
83.3,30.3,89.2,2192.3,154.7,52.1,82.3,2.08,Rice,5.65,270
57.0,19.1,62.0,635.0,114.3,57.1,35.6,4.91,Wheat,4.55,587
54.3,29.7,74.1,612.3,41.4,54.4,72.2,3.97,Groundnut,2.46,833
37.4,32.9,36.6,243.1,59.5,21.6,28.3,4.89,Bajra,1.7,602
38.1,33.1,49.3,637.3,98.4,38.2,84.4,0.62,Cotton,3.09,474
48.8,20.0,51.7,372.6,153.3,45.8,50.2,3.68,Wheat,4.08,661
69.4,25.3,68.1,1154.8,46.2,54.7,46.6,3.65,Soybean,1.93,473
51.8,28.6,43.3,944.1,126.1,29.2,49.3,3.1,Cotton,2.51,622
45.4,28.0,54.9,882.6,41.1,58.8,47.3,2.2,Groundnut,2.28,450
33.5,32.6,53.2,468.1,60.6,28.5,33.6,3.34,Jowar,1.73,441
75.8,27.2,89.0,867.5,141.1,69.5,110.5,3.76,Rice,6.53,281
42.9,26.0,40.4,249.3,59.0,44.2,37.8,5.74,Jowar,1.89,644
77.4,26.7,67.7,2042.1,224.3,102.2,197.6,4.7,Sugarcane,9.88,264
43.8,30.0,62.3,547.2,53.4,26.3,54.3,4.93,Jowar,2.39,398
38.0,14.9,43.5,247.5,24.7,47.1,27.7,4.65,Chickpea,1.55,940
75.9,26.3,81.9,1474.0,223.7,43.7,86.9,1.63,Rice,5.33,374
33.8,21.6,34.3,423.3,20.0,37.1,41.1,1.3,Chickpea,1.54,1023
40.9,28.9,50.1,618.3,104.7,45.4,64.2,6.22,Cotton,2.88,568
59.3,21.7,56.1,508.5,116.0,60.9,48.5,3.65,Wheat,4.9,625
29.0,31.9,51.3,341.9,59.4,30.5,64.3,6.6,Bajra,2.04,633
40.1,27.5,43.8,416.5,77.9,40.4,52.8,4.26,Jowar,2.19,717
55.4,35.6,59.6,1101.4,110.5,39.0,84.4,3.0,Cotton,2.01,475
61.2,31.6,60.4,674.5,151.5,46.3,75.3,5.3,Maize,5.22,537
56.6,21.7,55.6,272.5,140.9,42.6,36.5,0.5,Wheat,3.54,345
67.4,22.2,80.0,871.5,159.9,36.0,55.5,2.55,Maize,5.61,345
81.9,24.0,64.0,1107.0,40.4,60.1,64.8,6.78,Soybean,1.49,586
62.1,22.6,43.9,893.7,104.8,47.5,36.0,4.49,Wheat,3.61,360
78.8,28.4,75.2,1341.7,156.3,38.3,53.6,1.03,Maize,4.47,312
38.4,19.7,53.9,248.3,34.8,45.9,33.0,2.53,Chickpea,1.74,752
39.6,31.9,60.5,703.4,60.9,34.4,41.9,3.51,Jowar,2.11,753
42.7,15.7,53.0,573.2,28.6,51.9,25.9,5.55,Chickpea,1.52,619
32.4,33.4,49.6,194.2,58.6,28.5,45.7,3.7,Jowar,1.54,770
71.9,27.2,74.3,423.9,163.5,60.0,77.3,3.34,Rice,4.44,756
65.1,26.5,62.0,1435.8,136.6,45.8,52.2,4.27,Maize,4.73,653
53.1,21.4,55.1,572.1,134.6,57.8,56.4,6.04,Wheat,4.96,547
65.1,22.0,71.0,826.6,136.0,67.1,39.3,4.63,Wheat,4.37,368
56.5,27.6,60.0,431.6,46.1,54.4,58.7,3.04,Soybean,2.07,753
79.6,32.0,83.5,1479.2,134.7,56.2,40.5,5.86,Rice,4.92,328
81.9,25.9,65.3,1432.9,227.7,41.0,102.8,1.93,Rice,5.96,345
36.0,30.9,47.8,428.6,53.3,29.1,45.1,0.5,Bajra,2.05,650
49.2,13.8,60.9,760.3,153.1,53.2,47.2,2.13,Wheat,3.84,597
72.3,36.7,82.2,1348.5,145.9,56.6,89.1,0.78,Rice,4.51,286
62.4,33.2,69.3,871.2,85.4,41.2,70.0,0.5,Cotton,2.61,429
75.3,36.7,79.2,1112.9,173.5,35.8,109.9,4.28,Rice,4.14,328
45.0,19.2,59.9,338.9,33.7,58.3,30.3,1.65,Chickpea,1.91,379
86.9,33.4,83.0,1651.5,99.4,55.9,104.5,5.56,Rice,4.93,547
58.4,18.6,59.0,727.7,161.6,66.6,38.5,5.46,Wheat,4.35,755
67.9,27.5,58.4,1445.0,164.7,58.2,66.4,2.7,Maize,3.54,713
80.4,28.4,65.6,1598.6,246.9,85.5,201.6,3.43,Sugarcane,11.62,385
79.3,27.8,78.0,1280.4,204.1,73.3,168.9,2.73,Sugarcane,8.23,373
60.2,28.6,55.2,866.5,171.2,44.3,49.0,5.43,Maize,5.34,667
60.0,15.8,70.9,993.4,119.4,45.1,42.4,1.37,Wheat,3.64,567
44.2,27.1,38.2,639.3,67.5,31.8,28.5,2.49,Jowar,2.2,446
34.9,23.1,65.9,466.4,20.0,40.7,28.4,2.71,Chickpea,1.48,601
55.7,20.2,53.9,596.8,113.2,52.0,39.3,3.85,Wheat,4.85,468
63.2,25.1,66.0,962.5,52.3,58.6,62.9,1.53,Soybean,2.2,471
69.5,29.4,83.4,1156.3,185.8,64.6,74.2,2.26,Rice,5.45,228
89.5,25.0,72.2,1639.5,199.7,77.8,170.1,2.73,Sugarcane,10.64,615
55.5,34.5,50.5,783.8,102.3,31.0,91.6,2.26,Cotton,2.83,708
56.6,27.9,62.5,1373.7,133.3,42.1,47.8,2.03,Maize,4.87,453
36.9,29.1,70.7,1013.5,107.4,41.0,84.8,2.95,Cotton,2.74,654
69.1,24.2,82.6,1028.5,150.6,51.1,38.4,2.34,Maize,5.77,339
58.7,34.5,54.8,661.2,102.9,42.4,69.7,5.01,Cotton,2.32,496
74.7,25.0,77.1,2115.0,183.2,37.8,96.1,1.45,Rice,5.07,241
52.5,23.0,61.3,413.5,50.6,70.8,60.6,2.11,Soybean,1.53,533
43.8,13.3,54.9,611.9,25.4,45.8,31.9,5.57,Chickpea,1.5,620
50.0,31.6,74.0,1296.9,157.2,59.1,67.5,1.65,Cotton,2.91,509
48.7,19.9,52.0,521.2,20.0,50.5,40.3,5.41,Chickpea,1.93,627
38.4,27.4,60.8,171.3,34.9,48.2,52.5,3.67,Groundnut,1.5,612
37.8,32.4,34.5,262.7,69.5,27.6,41.9,4.46,Bajra,1.8,942
43.6,30.2,41.3,540.2,85.5,25.4,33.6,1.32,Jowar,1.97,762
80.2,29.0,67.0,445.0,173.7,36.3,106.2,4.28,Rice,4.62,687
54.2,25.5,64.9,1170.6,42.2,36.0,48.1,1.49,Soybean,1.78,485
52.8,20.4,56.0,624.2,111.2,42.5,41.0,1.18,Wheat,4.52,403
66.9,28.4,85.1,1598.3,160.4,52.0,98.6,3.55,Rice,5.3,99
57.0,21.6,74.8,625.3,94.7,59.9,47.6,6.25,Wheat,5.07,202
56.1,26.8,64.0,1235.0,179.3,22.0,55.9,3.04,Maize,4.85,639
44.7,25.1,54.7,803.1,53.6,27.0,35.8,5.57,Jowar,1.41,654
31.1,32.8,57.7,198.9,53.2,34.8,49.4,1.28,Bajra,2.04,569
65.7,27.8,70.8,1193.7,41.0,45.5,72.4,3.99,Soybean,2.24,264
56.8,30.4,48.0,77.3,95.8,38.3,58.2,0.5,Cotton,2.38,778
61.7,23.5,56.9,690.0,145.7,49.9,36.5,4.37,Wheat,4.41,568
34.0,29.6,38.0,230.5,61.5,34.2,41.8,3.14,Bajra,1.8,819
54.2,29.4,72.5,648.9,37.0,67.9,105.3,4.17,Groundnut,2.25,342
48.4,23.9,70.2,923.8,23.4,48.0,64.1,3.17,Groundnut,1.96,284
92.0,30.3,82.1,1436.4,153.0,66.5,107.0,2.13,Rice,5.88,549
69.1,15.7,50.6,468.7,151.1,73.1,45.8,4.0,Wheat,3.73,515
58.7,22.0,58.9,566.9,108.9,27.3,51.1,5.11,Cotton,1.89,584
62.7,18.2,79.3,444.0,126.6,54.8,56.2,6.0,Wheat,4.82,650
74.8,31.3,85.0,1436.0,137.1,45.7,106.6,2.5,Rice,5.23,7
62.1,28.6,72.3,1440.3,55.1,60.7,45.6,0.72,Soybean,1.94,483
59.3,21.4,60.2,561.2,160.5,61.9,45.1,0.5,Wheat,4.56,589
55.2,30.5,59.2,483.0,70.4,32.7,38.7,0.83,Jowar,1.92,574
44.5,36.9,49.5,599.3,91.5,34.8,46.5,3.28,Cotton,2.46,696
43.3,22.3,48.7,578.4,22.0,51.8,40.7,2.14,Chickpea,1.66,480
76.6,29.9,80.5,1220.5,140.6,59.3,97.4,5.93,Rice,5.99,1
36.4,29.5,65.1,348.0,37.9,64.2,42.6,4.73,Groundnut,1.51,858
63.4,28.1,65.3,817.5,36.3,48.9,47.3,3.31,Soybean,2.0,463
53.7,26.3,70.8,1038.8,182.1,38.3,45.7,4.43,Maize,5.67,573
59.2,21.4,53.1,85.9,118.8,45.4,54.9,2.85,Wheat,3.03,858
54.2,23.5,70.6,946.6,137.5,25.9,41.8,6.4,Maize,5.46,493
58.3,29.4,56.0,949.9,39.1,75.8,66.3,1.19,Soybean,2.53,632
65.0,26.6,53.0,746.3,123.8,54.5,33.5,4.21,Maize,5.72,720
75.3,28.6,80.3,2201.4,154.2,65.7,87.1,1.04,Rice,4.88,485
38.7,31.4,58.3,806.8,129.2,39.4,78.7,2.75,Cotton,3.21,638
49.3,28.1,65.5,645.4,31.9,74.0,58.1,2.01,Groundnut,1.82,721
58.5,28.6,72.0,687.5,24.8,69.4,41.3,4.5,Soybean,2.29,426
76.6,22.7,68.2,1923.8,250.0,70.6,240.8,3.37,Sugarcane,8.44,284
62.1,27.3,65.6,789.7,39.3,68.6,54.4,2.76,Soybean,2.3,521
56.1,27.0,74.9,852.9,50.8,66.5,71.0,3.75,Soybean,2.66,489
68.3,31.5,77.3,1747.4,215.9,94.4,190.7,5.51,Sugarcane,10.36,389
60.9,24.1,66.1,1099.3,49.5,45.9,72.9,1.32,Soybean,2.27,763
57.0,14.6,48.4,591.6,129.9,55.5,30.2,6.01,Wheat,4.37,792
43.6,28.2,50.8,774.2,58.2,21.6,40.6,3.6,Jowar,1.88,634
51.9,23.7,82.0,748.5,33.4,65.6,59.4,2.45,Groundnut,2.19,692
35.0,27.2,69.8,561.8,54.8,38.3,37.3,4.53,Jowar,1.75,555
83.2,33.3,78.7,1963.3,206.8,110.0,130.2,4.99,Sugarcane,10.73,330
74.1,16.7,63.9,820.0,146.8,39.1,43.6,1.74,Wheat,3.79,593
54.5,20.6,59.3,994.5,103.9,48.9,52.0,1.55,Wheat,3.62,480
45.1,28.5,60.0,532.2,37.0,63.8,87.5,4.75,Groundnut,2.04,417
71.0,31.1,74.5,1227.0,115.5,36.6,96.6,0.5,Rice,5.63,405
79.2,27.7,82.3,2033.0,175.7,47.5,59.5,4.77,Rice,5.16,199
44.7,29.6,66.1,998.3,105.1,32.5,50.4,2.75,Cotton,2.45,345
67.4,32.2,78.3,1174.2,172.6,69.3,74.8,4.31,Rice,5.46,382
54.0,21.1,45.3,620.6,181.2,65.6,49.1,4.32,Wheat,4.69,651
80.6,26.7,82.5,1348.3,142.0,32.8,62.4,3.58,Rice,6.0,224
91.4,28.7,78.1,2500.0,147.2,64.7,81.1,4.51,Rice,4.1,0
75.8,28.2,76.2,2158.4,148.3,38.5,67.3,2.44,Rice,4.86,245
68.2,28.9,79.6,1082.5,42.0,72.2,64.3,3.19,Soybean,2.28,635
58.7,27.1,70.4,1431.2,39.0,59.5,69.9,1.26,Soybean,2.01,527
71.6,27.9,76.3,1857.9,131.5,30.2,87.2,4.77,Rice,5.72,467
75.5,25.6,80.2,550.9,207.8,56.6,88.6,2.88,Rice,4.72,422
45.1,32.1,39.6,626.1,94.7,32.3,93.3,2.57,Cotton,2.87,882
89.3,27.2,82.8,1411.2,169.2,46.2,91.4,2.37,Rice,5.36,203
53.9,28.8,64.1,765.1,26.9,71.6,55.6,4.96,Soybean,2.39,453
71.7,28.7,64.2,2082.1,213.1,97.2,162.1,2.57,Sugarcane,9.23,438
44.7,28.9,54.5,523.4,32.0,67.3,78.1,0.5,Groundnut,2.23,408
41.1,30.1,43.9,589.8,64.3,25.1,41.0,2.51,Bajra,1.69,704
60.5,27.3,49.2,226.4,145.7,44.5,61.8,4.09,Maize,5.17,745
32.5,26.0,54.0,408.2,26.6,49.4,37.7,1.9,Chickpea,1.71,903
58.1,17.5,65.7,333.9,114.0,33.6,29.3,4.04,Wheat,3.75,458
55.7,15.4,58.4,520.1,124.1,65.3,36.2,5.52,Wheat,4.76,663
83.0,27.1,88.3,2234.0,204.2,42.2,72.2,2.02,Rice,5.51,98
59.5,32.6,58.1,1153.6,152.0,40.8,57.5,1.05,Maize,4.23,437
63.2,18.5,56.8,517.5,131.3,48.2,62.9,4.49,Wheat,4.67,197
56.2,22.5,66.5,529.9,123.5,43.0,48.8,2.91,Wheat,5.35,390
68.1,26.2,85.8,1313.8,185.9,66.1,93.5,1.88,Rice,4.96,474
61.8,21.1,81.4,883.9,142.1,46.7,68.6,3.06,Maize,4.52,455
32.8,27.2,24.4,386.2,60.6,32.4,32.7,4.68,Bajra,1.47,853
56.3,27.7,68.0,527.6,34.4,54.6,65.2,0.74,Soybean,1.93,901
90.4,29.9,74.6,1633.2,172.3,42.6,102.6,3.81,Rice,5.09,420
81.5,28.5,73.8,1017.6,181.1,68.1,80.2,1.49,Rice,5.68,226
35.8,36.0,55.8,573.5,121.4,29.2,69.1,3.98,Cotton,2.17,580
57.2,24.8,73.2,600.6,39.8,52.0,78.0,0.5,Groundnut,1.7,464
40.0,27.1,61.1,438.9,43.1,38.1,66.5,0.5,Groundnut,2.12,834
44.4,28.7,66.6,998.0,38.2,35.4,66.7,4.85,Groundnut,2.07,336
31.3,30.9,43.2,268.0,80.1,48.8,57.2,1.72,Jowar,1.78,799
47.6,19.8,79.6,0.0,126.1,43.6,50.5,4.03,Wheat,4.24,649
51.4,17.5,43.4,400.1,94.1,48.5,37.1,4.98,Wheat,4.15,595
41.3,31.2,42.5,454.2,71.1,32.8,31.0,3.61,Bajra,1.93,733
84.4,26.3,77.5,1777.2,171.7,60.9,86.8,4.1,Rice,5.67,0
64.3,31.0,64.6,936.2,161.5,38.2,55.4,4.74,Maize,5.46,513
71.0,26.5,62.5,979.3,119.4,45.0,57.8,1.38,Maize,4.68,171
58.1,26.5,46.3,828.6,34.6,84.2,74.0,0.85,Groundnut,2.22,592
38.1,16.9,51.4,451.4,29.9,51.0,27.2,2.15,Chickpea,1.83,922
58.7,19.1,47.5,0.0,164.0,48.9,45.3,0.57,Wheat,4.1,798
41.7,31.0,51.4,514.0,59.2,20.3,39.0,4.7,Bajra,2.07,659
57.0,12.9,54.3,562.9,142.2,69.0,38.1,5.57,Wheat,4.02,647
78.0,25.1,78.4,1270.7,167.8,60.8,112.9,4.11,Rice,5.49,683
47.0,25.4,54.8,499.2,143.4,34.0,53.8,3.03,Cotton,2.26,713
